solid OpenSCAD_Model
  facet normal 0.254251 0.656639 -0.710058
    outer loop
      vertex -3.28682 18.4323 0.79
      vertex -3.6434 17.7161 0
      vertex -3.56213 18.5389 0.79
    endloop
  endfacet
  facet normal 0.555908 -0.419822 -0.717437
    outer loop
      vertex -2.72318 -17.9642 0.79
      vertex -3.46104 -17.5912 0
      vertex -3.28387 -17.3566 0
    endloop
  endfacet
  facet normal 0.419718 0.55599 -0.717434
    outer loop
      vertex -3.4088 17.539 0
      vertex -3.6434 17.7161 0
      vertex -3.03578 18.2768 0.79
    endloop
  endfacet
  facet normal 0.192703 -0.677273 -0.710047
    outer loop
      vertex -3.70599 -18.5728 0.79
      vertex -3.71101 -17.746 0
      vertex -3.42201 -18.492 0.79
    endloop
  endfacet
  facet normal -0.630338 -0.313857 -0.710047
    outer loop
      vertex -39.3604 -17.8423 0.79
      vertex -39.492 -17.578 0.79
      vertex -38.746 -17.289 0
    endloop
  endfacet
  facet normal 1 -0 0
    outer loop
      vertex -2.39999 -17 2.6
      vertex -2.39999 17 0.79
      vertex -2.39999 17 2.6
    endloop
  endfacet
  facet normal 1 0 0
    outer loop
      vertex -2.39999 17 0.79
      vertex -2.39999 -17 2.6
      vertex -2.39999 -17 0.79
    endloop
  endfacet
  facet normal -1 0 0
    outer loop
      vertex -39.6 -17 0.79
      vertex -39.6 17 2.6
      vertex -39.6 17 0.79
    endloop
  endfacet
  facet normal -1 -0 0
    outer loop
      vertex -39.6 17 2.6
      vertex -39.6 -17 0.79
      vertex -39.6 -17 2.6
    endloop
  endfacet
  facet normal 0 1 -0
    outer loop
      vertex -4 18.6 0.79
      vertex -38 18.6 2.6
      vertex -4 18.6 2.6
    endloop
  endfacet
  facet normal 0 1 0
    outer loop
      vertex -38 18.6 2.6
      vertex -4 18.6 0.79
      vertex -38 18.6 0.79
    endloop
  endfacet
  facet normal 0.366755 -0.592234 -0.717461
    outer loop
      vertex -3.15771 -18.3604 0.79
      vertex -3.71101 -17.746 0
      vertex -3.46104 -17.5912 0
    endloop
  endfacet
  facet normal -0.555994 0.419721 -0.717429
    outer loop
      vertex -38.7161 17.3566 0
      vertex -39.2768 17.9642 0.79
      vertex -38.539 17.5912 0
    endloop
  endfacet
  facet normal -0.097572 -0.699293 -0.708145
    outer loop
      vertex -38 -18.6 0.79
      vertex -38.4379 -18.5389 0.79
      vertex -38 -17.8 0
    endloop
  endfacet
  facet normal 0.474383 0.520414 -0.710021
    outer loop
      vertex -2.81758 18.0779 0.79
      vertex -3.4088 17.539 0
      vertex -3.03578 18.2768 0.79
    endloop
  endfacet
  facet normal 0.313857 -0.630338 -0.710047
    outer loop
      vertex -3.42201 -18.492 0.79
      vertex -3.71101 -17.746 0
      vertex -3.15771 -18.3604 0.79
    endloop
  endfacet
  facet normal 0.0921205 -0.995748 0
    outer loop
      vertex -4 -18.6 0.79
      vertex -3.70599 -18.5728 2.6
      vertex -4 -18.6 2.6
    endloop
  endfacet
  facet normal 0.0921205 -0.995748 0
    outer loop
      vertex -3.70599 -18.5728 2.6
      vertex -4 -18.6 0.79
      vertex -3.70599 -18.5728 0.79
    endloop
  endfacet
  facet normal -0.520419 0.474387 -0.710015
    outer loop
      vertex -38.539 17.5912 0
      vertex -39.2768 17.9642 0.79
      vertex -39.0779 18.1824 0.79
    endloop
  endfacet
  facet normal 0.699291 -0.0975398 -0.708151
    outer loop
      vertex -2.46107 -17.4379 0.79
      vertex -3.2 -17 0
      vertex -2.39999 -17 0.79
    endloop
  endfacet
  facet normal 0.739018 -0.673685 0
    outer loop
      vertex -2.92209 -18.1824 2.6
      vertex -2.72318 -17.9642 0.79
      vertex -2.72318 -17.9642 2.6
    endloop
  endfacet
  facet normal 0.739018 -0.673685 0
    outer loop
      vertex -2.72318 -17.9642 0.79
      vertex -2.92209 -18.1824 2.6
      vertex -2.92209 -18.1824 0.79
    endloop
  endfacet
  facet normal 0.361078 0.932536 -0
    outer loop
      vertex -3.28682 18.4323 0.79
      vertex -3.56213 18.5389 2.6
      vertex -3.28682 18.4323 2.6
    endloop
  endfacet
  facet normal 0.361078 0.932536 0
    outer loop
      vertex -3.56213 18.5389 2.6
      vertex -3.28682 18.4323 0.79
      vertex -3.56213 18.5389 0.79
    endloop
  endfacet
  facet normal -0.0648698 0.701166 -0.710041
    outer loop
      vertex -38 17.8 0
      vertex -38.294 18.5728 0.79
      vertex -38 18.6 0.79
    endloop
  endfacet
  facet normal -0.684751 -0.127947 -0.717458
    outer loop
      vertex -38.746 -17.289 0
      vertex -39.5728 -17.294 0.79
      vertex -38.8 -17 0
    endloop
  endfacet
  facet normal 0 -1 0
    outer loop
      vertex -38 -18.6 0.79
      vertex -4 -18.6 2.6
      vertex -38 -18.6 2.6
    endloop
  endfacet
  facet normal 0 -1 -0
    outer loop
      vertex -4 -18.6 2.6
      vertex -38 -18.6 0.79
      vertex -4 -18.6 0.79
    endloop
  endfacet
  facet normal 0.85016 -0.526524 0
    outer loop
      vertex -2.72318 -17.9642 2.6
      vertex -2.56773 -17.7132 0.79
      vertex -2.56773 -17.7132 2.6
    endloop
  endfacet
  facet normal 0.85016 -0.526524 0
    outer loop
      vertex -2.56773 -17.7132 0.79
      vertex -2.72318 -17.9642 2.6
      vertex -2.72318 -17.9642 0.79
    endloop
  endfacet
  facet normal 0.526585 0.850122 -0
    outer loop
      vertex -3.03578 18.2768 0.79
      vertex -3.28682 18.4323 2.6
      vertex -3.03578 18.2768 2.6
    endloop
  endfacet
  facet normal 0.526585 0.850122 0
    outer loop
      vertex -3.28682 18.4323 2.6
      vertex -3.03578 18.2768 0.79
      vertex -3.28682 18.4323 0.79
    endloop
  endfacet
  facet normal 0.995729 0.0923251 0
    outer loop
      vertex -2.39999 17 2.6
      vertex -2.42725 17.294 0.79
      vertex -2.42725 17.294 2.6
    endloop
  endfacet
  facet normal 0.995729 0.0923251 0
    outer loop
      vertex -2.42725 17.294 0.79
      vertex -2.39999 17 2.6
      vertex -2.39999 17 0.79
    endloop
  endfacet
  facet normal 0.561928 0.42438 -0.710027
    outer loop
      vertex -2.63965 17.8423 0.79
      vertex -3.4088 17.539 0
      vertex -2.81758 18.0779 0.79
    endloop
  endfacet
  facet normal 0.592299 0.366681 -0.717445
    outer loop
      vertex -3.25403 17.289 0
      vertex -3.4088 17.539 0
      vertex -2.63965 17.8423 0.79
    endloop
  endfacet
  facet normal -0.370835 -0.598583 -0.710057
    outer loop
      vertex -38.7132 -18.4323 0.79
      vertex -38.9642 -18.2768 0.79
      vertex -38.3566 -17.7161 0
    endloop
  endfacet
  facet normal 0.961839 0.273616 0
    outer loop
      vertex -2.42725 17.294 2.6
      vertex -2.50804 17.578 0.79
      vertex -2.50804 17.578 2.6
    endloop
  endfacet
  facet normal 0.961839 0.273616 0
    outer loop
      vertex -2.50804 17.578 0.79
      vertex -2.42725 17.294 2.6
      vertex -2.42725 17.294 0.79
    endloop
  endfacet
  facet normal 0.701155 0.0650118 -0.710039
    outer loop
      vertex -2.39999 17 0.79
      vertex -3.2 17 0
      vertex -2.42725 17.294 0.79
    endloop
  endfacet
  facet normal 0.677289 0.19267 -0.710041
    outer loop
      vertex -2.42725 17.294 0.79
      vertex -3.25403 17.289 0
      vertex -2.50804 17.578 0.79
    endloop
  endfacet
  facet normal -0.313857 0.630338 -0.710047
    outer loop
      vertex -38.289 17.746 0
      vertex -38.8423 18.3604 0.79
      vertex -38.578 18.492 0.79
    endloop
  endfacet
  facet normal 0.932463 -0.361266 0
    outer loop
      vertex -2.56773 -17.7132 2.6
      vertex -2.46107 -17.4379 0.79
      vertex -2.46107 -17.4379 2.6
    endloop
  endfacet
  facet normal 0.932463 -0.361266 0
    outer loop
      vertex -2.46107 -17.4379 0.79
      vertex -2.56773 -17.7132 2.6
      vertex -2.56773 -17.7132 0.79
    endloop
  endfacet
  facet normal 0 -0.702646 -0.71154
    outer loop
      vertex -38 -18.6 0.79
      vertex -4 -17.8 0
      vertex -4 -18.6 0.79
    endloop
  endfacet
  facet normal -0 -0.702646 -0.71154
    outer loop
      vertex -4 -17.8 0
      vertex -38 -18.6 0.79
      vertex -38 -17.8 0
    endloop
  endfacet
  facet normal -0.995748 -0.0921236 0
    outer loop
      vertex -39.5728 -17.294 0.79
      vertex -39.6 -17 2.6
      vertex -39.6 -17 0.79
    endloop
  endfacet
  facet normal -0.995748 -0.0921236 0
    outer loop
      vertex -39.6 -17 2.6
      vertex -39.5728 -17.294 0.79
      vertex -39.5728 -17.294 2.6
    endloop
  endfacet
  facet normal -0.19269 0.677278 -0.710046
    outer loop
      vertex -38.289 17.746 0
      vertex -38.578 18.492 0.79
      vertex -38.294 18.5728 0.79
    endloop
  endfacet
  facet normal 0.1382 0.990404 -0
    outer loop
      vertex -3.56213 18.5389 0.79
      vertex -4 18.6 2.6
      vertex -3.56213 18.5389 2.6
    endloop
  endfacet
  facet normal 0.1382 0.990404 0
    outer loop
      vertex -4 18.6 2.6
      vertex -3.56213 18.5389 0.79
      vertex -4 18.6 0.79
    endloop
  endfacet
  facet normal 0.684753 0.128018 -0.717443
    outer loop
      vertex -3.2 17 0
      vertex -3.25403 17.289 0
      vertex -2.42725 17.294 0.79
    endloop
  endfacet
  facet normal 0.895158 0.44575 0
    outer loop
      vertex -2.50804 17.578 2.6
      vertex -2.63965 17.8423 0.79
      vertex -2.63965 17.8423 2.6
    endloop
  endfacet
  facet normal 0.895158 0.44575 0
    outer loop
      vertex -2.63965 17.8423 0.79
      vertex -2.50804 17.578 2.6
      vertex -2.50804 17.578 0.79
    endloop
  endfacet
  facet normal -0.445723 0.895171 0
    outer loop
      vertex -38.578 18.492 0.79
      vertex -38.8423 18.3604 2.6
      vertex -38.578 18.492 2.6
    endloop
  endfacet
  facet normal -0.445723 0.895171 0
    outer loop
      vertex -38.8423 18.3604 2.6
      vertex -38.578 18.492 0.79
      vertex -38.8423 18.3604 0.79
    endloop
  endfacet
  facet normal -0.932531 0.361089 0
    outer loop
      vertex -39.5389 17.4379 0.79
      vertex -39.4323 17.7132 2.6
      vertex -39.4323 17.7132 0.79
    endloop
  endfacet
  facet normal -0.932531 0.361089 0
    outer loop
      vertex -39.4323 17.7132 2.6
      vertex -39.5389 17.4379 0.79
      vertex -39.5389 17.4379 2.6
    endloop
  endfacet
  facet normal 0.0648676 -0.701166 -0.710041
    outer loop
      vertex -3.70599 -18.5728 0.79
      vertex -4 -18.6 0.79
      vertex -4 -17.8 0
    endloop
  endfacet
  facet normal 0.598651 -0.370758 -0.710039
    outer loop
      vertex -2.72318 -17.9642 0.79
      vertex -3.28387 -17.3566 0
      vertex -2.56773 -17.7132 0.79
    endloop
  endfacet
  facet normal -0.675562 0.158945 -0.719967
    outer loop
      vertex -38.8 17 0
      vertex -39.5389 17.4379 0.79
      vertex -38.7161 17.3566 0
    endloop
  endfacet
  facet normal 0.273665 -0.961825 0
    outer loop
      vertex -3.70599 -18.5728 0.79
      vertex -3.42201 -18.492 2.6
      vertex -3.70599 -18.5728 2.6
    endloop
  endfacet
  facet normal 0.273665 -0.961825 0
    outer loop
      vertex -3.42201 -18.492 2.6
      vertex -3.70599 -18.5728 0.79
      vertex -3.42201 -18.492 0.79
    endloop
  endfacet
  facet normal 0.127951 -0.684749 -0.717459
    outer loop
      vertex -3.70599 -18.5728 0.79
      vertex -4 -17.8 0
      vertex -3.71101 -17.746 0
    endloop
  endfacet
  facet normal 0.370794 0.598611 -0.710054
    outer loop
      vertex -3.03578 18.2768 0.79
      vertex -3.6434 17.7161 0
      vertex -3.28682 18.4323 0.79
    endloop
  endfacet
  facet normal -0.990406 0.138191 0
    outer loop
      vertex -39.6 17 0.79
      vertex -39.5389 17.4379 2.6
      vertex -39.5389 17.4379 0.79
    endloop
  endfacet
  facet normal -0.990406 0.138191 0
    outer loop
      vertex -39.5389 17.4379 2.6
      vertex -39.6 17 0.79
      vertex -39.6 17 2.6
    endloop
  endfacet
  facet normal -0.598583 0.370835 -0.710057
    outer loop
      vertex -38.7161 17.3566 0
      vertex -39.4323 17.7132 0.79
      vertex -39.2768 17.9642 0.79
    endloop
  endfacet
  facet normal -0.602814 0.797882 0
    outer loop
      vertex -38.8423 18.3604 0.79
      vertex -39.0779 18.1824 2.6
      vertex -38.8423 18.3604 2.6
    endloop
  endfacet
  facet normal -0.602814 0.797882 0
    outer loop
      vertex -39.0779 18.1824 2.6
      vertex -38.8423 18.3604 0.79
      vertex -39.0779 18.1824 0.79
    endloop
  endfacet
  facet normal 0.797996 0.602663 0
    outer loop
      vertex -2.63965 17.8423 2.6
      vertex -2.81758 18.0779 0.79
      vertex -2.81758 18.0779 2.6
    endloop
  endfacet
  facet normal 0.797996 0.602663 0
    outer loop
      vertex -2.81758 18.0779 0.79
      vertex -2.63965 17.8423 2.6
      vertex -2.63965 17.8423 0.79
    endloop
  endfacet
  facet normal -0.797882 -0.602814 0
    outer loop
      vertex -39.1824 -18.0779 0.79
      vertex -39.3604 -17.8423 2.6
      vertex -39.3604 -17.8423 0.79
    endloop
  endfacet
  facet normal -0.797882 -0.602814 0
    outer loop
      vertex -39.3604 -17.8423 2.6
      vertex -39.1824 -18.0779 0.79
      vertex -39.1824 -18.0779 2.6
    endloop
  endfacet
  facet normal -0.850085 0.526646 0
    outer loop
      vertex -39.4323 17.7132 0.79
      vertex -39.2768 17.9642 2.6
      vertex -39.2768 17.9642 0.79
    endloop
  endfacet
  facet normal -0.850085 0.526646 0
    outer loop
      vertex -39.2768 17.9642 2.6
      vertex -39.4323 17.7132 0.79
      vertex -39.4323 17.7132 2.6
    endloop
  endfacet
  facet normal 0.602781 -0.797906 0
    outer loop
      vertex -3.15771 -18.3604 0.79
      vertex -2.92209 -18.1824 2.6
      vertex -3.15771 -18.3604 2.6
    endloop
  endfacet
  facet normal 0.602781 -0.797906 0
    outer loop
      vertex -2.92209 -18.1824 2.6
      vertex -3.15771 -18.3604 0.79
      vertex -2.92209 -18.1824 0.79
    endloop
  endfacet
  facet normal 0 0.702646 -0.71154
    outer loop
      vertex -38 17.8 0
      vertex -4 18.6 0.79
      vertex -4 17.8 0
    endloop
  endfacet
  facet normal 0 0.702646 -0.71154
    outer loop
      vertex -4 18.6 0.79
      vertex -38 17.8 0
      vertex -38 18.6 0.79
    endloop
  endfacet
  facet normal -0.366725 0.592256 -0.717457
    outer loop
      vertex -38.539 17.5912 0
      vertex -38.8423 18.3604 0.79
      vertex -38.289 17.746 0
    endloop
  endfacet
  facet normal 0.424456 -0.561856 -0.710038
    outer loop
      vertex -3.15771 -18.3604 0.79
      vertex -3.46104 -17.5912 0
      vertex -2.92209 -18.1824 0.79
    endloop
  endfacet
  facet normal -0.424487 0.561849 -0.710026
    outer loop
      vertex -38.539 17.5912 0
      vertex -39.0779 18.1824 0.79
      vertex -38.8423 18.3604 0.79
    endloop
  endfacet
  facet normal -0.592256 -0.366725 -0.717457
    outer loop
      vertex -38.5912 -17.539 0
      vertex -39.3604 -17.8423 0.79
      vertex -38.746 -17.289 0
    endloop
  endfacet
  facet normal -0.138191 -0.990406 0
    outer loop
      vertex -38.4379 -18.5389 0.79
      vertex -38 -18.6 2.6
      vertex -38.4379 -18.5389 2.6
    endloop
  endfacet
  facet normal -0.138191 -0.990406 -0
    outer loop
      vertex -38 -18.6 2.6
      vertex -38.4379 -18.5389 0.79
      vertex -38 -18.6 0.79
    endloop
  endfacet
  facet normal -0.677278 -0.19269 -0.710046
    outer loop
      vertex -39.492 -17.578 0.79
      vertex -39.5728 -17.294 0.79
      vertex -38.746 -17.289 0
    endloop
  endfacet
  facet normal -0.127947 0.684751 -0.717458
    outer loop
      vertex -38.289 17.746 0
      vertex -38.294 18.5728 0.79
      vertex -38 17.8 0
    endloop
  endfacet
  facet normal -0.419721 -0.555994 -0.717429
    outer loop
      vertex -38.3566 -17.7161 0
      vertex -38.9642 -18.2768 0.79
      vertex -38.5912 -17.539 0
    endloop
  endfacet
  facet normal -0.0921236 0.995748 0
    outer loop
      vertex -38 18.6 0.79
      vertex -38.294 18.5728 2.6
      vertex -38 18.6 2.6
    endloop
  endfacet
  facet normal -0.0921236 0.995748 0
    outer loop
      vertex -38.294 18.5728 2.6
      vertex -38 18.6 0.79
      vertex -38.294 18.5728 0.79
    endloop
  endfacet
  facet normal 0.0975787 0.699293 -0.708144
    outer loop
      vertex -3.56213 18.5389 0.79
      vertex -4 17.8 0
      vertex -4 18.6 0.79
    endloop
  endfacet
  facet normal 0.158945 0.675565 -0.719965
    outer loop
      vertex -3.6434 17.7161 0
      vertex -4 17.8 0
      vertex -3.56213 18.5389 0.79
    endloop
  endfacet
  facet normal 0.630333 0.313879 -0.710042
    outer loop
      vertex -2.50804 17.578 0.79
      vertex -3.25403 17.289 0
      vertex -2.63965 17.8423 0.79
    endloop
  endfacet
  facet normal -0.739035 0.673667 0
    outer loop
      vertex -39.2768 17.9642 0.79
      vertex -39.0779 18.1824 2.6
      vertex -39.0779 18.1824 0.79
    endloop
  endfacet
  facet normal -0.739035 0.673667 0
    outer loop
      vertex -39.0779 18.1824 2.6
      vertex -39.2768 17.9642 0.79
      vertex -39.2768 17.9642 2.6
    endloop
  endfacet
  facet normal 0.656602 -0.254388 -0.710043
    outer loop
      vertex -2.56773 -17.7132 0.79
      vertex -3.28387 -17.3566 0
      vertex -2.46107 -17.4379 0.79
    endloop
  endfacet
  facet normal 0.675571 -0.15889 -0.719971
    outer loop
      vertex -2.46107 -17.4379 0.79
      vertex -3.28387 -17.3566 0
      vertex -3.2 -17 0
    endloop
  endfacet
  facet normal 0.445723 -0.895171 0
    outer loop
      vertex -3.42201 -18.492 0.79
      vertex -3.15771 -18.3604 2.6
      vertex -3.42201 -18.492 2.6
    endloop
  endfacet
  facet normal 0.445723 -0.895171 0
    outer loop
      vertex -3.15771 -18.3604 2.6
      vertex -3.42201 -18.492 0.79
      vertex -3.15771 -18.3604 0.79
    endloop
  endfacet
  facet normal 0.673667 0.739035 -0
    outer loop
      vertex -2.81758 18.0779 0.79
      vertex -3.03578 18.2768 2.6
      vertex -2.81758 18.0779 2.6
    endloop
  endfacet
  facet normal 0.673667 0.739035 0
    outer loop
      vertex -3.03578 18.2768 2.6
      vertex -2.81758 18.0779 0.79
      vertex -3.03578 18.2768 0.79
    endloop
  endfacet
  facet normal -0.158945 -0.675562 -0.719967
    outer loop
      vertex -38 -17.8 0
      vertex -38.4379 -18.5389 0.79
      vertex -38.3566 -17.7161 0
    endloop
  endfacet
  facet normal -0.474387 -0.520419 -0.710015
    outer loop
      vertex -38.9642 -18.2768 0.79
      vertex -39.1824 -18.0779 0.79
      vertex -38.5912 -17.539 0
    endloop
  endfacet
  facet normal -0.699293 0.097572 -0.708145
    outer loop
      vertex -38.8 17 0
      vertex -39.6 17 0.79
      vertex -39.5389 17.4379 0.79
    endloop
  endfacet
  facet normal -0.96183 -0.273647 0
    outer loop
      vertex -39.492 -17.578 0.79
      vertex -39.5728 -17.294 2.6
      vertex -39.5728 -17.294 0.79
    endloop
  endfacet
  facet normal -0.96183 -0.273647 0
    outer loop
      vertex -39.5728 -17.294 2.6
      vertex -39.492 -17.578 0.79
      vertex -39.492 -17.578 2.6
    endloop
  endfacet
  facet normal -0.702646 0 -0.71154
    outer loop
      vertex -39.6 -17 0.79
      vertex -38.8 17 0
      vertex -38.8 -17 0
    endloop
  endfacet
  facet normal -0.702646 0 -0.71154
    outer loop
      vertex -38.8 17 0
      vertex -39.6 -17 0.79
      vertex -39.6 17 0.79
    endloop
  endfacet
  facet normal 0.990412 -0.138147 0
    outer loop
      vertex -2.46107 -17.4379 2.6
      vertex -2.39999 -17 0.79
      vertex -2.39999 -17 2.6
    endloop
  endfacet
  facet normal 0.990412 -0.138147 0
    outer loop
      vertex -2.39999 -17 0.79
      vertex -2.46107 -17.4379 2.6
      vertex -2.46107 -17.4379 0.79
    endloop
  endfacet
  facet normal -0.273647 0.96183 0
    outer loop
      vertex -38.294 18.5728 0.79
      vertex -38.578 18.492 2.6
      vertex -38.294 18.5728 2.6
    endloop
  endfacet
  facet normal -0.273647 0.96183 0
    outer loop
      vertex -38.578 18.492 2.6
      vertex -38.294 18.5728 0.79
      vertex -38.578 18.492 0.79
    endloop
  endfacet
  facet normal 0.520394 -0.474389 -0.710032
    outer loop
      vertex -2.92209 -18.1824 0.79
      vertex -3.46104 -17.5912 0
      vertex -2.72318 -17.9642 0.79
    endloop
  endfacet
  facet normal 0.702641 0 -0.711544
    outer loop
      vertex -3.2 -17 0
      vertex -2.39999 17 0.79
      vertex -2.39999 -17 0.79
    endloop
  endfacet
  facet normal 0.702641 0 -0.711544
    outer loop
      vertex -2.39999 17 0.79
      vertex -3.2 -17 0
      vertex -3.2 17 0
    endloop
  endfacet
  facet normal -0.526646 -0.850085 0
    outer loop
      vertex -38.9642 -18.2768 0.79
      vertex -38.7132 -18.4323 2.6
      vertex -38.9642 -18.2768 2.6
    endloop
  endfacet
  facet normal -0.526646 -0.850085 -0
    outer loop
      vertex -38.7132 -18.4323 2.6
      vertex -38.9642 -18.2768 0.79
      vertex -38.7132 -18.4323 0.79
    endloop
  endfacet
  facet normal -0.561849 -0.424487 -0.710026
    outer loop
      vertex -39.1824 -18.0779 0.79
      vertex -39.3604 -17.8423 0.79
      vertex -38.5912 -17.539 0
    endloop
  endfacet
  facet normal 0 0 -1
    outer loop
      vertex -4 17.8 0
      vertex -3.2 17 0
      vertex -3.2 -17 0
    endloop
  endfacet
  facet normal 0 0 -1
    outer loop
      vertex -4 -17.8 0
      vertex -3.2 -17 0
      vertex -3.28387 -17.3566 0
    endloop
  endfacet
  facet normal 0 0 -1
    outer loop
      vertex -4 17.8 0
      vertex -3.2 -17 0
      vertex -4 -17.8 0
    endloop
  endfacet
  facet normal 0 0 -1
    outer loop
      vertex -4 -17.8 0
      vertex -3.28387 -17.3566 0
      vertex -3.46104 -17.5912 0
    endloop
  endfacet
  facet normal 0 0 -1
    outer loop
      vertex -3.2 17 0
      vertex -4 17.8 0
      vertex -3.25403 17.289 0
    endloop
  endfacet
  facet normal 0 0 -1
    outer loop
      vertex -4 -17.8 0
      vertex -3.46104 -17.5912 0
      vertex -3.71101 -17.746 0
    endloop
  endfacet
  facet normal 0 0 -1
    outer loop
      vertex -3.25403 17.289 0
      vertex -4 17.8 0
      vertex -3.4088 17.539 0
    endloop
  endfacet
  facet normal 0 0 -1
    outer loop
      vertex -3.4088 17.539 0
      vertex -4 17.8 0
      vertex -3.6434 17.7161 0
    endloop
  endfacet
  facet normal 0 0 -1
    outer loop
      vertex -38 -17.8 0
      vertex -4 17.8 0
      vertex -4 -17.8 0
    endloop
  endfacet
  facet normal 0 0 -1
    outer loop
      vertex -38 -17.8 0
      vertex -38 17.8 0
      vertex -4 17.8 0
    endloop
  endfacet
  facet normal 0 0 -1
    outer loop
      vertex -38.8 17 0
      vertex -38 17.8 0
      vertex -38 -17.8 0
    endloop
  endfacet
  facet normal 0 0 -1
    outer loop
      vertex -38.8 -17 0
      vertex -38 -17.8 0
      vertex -38.3566 -17.7161 0
    endloop
  endfacet
  facet normal 0 0 -1
    outer loop
      vertex -38.8 17 0
      vertex -38 -17.8 0
      vertex -38.8 -17 0
    endloop
  endfacet
  facet normal 0 0 -1
    outer loop
      vertex -38.8 -17 0
      vertex -38.3566 -17.7161 0
      vertex -38.5912 -17.539 0
    endloop
  endfacet
  facet normal 0 0 -1
    outer loop
      vertex -38 17.8 0
      vertex -38.8 17 0
      vertex -38.289 17.746 0
    endloop
  endfacet
  facet normal 0 0 -1
    outer loop
      vertex -38.8 -17 0
      vertex -38.5912 -17.539 0
      vertex -38.746 -17.289 0
    endloop
  endfacet
  facet normal 0 0 -1
    outer loop
      vertex -38.289 17.746 0
      vertex -38.8 17 0
      vertex -38.539 17.5912 0
    endloop
  endfacet
  facet normal 0 0 -1
    outer loop
      vertex -38.539 17.5912 0
      vertex -38.8 17 0
      vertex -38.7161 17.3566 0
    endloop
  endfacet
  facet normal -0.701166 -0.0648698 -0.710041
    outer loop
      vertex -39.5728 -17.294 0.79
      vertex -39.6 -17 0.79
      vertex -38.8 -17 0
    endloop
  endfacet
  facet normal -0.656633 0.254257 -0.710061
    outer loop
      vertex -38.7161 17.3566 0
      vertex -39.5389 17.4379 0.79
      vertex -39.4323 17.7132 0.79
    endloop
  endfacet
  facet normal -0.895171 -0.445723 0
    outer loop
      vertex -39.3604 -17.8423 0.79
      vertex -39.492 -17.578 2.6
      vertex -39.492 -17.578 0.79
    endloop
  endfacet
  facet normal -0.895171 -0.445723 0
    outer loop
      vertex -39.492 -17.578 2.6
      vertex -39.3604 -17.8423 0.79
      vertex -39.3604 -17.8423 2.6
    endloop
  endfacet
  facet normal -0.673667 -0.739035 0
    outer loop
      vertex -39.1824 -18.0779 0.79
      vertex -38.9642 -18.2768 2.6
      vertex -39.1824 -18.0779 2.6
    endloop
  endfacet
  facet normal -0.673667 -0.739035 -0
    outer loop
      vertex -38.9642 -18.2768 2.6
      vertex -39.1824 -18.0779 0.79
      vertex -38.9642 -18.2768 0.79
    endloop
  endfacet
  facet normal -0.254257 -0.656633 -0.710061
    outer loop
      vertex -38.4379 -18.5389 0.79
      vertex -38.7132 -18.4323 0.79
      vertex -38.3566 -17.7161 0
    endloop
  endfacet
  facet normal -0.361089 -0.932531 0
    outer loop
      vertex -38.7132 -18.4323 0.79
      vertex -38.4379 -18.5389 2.6
      vertex -38.7132 -18.4323 2.6
    endloop
  endfacet
  facet normal -0.361089 -0.932531 -0
    outer loop
      vertex -38.4379 -18.5389 2.6
      vertex -38.7132 -18.4323 0.79
      vertex -38.4379 -18.5389 0.79
    endloop
  endfacet
  facet normal 0.961515 0.274751 0
    outer loop
      vertex -0.356247 17.8863 4.75
      vertex -0.438171 18.173 4.74
      vertex -0.438171 18.173 4.75
    endloop
  endfacet
  facet normal 0.961515 0.274751 0
    outer loop
      vertex -0.438171 18.173 4.74
      vertex -0.356247 17.8863 4.75
      vertex -0.356247 17.8863 4.74
    endloop
  endfacet
  facet normal 0.494332 -0.869273 0
    outer loop
      vertex -2.27763 -20.3311 4.74
      vertex -2.01843 -20.1837 4.75
      vertex -2.27763 -20.3311 4.75
    endloop
  endfacet
  facet normal 0.494332 -0.869273 0
    outer loop
      vertex -2.01843 -20.1837 4.75
      vertex -2.27763 -20.3311 4.74
      vertex -2.01843 -20.1837 4.74
    endloop
  endfacet
  facet normal -0.613501 -0.348882 -0.708447
    outer loop
      vertex -41.1837 -18.9816 4.74
      vertex -41.3311 -18.7224 4.74
      vertex -39.3604 -17.8423 2.6
    endloop
  endfacet
  facet normal -0.59882 0.370982 -0.70978
    outer loop
      vertex -39.4323 17.7132 2.6
      vertex -41.2225 18.9179 4.74
      vertex -39.2768 17.9642 2.6
    endloop
  endfacet
  facet normal -0.0992713 -0.99506 0
    outer loop
      vertex -38.5203 -20.7137 4.74
      vertex -38.2236 -20.7433 24.3
      vertex -38.5203 -20.7137 24.3
    endloop
  endfacet
  facet normal -0.0992713 -0.99506 -0
    outer loop
      vertex -38.2236 -20.7433 24.3
      vertex -38.5203 -20.7137 4.74
      vertex -38.2236 -20.7433 4.74
    endloop
  endfacet
  facet normal 0.476632 0.879103 -0
    outer loop
      vertex -2.08212 20.2225 4.74
      vertex -2.34421 20.3646 4.75
      vertex -2.08212 20.2225 4.75
    endloop
  endfacet
  facet normal 0.476632 0.879103 0
    outer loop
      vertex -2.34421 20.3646 4.75
      vertex -2.08212 20.2225 4.74
      vertex -2.34421 20.3646 4.74
    endloop
  endfacet
  facet normal -0.705177 -0.0281692 -0.708472
    outer loop
      vertex -41.7381 -17.2979 4.74
      vertex -41.75 -17 4.74
      vertex -39.6 -17 2.6
    endloop
  endfacet
  facet normal 0.12526 0.693442 -0.709541
    outer loop
      vertex -3.18633 20.6607 4.74
      vertex -3.56213 18.5389 2.6
      vertex -3.47974 20.7137 4.74
    endloop
  endfacet
  facet normal 0.671102 0.741365 -0
    outer loop
      vertex -1.37485 19.6779 4.74
      vertex -1.5959 19.878 4.75
      vertex -1.37485 19.6779 4.75
    endloop
  endfacet
  facet normal 0.671102 0.741365 0
    outer loop
      vertex -1.5959 19.878 4.75
      vertex -1.37485 19.6779 4.74
      vertex -1.5959 19.878 4.74
    endloop
  endfacet
  facet normal 0 0.705457 -0.708753
    outer loop
      vertex -38 18.6 2.6
      vertex -4 20.75 4.74
      vertex -4 18.6 2.6
    endloop
  endfacet
  facet normal 0 0.705457 -0.708753
    outer loop
      vertex -4 20.75 4.74
      vertex -38 18.6 2.6
      vertex -38 20.75 4.74
    endloop
  endfacet
  facet normal 0.693424 -0.125426 -0.709529
    outer loop
      vertex -0.33934 -17.8137 4.74
      vertex -2.46107 -17.4379 2.6
      vertex -0.28627 -17.5203 4.74
    endloop
  endfacet
  facet normal -0.197535 0.980296 0
    outer loop
      vertex -38.594 20.7027 4.74
      vertex -38.8863 20.6438 24.3
      vertex -38.594 20.7027 24.3
    endloop
  endfacet
  facet normal -0.197535 0.980296 0
    outer loop
      vertex -38.8863 20.6438 24.3
      vertex -38.594 20.7027 4.74
      vertex -38.8863 20.6438 4.74
    endloop
  endfacet
  facet normal 0.620383 -0.336538 -0.708425
    outer loop
      vertex -0.777542 -18.9179 4.74
      vertex -2.56773 -17.7132 2.6
      vertex -0.635361 -18.6558 4.74
    endloop
  endfacet
  facet normal 0.0211375 0.705299 -0.708595
    outer loop
      vertex -3.77644 20.7433 4.74
      vertex -4 18.6 2.6
      vertex -4 20.75 4.74
    endloop
  endfacet
  facet normal 0 -1 0
    outer loop
      vertex -38 -20.75 24.3
      vertex -4 -20.75 4.75
      vertex 38 -20.75 24.3
    endloop
  endfacet
  facet normal 0 -1 0
    outer loop
      vertex -38 -20.75 4.74
      vertex -4 -20.75 4.75
      vertex -38 -20.75 24.3
    endloop
  endfacet
  facet normal 0 -1 -0
    outer loop
      vertex -4 -20.75 4.75
      vertex -38 -20.75 4.74
      vertex -4 -20.75 4.74
    endloop
  endfacet
  facet normal 0 -1 0
    outer loop
      vertex 4 -20.75 4.75
      vertex 38 -20.75 24.3
      vertex -4 -20.75 4.75
    endloop
  endfacet
  facet normal 0 -1 0
    outer loop
      vertex 38 -20.75 4.74
      vertex 4 -20.75 4.75
      vertex 4 -20.75 4.74
    endloop
  endfacet
  facet normal 0 -1 0
    outer loop
      vertex 4 -20.75 4.75
      vertex 38 -20.75 4.74
      vertex 38 -20.75 24.3
    endloop
  endfacet
  facet normal 0.233776 0.665599 -0.70875
    outer loop
      vertex -2.61676 20.4856 4.74
      vertex -3.56213 18.5389 2.6
      vertex -2.89806 20.5844 4.74
    endloop
  endfacet
  facet normal -0.513959 -0.483893 -0.708303
    outer loop
      vertex -40.6252 -19.6779 4.74
      vertex -40.8296 -19.4608 4.74
      vertex -39.1824 -18.0779 2.6
    endloop
  endfacet
  facet normal 0.522642 -0.473002 -0.709306
    outer loop
      vertex -1.32211 -19.6252 4.74
      vertex -2.72318 -17.9642 2.6
      vertex -1.12201 -19.4041 4.74
    endloop
  endfacet
  facet normal 0.0648891 -0.701398 -0.70981
    outer loop
      vertex -3.70206 -20.7381 4.74
      vertex -4 -18.6 2.6
      vertex -3.70599 -18.5728 2.6
    endloop
  endfacet
  facet normal 0.513879 0.483983 -0.7083
    outer loop
      vertex -1.17038 19.4608 4.74
      vertex -2.81758 18.0779 2.6
      vertex -1.37485 19.6779 4.74
    endloop
  endfacet
  facet normal 0 1 0
    outer loop
      vertex 38 20.75 24.3
      vertex 4 20.75 4.75
      vertex -38 20.75 24.3
    endloop
  endfacet
  facet normal 0 1 -0
    outer loop
      vertex 38 20.75 4.74
      vertex 4 20.75 4.75
      vertex 38 20.75 24.3
    endloop
  endfacet
  facet normal 0 1 0
    outer loop
      vertex 4 20.75 4.75
      vertex 38 20.75 4.74
      vertex 4 20.75 4.74
    endloop
  endfacet
  facet normal 0 1 -0
    outer loop
      vertex -4 20.75 4.75
      vertex -38 20.75 24.3
      vertex 4 20.75 4.75
    endloop
  endfacet
  facet normal 0 1 0
    outer loop
      vertex -38 20.75 4.74
      vertex -4 20.75 4.75
      vertex -4 20.75 4.74
    endloop
  endfacet
  facet normal 0 1 0
    outer loop
      vertex -4 20.75 4.75
      vertex -38 20.75 4.74
      vertex -38 20.75 24.3
    endloop
  endfacet
  facet normal -0.69201 -0.139444 -0.708292
    outer loop
      vertex -41.6438 -17.8863 4.74
      vertex -41.7027 -17.594 4.74
      vertex -39.5728 -17.294 2.6
    endloop
  endfacet
  facet normal 0.0299561 0.999551 -0
    outer loop
      vertex -3.77644 20.7433 4.74
      vertex -4 20.75 4.75
      vertex -3.77644 20.7433 4.75
    endloop
  endfacet
  facet normal 0.0299561 0.999551 0
    outer loop
      vertex -4 20.75 4.75
      vertex -3.77644 20.7433 4.74
      vertex -4 20.75 4.74
    endloop
  endfacet
  facet normal -0.0837351 0.700394 -0.708827
    outer loop
      vertex -38.294 18.5728 2.6
      vertex -38.594 20.7027 4.74
      vertex -38.2979 20.7381 4.74
    endloop
  endfacet
  facet normal -0.0699513 -0.701167 -0.709557
    outer loop
      vertex -38.2236 -20.7433 4.74
      vertex -38.5203 -20.7137 4.74
      vertex -38 -18.6 2.6
    endloop
  endfacet
  facet normal 0.705458 0 -0.708751
    outer loop
      vertex -2.39999 -17 2.6
      vertex -0.25 17 4.74
      vertex -0.25 -17 4.74
    endloop
  endfacet
  facet normal 0.705458 0 -0.708751
    outer loop
      vertex -0.25 17 4.74
      vertex -2.39999 -17 2.6
      vertex -2.39999 17 2.6
    endloop
  endfacet
  facet normal -0.701399 -0.0648913 -0.709809
    outer loop
      vertex -39.5728 -17.294 2.6
      vertex -41.7381 -17.2979 4.74
      vertex -39.6 -17 2.6
    endloop
  endfacet
  facet normal -0.0399145 0.999203 0
    outer loop
      vertex -38 20.75 4.74
      vertex -38.2979 20.7381 24.3
      vertex -38 20.75 24.3
    endloop
  endfacet
  facet normal -0.0399145 0.999203 0
    outer loop
      vertex -38.2979 20.7381 24.3
      vertex -38 20.75 4.74
      vertex -38.2979 20.7381 4.74
    endloop
  endfacet
  facet normal -0.247169 0.661248 -0.708279
    outer loop
      vertex -38.578 18.492 2.6
      vertex -39.4523 20.4574 4.74
      vertex -39.173 20.5618 4.74
    endloop
  endfacet
  facet normal -0.696192 0.0971393 -0.711253
    outer loop
      vertex -39.6 17 2.6
      vertex -41.7137 17.5203 4.74
      vertex -39.5389 17.4379 2.6
    endloop
  endfacet
  facet normal -0.255929 -0.966695 0
    outer loop
      vertex -39.1019 -20.5844 4.74
      vertex -38.8137 -20.6607 24.3
      vertex -39.1019 -20.5844 24.3
    endloop
  endfacet
  facet normal -0.255929 -0.966695 -0
    outer loop
      vertex -38.8137 -20.6607 24.3
      vertex -39.1019 -20.5844 4.74
      vertex -38.8137 -20.6607 4.74
    endloop
  endfacet
  facet normal 0.331381 0.943497 -0
    outer loop
      vertex -2.61676 20.4856 4.74
      vertex -2.89806 20.5844 4.75
      vertex -2.61676 20.4856 4.75
    endloop
  endfacet
  facet normal 0.331381 0.943497 0
    outer loop
      vertex -2.89806 20.5844 4.75
      vertex -2.61676 20.4856 4.74
      vertex -2.89806 20.5844 4.74
    endloop
  endfacet
  facet normal 0.177758 0.984074 -0
    outer loop
      vertex -3.18633 20.6607 4.74
      vertex -3.47974 20.7137 4.75
      vertex -3.18633 20.6607 4.75
    endloop
  endfacet
  facet normal 0.177758 0.984074 0
    outer loop
      vertex -3.47974 20.7137 4.75
      vertex -3.18633 20.6607 4.74
      vertex -3.47974 20.7137 4.74
    endloop
  endfacet
  facet normal 0.336403 0.620463 -0.70842
    outer loop
      vertex -2.08212 20.2225 4.74
      vertex -3.28682 18.4323 2.6
      vertex -2.34421 20.3646 4.74
    endloop
  endfacet
  facet normal -0.779886 -0.625921 0
    outer loop
      vertex -40.8296 -19.4608 4.74
      vertex -41.0162 -19.2283 24.3
      vertex -41.0162 -19.2283 4.74
    endloop
  endfacet
  facet normal -0.779886 -0.625921 0
    outer loop
      vertex -41.0162 -19.2283 24.3
      vertex -40.8296 -19.4608 4.74
      vertex -40.8296 -19.4608 24.3
    endloop
  endfacet
  facet normal -0.0648913 0.701399 -0.709809
    outer loop
      vertex -38.294 18.5728 2.6
      vertex -38.2979 20.7381 4.74
      vertex -38 18.6 2.6
    endloop
  endfacet
  facet normal -0.0281692 0.705177 -0.708472
    outer loop
      vertex -38 18.6 2.6
      vertex -38.2979 20.7381 4.74
      vertex -38 20.75 4.74
    endloop
  endfacet
  facet normal -0.869273 -0.494332 0
    outer loop
      vertex -41.1837 -18.9816 4.74
      vertex -41.3311 -18.7224 24.3
      vertex -41.3311 -18.7224 4.74
    endloop
  endfacet
  facet normal -0.869273 -0.494332 0
    outer loop
      vertex -41.3311 -18.7224 24.3
      vertex -41.1837 -18.9816 4.74
      vertex -41.1837 -18.9816 24.3
    endloop
  endfacet
  facet normal -0.656832 0.254334 -0.709849
    outer loop
      vertex -39.5389 17.4379 2.6
      vertex -41.4856 18.3832 4.74
      vertex -39.4323 17.7132 2.6
    endloop
  endfacet
  facet normal -0.331381 -0.943497 0
    outer loop
      vertex -39.3832 -20.4856 4.74
      vertex -39.1019 -20.5844 24.3
      vertex -39.3832 -20.4856 24.3
    endloop
  endfacet
  facet normal -0.331381 -0.943497 -0
    outer loop
      vertex -39.1019 -20.5844 24.3
      vertex -39.3832 -20.4856 4.74
      vertex -39.1019 -20.5844 4.74
    endloop
  endfacet
  facet normal -0.405703 -0.914005 0
    outer loop
      vertex -39.6558 -20.3646 4.74
      vertex -39.3832 -20.4856 24.3
      vertex -39.6558 -20.3646 24.3
    endloop
  endfacet
  facet normal -0.405703 -0.914005 -0
    outer loop
      vertex -39.3832 -20.4856 24.3
      vertex -39.6558 -20.3646 4.74
      vertex -39.3832 -20.4856 4.74
    endloop
  endfacet
  facet normal 0.441433 -0.550229 -0.708791
    outer loop
      vertex -1.77174 -20.0162 4.74
      vertex -2.92209 -18.1824 2.6
      vertex -1.53915 -19.8296 4.74
    endloop
  endfacet
  facet normal -0.522639 0.472999 -0.709309
    outer loop
      vertex -39.2768 17.9642 2.6
      vertex -40.878 19.4041 4.74
      vertex -40.6779 19.6252 4.74
    endloop
  endfacet
  facet normal 0.192877 -0.677888 -0.709413
    outer loop
      vertex -3.11371 -20.6438 4.74
      vertex -3.70599 -18.5728 2.6
      vertex -3.42201 -18.492 2.6
    endloop
  endfacet
  facet normal -0.474752 -0.520819 -0.709478
    outer loop
      vertex -38.9642 -18.2768 2.6
      vertex -40.6252 -19.6779 4.74
      vertex -39.1824 -18.0779 2.6
    endloop
  endfacet
  facet normal -1 0 0
    outer loop
      vertex -41.75 -17 4.74
      vertex -41.75 17 24.3
      vertex -41.75 17 4.74
    endloop
  endfacet
  facet normal -1 -0 0
    outer loop
      vertex -41.75 17 24.3
      vertex -41.75 -17 4.74
      vertex -41.75 -17 24.3
    endloop
  endfacet
  facet normal -0.313969 0.630562 -0.7098
    outer loop
      vertex -38.8423 18.3604 2.6
      vertex -39.7224 20.3311 4.74
      vertex -38.578 18.492 2.6
    endloop
  endfacet
  facet normal 0.0971459 0.696191 -0.711253
    outer loop
      vertex -3.56213 18.5389 2.6
      vertex -4 18.6 2.6
      vertex -3.47974 20.7137 4.74
    endloop
  endfacet
  facet normal 0.598876 -0.370898 -0.709776
    outer loop
      vertex -0.777542 -18.9179 4.74
      vertex -2.72318 -17.9642 2.6
      vertex -2.56773 -17.7132 2.6
    endloop
  endfacet
  facet normal 0.677896 0.192842 -0.709414
    outer loop
      vertex -2.42725 17.294 2.6
      vertex -2.50804 17.578 2.6
      vertex -0.356247 17.8863 4.74
    endloop
  endfacet
  facet normal 0.638925 0.298793 -0.70887
    outer loop
      vertex -0.542633 18.4523 4.74
      vertex -2.50804 17.578 2.6
      vertex -0.668945 18.7224 4.74
    endloop
  endfacet
  facet normal 0.0281654 -0.705177 -0.708472
    outer loop
      vertex -3.70206 -20.7381 4.74
      vertex -4 -20.75 4.74
      vertex -4 -18.6 2.6
    endloop
  endfacet
  facet normal -0.29877 0.638937 -0.70887
    outer loop
      vertex -38.578 18.492 2.6
      vertex -39.7224 20.3311 4.74
      vertex -39.4523 20.4574 4.74
    endloop
  endfacet
  facet normal 0.118729 -0.992927 0
    outer loop
      vertex -3.70206 -20.7381 4.74
      vertex -3.40601 -20.7027 4.75
      vertex -3.70206 -20.7381 4.75
    endloop
  endfacet
  facet normal 0.118729 -0.992927 0
    outer loop
      vertex -3.40601 -20.7027 4.75
      vertex -3.70206 -20.7381 4.74
      vertex -3.40601 -20.7027 4.74
    endloop
  endfacet
  facet normal -0.980296 -0.197535 0
    outer loop
      vertex -41.6438 -17.8863 4.74
      vertex -41.7027 -17.594 24.3
      vertex -41.7027 -17.594 4.74
    endloop
  endfacet
  facet normal -0.980296 -0.197535 0
    outer loop
      vertex -41.7027 -17.594 24.3
      vertex -41.6438 -17.8863 4.74
      vertex -41.6438 -17.8863 24.3
    endloop
  endfacet
  facet normal 0.180619 0.682399 -0.708314
    outer loop
      vertex -2.89806 20.5844 4.74
      vertex -3.56213 18.5389 2.6
      vertex -3.18633 20.6607 4.74
    endloop
  endfacet
  facet normal -0.125264 -0.693441 -0.709541
    outer loop
      vertex -38.5203 -20.7137 4.74
      vertex -38.8137 -20.6607 4.74
      vertex -38.4379 -18.5389 2.6
    endloop
  endfacet
  facet normal 0.966763 -0.255672 0
    outer loop
      vertex -0.415558 -18.1019 4.75
      vertex -0.33934 -17.8137 4.74
      vertex -0.33934 -17.8137 4.75
    endloop
  endfacet
  facet normal 0.966763 -0.255672 0
    outer loop
      vertex -0.33934 -17.8137 4.74
      vertex -0.415558 -18.1019 4.75
      vertex -0.415558 -18.1019 4.74
    endloop
  endfacet
  facet normal 0.474757 0.520825 -0.70947
    outer loop
      vertex -2.81758 18.0779 2.6
      vertex -3.03578 18.2768 2.6
      vertex -1.37485 19.6779 4.74
    endloop
  endfacet
  facet normal -0.177764 -0.984073 0
    outer loop
      vertex -38.8137 -20.6607 4.74
      vertex -38.5203 -20.7137 24.3
      vertex -38.8137 -20.6607 24.3
    endloop
  endfacet
  facet normal -0.177764 -0.984073 -0
    outer loop
      vertex -38.5203 -20.7137 24.3
      vertex -38.8137 -20.6607 4.74
      vertex -38.5203 -20.7137 4.74
    endloop
  endfacet
  facet normal 0.727965 0.685615 0
    outer loop
      vertex -1.17038 19.4608 4.75
      vertex -1.37485 19.6779 4.74
      vertex -1.37485 19.6779 4.75
    endloop
  endfacet
  facet normal 0.727965 0.685615 0
    outer loop
      vertex -1.37485 19.6779 4.74
      vertex -1.17038 19.4608 4.75
      vertex -1.17038 19.4608 4.74
    endloop
  endfacet
  facet normal 0.0699513 0.701168 -0.709557
    outer loop
      vertex -3.47974 20.7137 4.74
      vertex -4 18.6 2.6
      vertex -3.77644 20.7433 4.74
    endloop
  endfacet
  facet normal 0.286346 0.644989 -0.708516
    outer loop
      vertex -2.34421 20.3646 4.74
      vertex -3.28682 18.4323 2.6
      vertex -2.61676 20.4856 4.74
    endloop
  endfacet
  facet normal -0.0971393 -0.696192 -0.711253
    outer loop
      vertex -38 -18.6 2.6
      vertex -38.5203 -20.7137 4.74
      vertex -38.4379 -18.5389 2.6
    endloop
  endfacet
  facet normal 0.827333 0.561711 0
    outer loop
      vertex -0.816315 18.9816 4.75
      vertex -0.98381 19.2283 4.74
      vertex -0.98381 19.2283 4.75
    endloop
  endfacet
  facet normal 0.827333 0.561711 0
    outer loop
      vertex -0.98381 19.2283 4.74
      vertex -0.816315 18.9816 4.75
      vertex -0.816315 18.9816 4.74
    endloop
  endfacet
  facet normal 0.274987 -0.961448 0
    outer loop
      vertex -3.11371 -20.6438 4.74
      vertex -2.82701 -20.5618 4.75
      vertex -3.11371 -20.6438 4.75
    endloop
  endfacet
  facet normal 0.274987 -0.961448 0
    outer loop
      vertex -2.82701 -20.5618 4.75
      vertex -3.11371 -20.6438 4.74
      vertex -2.82701 -20.5618 4.74
    endloop
  endfacet
  facet normal -0.118709 0.992929 0
    outer loop
      vertex -38.2979 20.7381 4.74
      vertex -38.594 20.7027 24.3
      vertex -38.2979 20.7381 24.3
    endloop
  endfacet
  facet normal -0.118709 0.992929 0
    outer loop
      vertex -38.594 20.7027 24.3
      vertex -38.2979 20.7381 4.74
      vertex -38.594 20.7027 4.74
    endloop
  endfacet
  facet normal -0.192865 0.677891 -0.709414
    outer loop
      vertex -38.578 18.492 2.6
      vertex -38.8863 20.6438 4.74
      vertex -38.294 18.5728 2.6
    endloop
  endfacet
  facet normal -0.139444 0.69201 -0.708292
    outer loop
      vertex -38.294 18.5728 2.6
      vertex -38.8863 20.6438 4.74
      vertex -38.594 20.7027 4.74
    endloop
  endfacet
  facet normal -0.728082 -0.68549 0
    outer loop
      vertex -40.6252 -19.6779 4.74
      vertex -40.8296 -19.4608 24.3
      vertex -40.8296 -19.4608 4.74
    endloop
  endfacet
  facet normal -0.728082 -0.68549 0
    outer loop
      vertex -40.8296 -19.4608 24.3
      vertex -40.6252 -19.6779 4.74
      vertex -40.6252 -19.6779 24.3
    endloop
  endfacet
  facet normal -0.630562 -0.313969 -0.7098
    outer loop
      vertex -39.3604 -17.8423 2.6
      vertex -41.3311 -18.7224 4.74
      vertex -39.492 -17.578 2.6
    endloop
  endfacet
  facet normal -0.472999 -0.522639 -0.709309
    outer loop
      vertex -40.4041 -19.878 4.74
      vertex -40.6252 -19.6779 4.74
      vertex -38.9642 -18.2768 2.6
    endloop
  endfacet
  facet normal 0.999209 0.0397671 0
    outer loop
      vertex -0.25 17 4.75
      vertex -0.261856 17.2979 4.74
      vertex -0.261856 17.2979 4.75
    endloop
  endfacet
  facet normal 0.999209 0.0397671 0
    outer loop
      vertex -0.261856 17.2979 4.74
      vertex -0.25 17 4.75
      vertex -0.25 17 4.74
    endloop
  endfacet
  facet normal 0.0399091 -0.999203 0
    outer loop
      vertex -4 -20.75 4.74
      vertex -3.70206 -20.7381 4.75
      vertex -4 -20.75 4.75
    endloop
  endfacet
  facet normal 0.0399091 -0.999203 0
    outer loop
      vertex -3.70206 -20.7381 4.75
      vertex -4 -20.75 4.74
      vertex -3.70206 -20.7381 4.74
    endloop
  endfacet
  facet normal -0.193827 0.677686 -0.709347
    outer loop
      vertex -38.578 18.492 2.6
      vertex -39.173 20.5618 4.74
      vertex -38.8863 20.6438 4.74
    endloop
  endfacet
  facet normal -0.561999 -0.424601 -0.709839
    outer loop
      vertex -39.1824 -18.0779 2.6
      vertex -41.0162 -19.2283 4.74
      vertex -39.3604 -17.8423 2.6
    endloop
  endfacet
  facet normal -0.520819 0.474752 -0.709478
    outer loop
      vertex -39.2768 17.9642 2.6
      vertex -40.6779 19.6252 4.74
      vertex -39.0779 18.1824 2.6
    endloop
  endfacet
  facet normal 0.696194 -0.0971079 -0.711255
    outer loop
      vertex -0.28627 -17.5203 4.74
      vertex -2.46107 -17.4379 2.6
      vertex -2.39999 -17 2.6
    endloop
  endfacet
  facet normal 0 -0.705457 -0.708753
    outer loop
      vertex -38 -20.75 4.74
      vertex -4 -18.6 2.6
      vertex -4 -20.75 4.74
    endloop
  endfacet
  facet normal -0 -0.705457 -0.708753
    outer loop
      vertex -4 -18.6 2.6
      vertex -38 -20.75 4.74
      vertex -38 -18.6 2.6
    endloop
  endfacet
  facet normal -0.693441 0.125264 -0.709541
    outer loop
      vertex -39.5389 17.4379 2.6
      vertex -41.7137 17.5203 4.74
      vertex -41.6607 17.8137 4.74
    endloop
  endfacet
  facet normal 0.656788 -0.254461 -0.709845
    outer loop
      vertex -0.514435 -18.3832 4.74
      vertex -2.56773 -17.7132 2.6
      vertex -2.46107 -17.4379 2.6
    endloop
  endfacet
  facet normal 0.665546 -0.233939 -0.708746
    outer loop
      vertex -0.514435 -18.3832 4.74
      vertex -2.46107 -17.4379 2.6
      vertex -0.415558 -18.1019 4.74
    endloop
  endfacet
  facet normal -0.441538 0.550148 -0.708788
    outer loop
      vertex -39.0779 18.1824 2.6
      vertex -40.4608 19.8296 4.74
      vertex -40.2283 20.0162 4.74
    endloop
  endfacet
  facet normal 0.430664 0.559343 -0.708282
    outer loop
      vertex -1.5959 19.878 4.74
      vertex -3.03578 18.2768 2.6
      vertex -1.83215 20.0599 4.74
    endloop
  endfacet
  facet normal 0.682441 -0.18048 -0.708309
    outer loop
      vertex -0.415558 -18.1019 4.74
      vertex -2.46107 -17.4379 2.6
      vertex -0.33934 -17.8137 4.74
    endloop
  endfacet
  facet normal -0.476618 -0.87911 0
    outer loop
      vertex -39.9179 -20.2225 4.74
      vertex -39.6558 -20.3646 24.3
      vertex -39.9179 -20.2225 24.3
    endloop
  endfacet
  facet normal -0.476618 -0.87911 -0
    outer loop
      vertex -39.6558 -20.3646 24.3
      vertex -39.9179 -20.2225 4.74
      vertex -39.6558 -20.3646 4.74
    endloop
  endfacet
  facet normal 0.0837491 -0.700393 -0.708827
    outer loop
      vertex -3.70206 -20.7381 4.74
      vertex -3.70599 -18.5728 2.6
      vertex -3.40601 -20.7027 4.74
    endloop
  endfacet
  facet normal 0.685591 -0.727987 0
    outer loop
      vertex -1.53915 -19.8296 4.74
      vertex -1.32211 -19.6252 4.75
      vertex -1.53915 -19.8296 4.75
    endloop
  endfacet
  facet normal 0.685591 -0.727987 0
    outer loop
      vertex -1.32211 -19.6252 4.75
      vertex -1.53915 -19.8296 4.74
      vertex -1.32211 -19.6252 4.74
    endloop
  endfacet
  facet normal -0.999203 -0.0399145 0
    outer loop
      vertex -41.7381 -17.2979 4.74
      vertex -41.75 -17 24.3
      vertex -41.75 -17 4.74
    endloop
  endfacet
  facet normal -0.999203 -0.0399145 0
    outer loop
      vertex -41.75 -17 24.3
      vertex -41.7381 -17.2979 4.74
      vertex -41.7381 -17.2979 24.3
    endloop
  endfacet
  facet normal -0.74144 0.671019 0
    outer loop
      vertex -40.878 19.4041 4.74
      vertex -40.6779 19.6252 24.3
      vertex -40.6779 19.6252 4.74
    endloop
  endfacet
  facet normal -0.74144 0.671019 0
    outer loop
      vertex -40.6779 19.6252 24.3
      vertex -40.878 19.4041 4.74
      vertex -40.878 19.4041 24.3
    endloop
  endfacet
  facet normal 0.139444 -0.692011 -0.708291
    outer loop
      vertex -3.40601 -20.7027 4.74
      vertex -3.70599 -18.5728 2.6
      vertex -3.11371 -20.6438 4.74
    endloop
  endfacet
  facet normal 0.54527 0.83826 -0
    outer loop
      vertex -1.83215 20.0599 4.74
      vertex -2.08212 20.2225 4.75
      vertex -1.83215 20.0599 4.75
    endloop
  endfacet
  facet normal 0.54527 0.83826 0
    outer loop
      vertex -2.08212 20.2225 4.75
      vertex -1.83215 20.0599 4.74
      vertex -2.08212 20.2225 4.74
    endloop
  endfacet
  facet normal 0.254325 0.656832 -0.709853
    outer loop
      vertex -3.28682 18.4323 2.6
      vertex -3.56213 18.5389 2.6
      vertex -2.61676 20.4856 4.74
    endloop
  endfacet
  facet normal 0.0992713 0.99506 -0
    outer loop
      vertex -3.47974 20.7137 4.74
      vertex -3.77644 20.7433 4.75
      vertex -3.47974 20.7137 4.75
    endloop
  endfacet
  facet normal 0.0992713 0.99506 0
    outer loop
      vertex -3.77644 20.7433 4.75
      vertex -3.47974 20.7137 4.74
      vertex -3.77644 20.7433 4.74
    endloop
  endfacet
  facet normal 0 0 -1
    outer loop
      vertex 0.25 -17 4.75
      vertex -0.25 -17 4.75
      vertex 0.25 17 4.75
    endloop
  endfacet
  facet normal 0 0 -1
    outer loop
      vertex -0.256668 -17.2236 4.75
      vertex 0.25 -17 4.75
      vertex 0.261856 -17.2979 4.75
    endloop
  endfacet
  facet normal 0 0 -1
    outer loop
      vertex -0.28627 -17.5203 4.75
      vertex 0.261856 -17.2979 4.75
      vertex 0.297348 -17.594 4.75
    endloop
  endfacet
  facet normal 0 0 -1
    outer loop
      vertex -0.33934 -17.8137 4.75
      vertex 0.297348 -17.594 4.75
      vertex 0.356247 -17.8863 4.75
    endloop
  endfacet
  facet normal 0 0 -1
    outer loop
      vertex -0.415558 -18.1019 4.75
      vertex 0.356247 -17.8863 4.75
      vertex 0.438171 -18.173 4.75
    endloop
  endfacet
  facet normal 0 0 -1
    outer loop
      vertex -0.514435 -18.3832 4.75
      vertex 0.438171 -18.173 4.75
      vertex 0.542633 -18.4523 4.75
    endloop
  endfacet
  facet normal 0 0 -1
    outer loop
      vertex -0.635361 -18.6558 4.75
      vertex 0.542633 -18.4523 4.75
      vertex 0.668945 -18.7224 4.75
    endloop
  endfacet
  facet normal -0 0 -1
    outer loop
      vertex 0.25 -17 4.75
      vertex -0.256668 -17.2236 4.75
      vertex -0.25 -17 4.75
    endloop
  endfacet
  facet normal 0 0 -1
    outer loop
      vertex -0.777542 -18.9179 4.75
      vertex 0.668945 -18.7224 4.75
      vertex 0.816315 -18.9816 4.75
    endloop
  endfacet
  facet normal -0 0 -1
    outer loop
      vertex 0.261856 -17.2979 4.75
      vertex -0.28627 -17.5203 4.75
      vertex -0.256668 -17.2236 4.75
    endloop
  endfacet
  facet normal 0 0 -1
    outer loop
      vertex -0.940109 -19.1678 4.75
      vertex 0.816315 -18.9816 4.75
      vertex 0.98381 -19.2283 4.75
    endloop
  endfacet
  facet normal -0 0 -1
    outer loop
      vertex 0.297348 -17.594 4.75
      vertex -0.33934 -17.8137 4.75
      vertex -0.28627 -17.5203 4.75
    endloop
  endfacet
  facet normal 0 0 -1
    outer loop
      vertex -1.12201 -19.4041 4.75
      vertex 0.98381 -19.2283 4.75
      vertex 1.17038 -19.4608 4.75
    endloop
  endfacet
  facet normal -0 0 -1
    outer loop
      vertex 0.356247 -17.8863 4.75
      vertex -0.415558 -18.1019 4.75
      vertex -0.33934 -17.8137 4.75
    endloop
  endfacet
  facet normal 0 0 -1
    outer loop
      vertex -1.32211 -19.6252 4.75
      vertex 1.17038 -19.4608 4.75
      vertex 1.37485 -19.6779 4.75
    endloop
  endfacet
  facet normal 0 0 -1
    outer loop
      vertex -1.53915 -19.8296 4.75
      vertex 1.37485 -19.6779 4.75
      vertex 1.5959 -19.878 4.75
    endloop
  endfacet
  facet normal -0 0 -1
    outer loop
      vertex 0.438171 -18.173 4.75
      vertex -0.514435 -18.3832 4.75
      vertex -0.415558 -18.1019 4.75
    endloop
  endfacet
  facet normal 0 0 -1
    outer loop
      vertex -1.77174 -20.0162 4.75
      vertex 1.5959 -19.878 4.75
      vertex 1.83215 -20.0599 4.75
    endloop
  endfacet
  facet normal -0 0 -1
    outer loop
      vertex 0.542633 -18.4523 4.75
      vertex -0.635361 -18.6558 4.75
      vertex -0.514435 -18.3832 4.75
    endloop
  endfacet
  facet normal 0 0 -1
    outer loop
      vertex -2.01843 -20.1837 4.75
      vertex 1.83215 -20.0599 4.75
      vertex 2.08212 -20.2225 4.75
    endloop
  endfacet
  facet normal -0 0 -1
    outer loop
      vertex 0.668945 -18.7224 4.75
      vertex -0.777542 -18.9179 4.75
      vertex -0.635361 -18.6558 4.75
    endloop
  endfacet
  facet normal 0 0 -1
    outer loop
      vertex -2.27763 -20.3311 4.75
      vertex 2.08212 -20.2225 4.75
      vertex 2.34421 -20.3646 4.75
    endloop
  endfacet
  facet normal -0 0 -1
    outer loop
      vertex 0.816315 -18.9816 4.75
      vertex -0.940109 -19.1678 4.75
      vertex -0.777542 -18.9179 4.75
    endloop
  endfacet
  facet normal 0 0 -1
    outer loop
      vertex -2.54773 -20.4574 4.75
      vertex 2.34421 -20.3646 4.75
      vertex 2.61676 -20.4856 4.75
    endloop
  endfacet
  facet normal -0 0 -1
    outer loop
      vertex 0.98381 -19.2283 4.75
      vertex -1.12201 -19.4041 4.75
      vertex -0.940109 -19.1678 4.75
    endloop
  endfacet
  facet normal 0 0 -1
    outer loop
      vertex -2.82701 -20.5618 4.75
      vertex 2.61676 -20.4856 4.75
      vertex 2.89806 -20.5844 4.75
    endloop
  endfacet
  facet normal -0 0 -1
    outer loop
      vertex 1.17038 -19.4608 4.75
      vertex -1.32211 -19.6252 4.75
      vertex -1.12201 -19.4041 4.75
    endloop
  endfacet
  facet normal 0 0 -1
    outer loop
      vertex -3.11371 -20.6438 4.75
      vertex 2.89806 -20.5844 4.75
      vertex 3.18633 -20.6607 4.75
    endloop
  endfacet
  facet normal -0 0 -1
    outer loop
      vertex 1.37485 -19.6779 4.75
      vertex -1.53915 -19.8296 4.75
      vertex -1.32211 -19.6252 4.75
    endloop
  endfacet
  facet normal 0 0 -1
    outer loop
      vertex -3.40601 -20.7027 4.75
      vertex 3.18633 -20.6607 4.75
      vertex 3.47974 -20.7137 4.75
    endloop
  endfacet
  facet normal -0 0 -1
    outer loop
      vertex 1.5959 -19.878 4.75
      vertex -1.77174 -20.0162 4.75
      vertex -1.53915 -19.8296 4.75
    endloop
  endfacet
  facet normal -0 0 -1
    outer loop
      vertex 1.83215 -20.0599 4.75
      vertex -2.01843 -20.1837 4.75
      vertex -1.77174 -20.0162 4.75
    endloop
  endfacet
  facet normal 0 0 -1
    outer loop
      vertex -3.70206 -20.7381 4.75
      vertex 3.47974 -20.7137 4.75
      vertex 3.77644 -20.7433 4.75
    endloop
  endfacet
  facet normal -0 0 -1
    outer loop
      vertex 2.08212 -20.2225 4.75
      vertex -2.27763 -20.3311 4.75
      vertex -2.01843 -20.1837 4.75
    endloop
  endfacet
  facet normal -0 0 -1
    outer loop
      vertex 2.34421 -20.3646 4.75
      vertex -2.54773 -20.4574 4.75
      vertex -2.27763 -20.3311 4.75
    endloop
  endfacet
  facet normal -0 0 -1
    outer loop
      vertex 2.61676 -20.4856 4.75
      vertex -2.82701 -20.5618 4.75
      vertex -2.54773 -20.4574 4.75
    endloop
  endfacet
  facet normal 0 0 -1
    outer loop
      vertex -4 -20.75 4.75
      vertex 3.77644 -20.7433 4.75
      vertex 4 -20.75 4.75
    endloop
  endfacet
  facet normal -0 0 -1
    outer loop
      vertex 2.89806 -20.5844 4.75
      vertex -3.11371 -20.6438 4.75
      vertex -2.82701 -20.5618 4.75
    endloop
  endfacet
  facet normal -0 0 -1
    outer loop
      vertex 3.18633 -20.6607 4.75
      vertex -3.40601 -20.7027 4.75
      vertex -3.11371 -20.6438 4.75
    endloop
  endfacet
  facet normal -0 0 -1
    outer loop
      vertex 3.47974 -20.7137 4.75
      vertex -3.70206 -20.7381 4.75
      vertex -3.40601 -20.7027 4.75
    endloop
  endfacet
  facet normal -0 0 -1
    outer loop
      vertex 3.77644 -20.7433 4.75
      vertex -4 -20.75 4.75
      vertex -3.70206 -20.7381 4.75
    endloop
  endfacet
  facet normal 0 0 -1
    outer loop
      vertex -0.25 17 4.75
      vertex 0.25 17 4.75
      vertex -0.25 -17 4.75
    endloop
  endfacet
  facet normal 0 0 -1
    outer loop
      vertex -0.25 17 4.75
      vertex 0.256668 17.2236 4.75
      vertex 0.25 17 4.75
    endloop
  endfacet
  facet normal 0 0 -1
    outer loop
      vertex -0.261856 17.2979 4.75
      vertex 0.256668 17.2236 4.75
      vertex -0.25 17 4.75
    endloop
  endfacet
  facet normal 0 0 -1
    outer loop
      vertex 0.256668 17.2236 4.75
      vertex -0.261856 17.2979 4.75
      vertex 0.28627 17.5203 4.75
    endloop
  endfacet
  facet normal 0 0 -1
    outer loop
      vertex -0.297348 17.594 4.75
      vertex 0.28627 17.5203 4.75
      vertex -0.261856 17.2979 4.75
    endloop
  endfacet
  facet normal 0 0 -1
    outer loop
      vertex 0.28627 17.5203 4.75
      vertex -0.297348 17.594 4.75
      vertex 0.33934 17.8137 4.75
    endloop
  endfacet
  facet normal 0 0 -1
    outer loop
      vertex -0.356247 17.8863 4.75
      vertex 0.33934 17.8137 4.75
      vertex -0.297348 17.594 4.75
    endloop
  endfacet
  facet normal 0 0 -1
    outer loop
      vertex 0.33934 17.8137 4.75
      vertex -0.356247 17.8863 4.75
      vertex 0.415558 18.1019 4.75
    endloop
  endfacet
  facet normal 0 0 -1
    outer loop
      vertex -0.438171 18.173 4.75
      vertex 0.415558 18.1019 4.75
      vertex -0.356247 17.8863 4.75
    endloop
  endfacet
  facet normal 0 0 -1
    outer loop
      vertex 0.415558 18.1019 4.75
      vertex -0.438171 18.173 4.75
      vertex 0.514435 18.3832 4.75
    endloop
  endfacet
  facet normal 0 0 -1
    outer loop
      vertex -0.542633 18.4523 4.75
      vertex 0.514435 18.3832 4.75
      vertex -0.438171 18.173 4.75
    endloop
  endfacet
  facet normal 0 0 -1
    outer loop
      vertex 0.514435 18.3832 4.75
      vertex -0.542633 18.4523 4.75
      vertex 0.635361 18.6558 4.75
    endloop
  endfacet
  facet normal 0 0 -1
    outer loop
      vertex -0.668945 18.7224 4.75
      vertex 0.635361 18.6558 4.75
      vertex -0.542633 18.4523 4.75
    endloop
  endfacet
  facet normal 0 0 -1
    outer loop
      vertex 0.635361 18.6558 4.75
      vertex -0.668945 18.7224 4.75
      vertex 0.777542 18.9179 4.75
    endloop
  endfacet
  facet normal 0 0 -1
    outer loop
      vertex -0.816315 18.9816 4.75
      vertex 0.777542 18.9179 4.75
      vertex -0.668945 18.7224 4.75
    endloop
  endfacet
  facet normal 0 0 -1
    outer loop
      vertex 0.777542 18.9179 4.75
      vertex -0.816315 18.9816 4.75
      vertex 0.940109 19.1678 4.75
    endloop
  endfacet
  facet normal 0 0 -1
    outer loop
      vertex -0.98381 19.2283 4.75
      vertex 0.940109 19.1678 4.75
      vertex -0.816315 18.9816 4.75
    endloop
  endfacet
  facet normal 0 0 -1
    outer loop
      vertex 0.940109 19.1678 4.75
      vertex -0.98381 19.2283 4.75
      vertex 1.12201 19.4041 4.75
    endloop
  endfacet
  facet normal 0 0 -1
    outer loop
      vertex -1.17038 19.4608 4.75
      vertex 1.12201 19.4041 4.75
      vertex -0.98381 19.2283 4.75
    endloop
  endfacet
  facet normal 0 0 -1
    outer loop
      vertex 1.12201 19.4041 4.75
      vertex -1.17038 19.4608 4.75
      vertex 1.32211 19.6252 4.75
    endloop
  endfacet
  facet normal 0 0 -1
    outer loop
      vertex -1.37485 19.6779 4.75
      vertex 1.32211 19.6252 4.75
      vertex -1.17038 19.4608 4.75
    endloop
  endfacet
  facet normal 0 0 -1
    outer loop
      vertex 1.32211 19.6252 4.75
      vertex -1.37485 19.6779 4.75
      vertex 1.53915 19.8296 4.75
    endloop
  endfacet
  facet normal 0 0 -1
    outer loop
      vertex -1.5959 19.878 4.75
      vertex 1.53915 19.8296 4.75
      vertex -1.37485 19.6779 4.75
    endloop
  endfacet
  facet normal 0 0 -1
    outer loop
      vertex 1.53915 19.8296 4.75
      vertex -1.5959 19.878 4.75
      vertex 1.77174 20.0162 4.75
    endloop
  endfacet
  facet normal 0 0 -1
    outer loop
      vertex -1.83215 20.0599 4.75
      vertex 1.77174 20.0162 4.75
      vertex -1.5959 19.878 4.75
    endloop
  endfacet
  facet normal 0 0 -1
    outer loop
      vertex 1.77174 20.0162 4.75
      vertex -1.83215 20.0599 4.75
      vertex 2.01843 20.1837 4.75
    endloop
  endfacet
  facet normal 0 0 -1
    outer loop
      vertex -2.08212 20.2225 4.75
      vertex 2.01843 20.1837 4.75
      vertex -1.83215 20.0599 4.75
    endloop
  endfacet
  facet normal 0 0 -1
    outer loop
      vertex 2.01843 20.1837 4.75
      vertex -2.08212 20.2225 4.75
      vertex 2.27763 20.3311 4.75
    endloop
  endfacet
  facet normal 0 0 -1
    outer loop
      vertex -2.34421 20.3646 4.75
      vertex 2.27763 20.3311 4.75
      vertex -2.08212 20.2225 4.75
    endloop
  endfacet
  facet normal 0 0 -1
    outer loop
      vertex 2.27763 20.3311 4.75
      vertex -2.34421 20.3646 4.75
      vertex 2.54773 20.4574 4.75
    endloop
  endfacet
  facet normal 0 0 -1
    outer loop
      vertex -2.61676 20.4856 4.75
      vertex 2.54773 20.4574 4.75
      vertex -2.34421 20.3646 4.75
    endloop
  endfacet
  facet normal 0 0 -1
    outer loop
      vertex 2.54773 20.4574 4.75
      vertex -2.61676 20.4856 4.75
      vertex 2.82701 20.5618 4.75
    endloop
  endfacet
  facet normal 0 0 -1
    outer loop
      vertex -2.89806 20.5844 4.75
      vertex 2.82701 20.5618 4.75
      vertex -2.61676 20.4856 4.75
    endloop
  endfacet
  facet normal 0 0 -1
    outer loop
      vertex 2.82701 20.5618 4.75
      vertex -2.89806 20.5844 4.75
      vertex 3.11371 20.6438 4.75
    endloop
  endfacet
  facet normal 0 0 -1
    outer loop
      vertex -3.18633 20.6607 4.75
      vertex 3.11371 20.6438 4.75
      vertex -2.89806 20.5844 4.75
    endloop
  endfacet
  facet normal 0 0 -1
    outer loop
      vertex 3.11371 20.6438 4.75
      vertex -3.18633 20.6607 4.75
      vertex 3.40601 20.7027 4.75
    endloop
  endfacet
  facet normal 0 0 -1
    outer loop
      vertex -3.47974 20.7137 4.75
      vertex 3.40601 20.7027 4.75
      vertex -3.18633 20.6607 4.75
    endloop
  endfacet
  facet normal 0 0 -1
    outer loop
      vertex 3.40601 20.7027 4.75
      vertex -3.47974 20.7137 4.75
      vertex 3.70206 20.7381 4.75
    endloop
  endfacet
  facet normal 0 0 -1
    outer loop
      vertex -3.77644 20.7433 4.75
      vertex 3.70206 20.7381 4.75
      vertex -3.47974 20.7137 4.75
    endloop
  endfacet
  facet normal 0 0 -1
    outer loop
      vertex 3.70206 20.7381 4.75
      vertex -3.77644 20.7433 4.75
      vertex 4 20.75 4.75
    endloop
  endfacet
  facet normal -0 0 -1
    outer loop
      vertex 4 20.75 4.75
      vertex -3.77644 20.7433 4.75
      vertex -4 20.75 4.75
    endloop
  endfacet
  facet normal 0.980297 0.197532 0
    outer loop
      vertex -0.297348 17.594 4.75
      vertex -0.356247 17.8863 4.74
      vertex -0.356247 17.8863 4.75
    endloop
  endfacet
  facet normal 0.980297 0.197532 0
    outer loop
      vertex -0.356247 17.8863 4.74
      vertex -0.297348 17.594 4.75
      vertex -0.297348 17.594 4.74
    endloop
  endfacet
  facet normal 0.705302 -0.0210329 -0.708595
    outer loop
      vertex -0.256668 -17.2236 4.74
      vertex -2.39999 -17 2.6
      vertex -0.25 -17 4.74
    endloop
  endfacet
  facet normal -0.700394 -0.0837351 -0.708827
    outer loop
      vertex -41.7027 -17.594 4.74
      vertex -41.7381 -17.2979 4.74
      vertex -39.5728 -17.294 2.6
    endloop
  endfacet
  facet normal -0.992929 -0.118709 0
    outer loop
      vertex -41.7027 -17.594 4.74
      vertex -41.7381 -17.2979 24.3
      vertex -41.7381 -17.2979 4.74
    endloop
  endfacet
  facet normal -0.992929 -0.118709 0
    outer loop
      vertex -41.7381 -17.2979 24.3
      vertex -41.7027 -17.594 4.74
      vertex -41.7027 -17.594 24.3
    endloop
  endfacet
  facet normal 0.396428 -0.58385 -0.708494
    outer loop
      vertex -2.01843 -20.1837 4.74
      vertex -3.15771 -18.3604 2.6
      vertex -1.77174 -20.0162 4.74
    endloop
  endfacet
  facet normal -0.671019 -0.74144 0
    outer loop
      vertex -40.6252 -19.6779 4.74
      vertex -40.4041 -19.878 24.3
      vertex -40.6252 -19.6779 24.3
    endloop
  endfacet
  facet normal -0.671019 -0.74144 -0
    outer loop
      vertex -40.4041 -19.878 24.3
      vertex -40.6252 -19.6779 4.74
      vertex -40.4041 -19.878 4.74
    endloop
  endfacet
  facet normal 0.878997 -0.476828 0
    outer loop
      vertex -0.777542 -18.9179 4.75
      vertex -0.635361 -18.6558 4.74
      vertex -0.635361 -18.6558 4.75
    endloop
  endfacet
  facet normal 0.878997 -0.476828 0
    outer loop
      vertex -0.635361 -18.6558 4.74
      vertex -0.777542 -18.9179 4.75
      vertex -0.777542 -18.9179 4.74
    endloop
  endfacet
  facet normal 0.645068 -0.286154 -0.708522
    outer loop
      vertex -0.635361 -18.6558 4.74
      vertex -2.56773 -17.7132 2.6
      vertex -0.514435 -18.3832 4.74
    endloop
  endfacet
  facet normal -0.87911 0.476618 0
    outer loop
      vertex -41.3646 18.6558 4.74
      vertex -41.2225 18.9179 24.3
      vertex -41.2225 18.9179 4.74
    endloop
  endfacet
  facet normal -0.87911 0.476618 0
    outer loop
      vertex -41.2225 18.9179 24.3
      vertex -41.3646 18.6558 4.74
      vertex -41.3646 18.6558 24.3
    endloop
  endfacet
  facet normal 0.255871 0.966711 -0
    outer loop
      vertex -2.89806 20.5844 4.74
      vertex -3.18633 20.6607 4.75
      vertex -2.89806 20.5844 4.75
    endloop
  endfacet
  facet normal 0.255871 0.966711 0
    outer loop
      vertex -3.18633 20.6607 4.75
      vertex -2.89806 20.5844 4.74
      vertex -3.18633 20.6607 4.74
    endloop
  endfacet
  facet normal -0.705457 0 -0.708753
    outer loop
      vertex -41.75 -17 4.74
      vertex -39.6 17 2.6
      vertex -39.6 -17 2.6
    endloop
  endfacet
  facet normal -0.705457 0 -0.708753
    outer loop
      vertex -39.6 17 2.6
      vertex -41.75 -17 4.74
      vertex -41.75 17 4.74
    endloop
  endfacet
  facet normal -0.286303 -0.64501 -0.708515
    outer loop
      vertex -39.3832 -20.4856 4.74
      vertex -39.6558 -20.3646 4.74
      vertex -38.7132 -18.4323 2.6
    endloop
  endfacet
  facet normal 0.914097 -0.405496 0
    outer loop
      vertex -0.635361 -18.6558 4.75
      vertex -0.514435 -18.3832 4.74
      vertex -0.514435 -18.3832 4.75
    endloop
  endfacet
  facet normal 0.914097 -0.405496 0
    outer loop
      vertex -0.514435 -18.3832 4.74
      vertex -0.635361 -18.6558 4.75
      vertex -0.635361 -18.6558 4.74
    endloop
  endfacet
  facet normal 0.70518 0.0280652 -0.708472
    outer loop
      vertex -0.25 17 4.74
      vertex -2.39999 17 2.6
      vertex -0.261856 17.2979 4.74
    endloop
  endfacet
  facet normal -0.370982 -0.59882 -0.70978
    outer loop
      vertex -38.7132 -18.4323 2.6
      vertex -39.9179 -20.2225 4.74
      vertex -38.9642 -18.2768 2.6
    endloop
  endfacet
  facet normal -0.336393 -0.620469 -0.708419
    outer loop
      vertex -39.6558 -20.3646 4.74
      vertex -39.9179 -20.2225 4.74
      vertex -38.7132 -18.4323 2.6
    endloop
  endfacet
  facet normal -0.68549 0.728082 0
    outer loop
      vertex -40.4608 19.8296 4.74
      vertex -40.6779 19.6252 24.3
      vertex -40.4608 19.8296 24.3
    endloop
  endfacet
  facet normal -0.68549 0.728082 0
    outer loop
      vertex -40.6779 19.6252 24.3
      vertex -40.4608 19.8296 4.74
      vertex -40.6779 19.6252 4.74
    endloop
  endfacet
  facet normal -0.583856 -0.396416 -0.708496
    outer loop
      vertex -41.0162 -19.2283 4.74
      vertex -41.1837 -18.9816 4.74
      vertex -39.3604 -17.8423 2.6
    endloop
  endfacet
  facet normal 0.47306 0.522588 -0.709307
    outer loop
      vertex -1.37485 19.6779 4.74
      vertex -3.03578 18.2768 2.6
      vertex -1.5959 19.878 4.74
    endloop
  endfacet
  facet normal 0.37094 0.598847 -0.709779
    outer loop
      vertex -3.03578 18.2768 2.6
      vertex -3.28682 18.4323 2.6
      vertex -2.08212 20.2225 4.74
    endloop
  endfacet
  facet normal 0.42458 -0.56202 -0.709835
    outer loop
      vertex -1.77174 -20.0162 4.74
      vertex -3.15771 -18.3604 2.6
      vertex -2.92209 -18.1824 2.6
    endloop
  endfacet
  facet normal 0.29877 -0.638938 -0.708868
    outer loop
      vertex -2.54773 -20.4574 4.74
      vertex -3.42201 -18.492 2.6
      vertex -2.27763 -20.3311 4.74
    endloop
  endfacet
  facet normal 0.701377 0.0650324 -0.709818
    outer loop
      vertex -2.39999 17 2.6
      vertex -2.42725 17.294 2.6
      vertex -0.261856 17.2979 4.74
    endloop
  endfacet
  facet normal -0.661248 -0.247169 -0.708279
    outer loop
      vertex -41.4574 -18.4523 4.74
      vertex -41.5618 -18.173 4.74
      vertex -39.492 -17.578 2.6
    endloop
  endfacet
  facet normal 0.999556 -0.0298079 0
    outer loop
      vertex -0.256668 -17.2236 4.75
      vertex -0.25 -17 4.74
      vertex -0.25 -17 4.75
    endloop
  endfacet
  facet normal 0.999556 -0.0298079 0
    outer loop
      vertex -0.25 -17 4.74
      vertex -0.256668 -17.2236 4.75
      vertex -0.256668 -17.2236 4.74
    endloop
  endfacet
  facet normal 1 -0 0
    outer loop
      vertex -0.25 -17 4.75
      vertex -0.25 17 4.74
      vertex -0.25 17 4.75
    endloop
  endfacet
  facet normal 1 0 0
    outer loop
      vertex -0.25 17 4.74
      vertex -0.25 -17 4.75
      vertex -0.25 -17 4.74
    endloop
  endfacet
  facet normal -0.961448 -0.274987 0
    outer loop
      vertex -41.5618 -18.173 4.74
      vertex -41.6438 -17.8863 24.3
      vertex -41.6438 -17.8863 4.74
    endloop
  endfacet
  facet normal -0.961448 -0.274987 0
    outer loop
      vertex -41.6438 -17.8863 24.3
      vertex -41.5618 -18.173 4.74
      vertex -41.5618 -18.173 24.3
    endloop
  endfacet
  facet normal -0.638937 -0.29877 -0.70887
    outer loop
      vertex -41.3311 -18.7224 4.74
      vertex -41.4574 -18.4523 4.74
      vertex -39.492 -17.578 2.6
    endloop
  endfacet
  facet normal -0.68239 0.180661 -0.708312
    outer loop
      vertex -39.5389 17.4379 2.6
      vertex -41.6607 17.8137 4.74
      vertex -41.5844 18.1019 4.74
    endloop
  endfacet
  facet normal 0.423583 -0.905857 0
    outer loop
      vertex -2.54773 -20.4574 4.74
      vertex -2.27763 -20.3311 4.75
      vertex -2.54773 -20.4574 4.75
    endloop
  endfacet
  facet normal 0.423583 -0.905857 0
    outer loop
      vertex -2.27763 -20.3311 4.75
      vertex -2.54773 -20.4574 4.74
      vertex -2.27763 -20.3311 4.74
    endloop
  endfacet
  facet normal -0.396416 0.583856 -0.708496
    outer loop
      vertex -38.8423 18.3604 2.6
      vertex -40.2283 20.0162 4.74
      vertex -39.9816 20.1837 4.74
    endloop
  endfacet
  facet normal 0.625774 -0.780004 0
    outer loop
      vertex -1.77174 -20.0162 4.74
      vertex -1.53915 -19.8296 4.75
      vertex -1.77174 -20.0162 4.75
    endloop
  endfacet
  facet normal 0.625774 -0.780004 0
    outer loop
      vertex -1.53915 -19.8296 4.75
      vertex -1.77174 -20.0162 4.74
      vertex -1.53915 -19.8296 4.74
    endloop
  endfacet
  facet normal -0.483893 0.513959 -0.708303
    outer loop
      vertex -39.0779 18.1824 2.6
      vertex -40.6779 19.6252 4.74
      vertex -40.4608 19.8296 4.74
    endloop
  endfacet
  facet normal -0.348882 0.613501 -0.708447
    outer loop
      vertex -38.8423 18.3604 2.6
      vertex -39.9816 20.1837 4.74
      vertex -39.7224 20.3311 4.74
    endloop
  endfacet
  facet normal -0.424601 0.561999 -0.709839
    outer loop
      vertex -39.0779 18.1824 2.6
      vertex -40.2283 20.0162 4.74
      vertex -38.8423 18.3604 2.6
    endloop
  endfacet
  facet normal 0.384574 0.591217 -0.708918
    outer loop
      vertex -1.83215 20.0599 4.74
      vertex -3.03578 18.2768 2.6
      vertex -2.08212 20.2225 4.74
    endloop
  endfacet
  facet normal -0.705299 0.0211337 -0.708595
    outer loop
      vertex -39.6 17 2.6
      vertex -41.75 17 4.74
      vertex -41.7433 17.2236 4.74
    endloop
  endfacet
  facet normal 0.69201 0.139441 -0.708292
    outer loop
      vertex -0.297348 17.594 4.74
      vertex -2.42725 17.294 2.6
      vertex -0.356247 17.8863 4.74
    endloop
  endfacet
  facet normal -0.620469 0.336393 -0.708419
    outer loop
      vertex -39.4323 17.7132 2.6
      vertex -41.3646 18.6558 4.74
      vertex -41.2225 18.9179 4.74
    endloop
  endfacet
  facet normal -0.64501 0.286303 -0.708515
    outer loop
      vertex -39.4323 17.7132 2.6
      vertex -41.4856 18.3832 4.74
      vertex -41.3646 18.6558 4.74
    endloop
  endfacet
  facet normal -0.0299508 -0.999551 0
    outer loop
      vertex -38.2236 -20.7433 4.74
      vertex -38 -20.75 24.3
      vertex -38.2236 -20.7433 24.3
    endloop
  endfacet
  facet normal -0.0299508 -0.999551 -0
    outer loop
      vertex -38 -20.75 24.3
      vertex -38.2236 -20.7433 4.74
      vertex -38 -20.75 4.74
    endloop
  endfacet
  facet normal -0.0211337 -0.705299 -0.708595
    outer loop
      vertex -38 -20.75 4.74
      vertex -38.2236 -20.7433 4.74
      vertex -38 -18.6 2.6
    endloop
  endfacet
  facet normal -0.984073 0.177764 0
    outer loop
      vertex -41.7137 17.5203 4.74
      vertex -41.6607 17.8137 24.3
      vertex -41.6607 17.8137 4.74
    endloop
  endfacet
  facet normal -0.984073 0.177764 0
    outer loop
      vertex -41.6607 17.8137 24.3
      vertex -41.7137 17.5203 4.74
      vertex -41.7137 17.5203 24.3
    endloop
  endfacet
  facet normal 0.313969 -0.630563 -0.709798
    outer loop
      vertex -2.27763 -20.3311 4.74
      vertex -3.42201 -18.492 2.6
      vertex -3.15771 -18.3604 2.6
    endloop
  endfacet
  facet normal 0.520809 -0.474767 -0.709475
    outer loop
      vertex -1.32211 -19.6252 4.74
      vertex -2.92209 -18.1824 2.6
      vertex -2.72318 -17.9642 2.6
    endloop
  endfacet
  facet normal 0.610067 0.79235 -0
    outer loop
      vertex -1.5959 19.878 4.74
      vertex -1.83215 20.0599 4.75
      vertex -1.5959 19.878 4.75
    endloop
  endfacet
  facet normal 0.610067 0.79235 0
    outer loop
      vertex -1.83215 20.0599 4.75
      vertex -1.5959 19.878 4.74
      vertex -1.83215 20.0599 4.74
    endloop
  endfacet
  facet normal 0.99506 -0.0992779 0
    outer loop
      vertex -0.28627 -17.5203 4.75
      vertex -0.256668 -17.2236 4.74
      vertex -0.256668 -17.2236 4.75
    endloop
  endfacet
  facet normal 0.99506 -0.0992779 0
    outer loop
      vertex -0.256668 -17.2236 4.74
      vertex -0.28627 -17.5203 4.75
      vertex -0.28627 -17.5203 4.74
    endloop
  endfacet
  facet normal 0.984032 -0.177991 0
    outer loop
      vertex -0.33934 -17.8137 4.75
      vertex -0.28627 -17.5203 4.74
      vertex -0.28627 -17.5203 4.75
    endloop
  endfacet
  facet normal 0.984032 -0.177991 0
    outer loop
      vertex -0.28627 -17.5203 4.74
      vertex -0.33934 -17.8137 4.75
      vertex -0.33934 -17.8137 4.74
    endloop
  endfacet
  facet normal 0.779935 0.62586 0
    outer loop
      vertex -0.98381 19.2283 4.75
      vertex -1.17038 19.4608 4.74
      vertex -1.17038 19.4608 4.75
    endloop
  endfacet
  facet normal 0.779935 0.62586 0
    outer loop
      vertex -1.17038 19.4608 4.74
      vertex -0.98381 19.2283 4.75
      vertex -0.98381 19.2283 4.74
    endloop
  endfacet
  facet normal 0.701163 -0.0699556 -0.709561
    outer loop
      vertex -0.28627 -17.5203 4.74
      vertex -2.39999 -17 2.6
      vertex -0.256668 -17.2236 4.74
    endloop
  endfacet
  facet normal 0.630552 0.313988 -0.7098
    outer loop
      vertex -2.50804 17.578 2.6
      vertex -2.63965 17.8423 2.6
      vertex -0.668945 18.7224 4.74
    endloop
  endfacet
  facet normal -0.827325 -0.561723 0
    outer loop
      vertex -41.0162 -19.2283 4.74
      vertex -41.1837 -18.9816 24.3
      vertex -41.1837 -18.9816 4.74
    endloop
  endfacet
  facet normal -0.827325 -0.561723 0
    outer loop
      vertex -41.1837 -18.9816 24.3
      vertex -41.0162 -19.2283 4.74
      vertex -41.0162 -19.2283 24.3
    endloop
  endfacet
  facet normal -0.943497 0.331381 0
    outer loop
      vertex -41.5844 18.1019 4.74
      vertex -41.4856 18.3832 24.3
      vertex -41.4856 18.3832 4.74
    endloop
  endfacet
  facet normal -0.943497 0.331381 0
    outer loop
      vertex -41.4856 18.3832 24.3
      vertex -41.5844 18.1019 4.74
      vertex -41.5844 18.1019 24.3
    endloop
  endfacet
  facet normal -0.701167 0.0699513 -0.709557
    outer loop
      vertex -39.6 17 2.6
      vertex -41.7433 17.2236 4.74
      vertex -41.7137 17.5203 4.74
    endloop
  endfacet
  facet normal 0.79241 -0.609988 0
    outer loop
      vertex -1.12201 -19.4041 4.75
      vertex -0.940109 -19.1678 4.74
      vertex -0.940109 -19.1678 4.75
    endloop
  endfacet
  facet normal 0.79241 -0.609988 0
    outer loop
      vertex -0.940109 -19.1678 4.74
      vertex -1.12201 -19.4041 4.75
      vertex -1.12201 -19.4041 4.74
    endloop
  endfacet
  facet normal 0.559389 -0.430611 -0.708278
    outer loop
      vertex -1.12201 -19.4041 4.74
      vertex -2.72318 -17.9642 2.6
      vertex -0.940109 -19.1678 4.74
    endloop
  endfacet
  facet normal 0.943416 -0.331611 0
    outer loop
      vertex -0.514435 -18.3832 4.75
      vertex -0.415558 -18.1019 4.74
      vertex -0.415558 -18.1019 4.75
    endloop
  endfacet
  facet normal 0.943416 -0.331611 0
    outer loop
      vertex -0.415558 -18.1019 4.74
      vertex -0.514435 -18.3832 4.75
      vertex -0.514435 -18.3832 4.74
    endloop
  endfacet
  facet normal 0.405765 0.913977 -0
    outer loop
      vertex -2.34421 20.3646 4.74
      vertex -2.61676 20.4856 4.75
      vertex -2.34421 20.3646 4.75
    endloop
  endfacet
  facet normal 0.405765 0.913977 0
    outer loop
      vertex -2.61676 20.4856 4.75
      vertex -2.34421 20.3646 4.74
      vertex -2.61676 20.4856 4.74
    endloop
  endfacet
  facet normal 0.700366 0.0839493 -0.70883
    outer loop
      vertex -0.261856 17.2979 4.74
      vertex -2.42725 17.294 2.6
      vertex -0.297348 17.594 4.74
    endloop
  endfacet
  facet normal -0.905857 -0.423583 0
    outer loop
      vertex -41.3311 -18.7224 4.74
      vertex -41.4574 -18.4523 24.3
      vertex -41.4574 -18.4523 4.74
    endloop
  endfacet
  facet normal -0.905857 -0.423583 0
    outer loop
      vertex -41.4574 -18.4523 24.3
      vertex -41.3311 -18.7224 4.74
      vertex -41.3311 -18.7224 24.3
    endloop
  endfacet
  facet normal -0.550148 -0.441538 -0.708788
    outer loop
      vertex -40.8296 -19.4608 4.74
      vertex -41.0162 -19.2283 4.74
      vertex -39.1824 -18.0779 2.6
    endloop
  endfacet
  facet normal -0.966695 0.255929 0
    outer loop
      vertex -41.6607 17.8137 4.74
      vertex -41.5844 18.1019 24.3
      vertex -41.5844 18.1019 4.74
    endloop
  endfacet
  facet normal -0.966695 0.255929 0
    outer loop
      vertex -41.5844 18.1019 24.3
      vertex -41.6607 17.8137 4.74
      vertex -41.6607 17.8137 24.3
    endloop
  endfacet
  facet normal -0.384651 -0.59117 -0.708916
    outer loop
      vertex -39.9179 -20.2225 4.74
      vertex -40.1678 -20.0599 4.74
      vertex -38.9642 -18.2768 2.6
    endloop
  endfacet
  facet normal -0.609986 -0.792412 0
    outer loop
      vertex -40.4041 -19.878 4.74
      vertex -40.1678 -20.0599 24.3
      vertex -40.4041 -19.878 24.3
    endloop
  endfacet
  facet normal -0.609986 -0.792412 -0
    outer loop
      vertex -40.1678 -20.0599 24.3
      vertex -40.4041 -19.878 4.74
      vertex -40.1678 -20.0599 4.74
    endloop
  endfacet
  facet normal 0.74144 -0.671019 0
    outer loop
      vertex -1.32211 -19.6252 4.75
      vertex -1.12201 -19.4041 4.74
      vertex -1.12201 -19.4041 4.75
    endloop
  endfacet
  facet normal 0.74144 -0.671019 0
    outer loop
      vertex -1.12201 -19.4041 4.74
      vertex -1.32211 -19.6252 4.75
      vertex -1.32211 -19.6252 4.74
    endloop
  endfacet
  facet normal -0.350131 0.936701 0
    outer loop
      vertex -39.173 20.5618 4.74
      vertex -39.4523 20.4574 24.3
      vertex -39.173 20.5618 24.3
    endloop
  endfacet
  facet normal -0.350131 0.936701 0
    outer loop
      vertex -39.4523 20.4574 24.3
      vertex -39.173 20.5618 4.74
      vertex -39.4523 20.4574 4.74
    endloop
  endfacet
  facet normal -0.274987 0.961448 0
    outer loop
      vertex -38.8863 20.6438 4.74
      vertex -39.173 20.5618 24.3
      vertex -38.8863 20.6438 24.3
    endloop
  endfacet
  facet normal -0.274987 0.961448 0
    outer loop
      vertex -39.173 20.5618 24.3
      vertex -38.8863 20.6438 4.74
      vertex -39.173 20.5618 4.74
    endloop
  endfacet
  facet normal 0.197535 -0.980296 0
    outer loop
      vertex -3.40601 -20.7027 4.74
      vertex -3.11371 -20.6438 4.75
      vertex -3.40601 -20.7027 4.75
    endloop
  endfacet
  facet normal 0.197535 -0.980296 0
    outer loop
      vertex -3.11371 -20.6438 4.75
      vertex -3.40601 -20.7027 4.74
      vertex -3.11371 -20.6438 4.74
    endloop
  endfacet
  facet normal -0.936701 -0.350131 0
    outer loop
      vertex -41.4574 -18.4523 4.74
      vertex -41.5618 -18.173 24.3
      vertex -41.5618 -18.173 4.74
    endloop
  endfacet
  facet normal -0.936701 -0.350131 0
    outer loop
      vertex -41.5618 -18.173 24.3
      vertex -41.4574 -18.4523 4.74
      vertex -41.4574 -18.4523 24.3
    endloop
  endfacet
  facet normal -0.494332 0.869273 0
    outer loop
      vertex -39.7224 20.3311 4.74
      vertex -39.9816 20.1837 24.3
      vertex -39.7224 20.3311 24.3
    endloop
  endfacet
  facet normal -0.494332 0.869273 0
    outer loop
      vertex -39.9816 20.1837 24.3
      vertex -39.7224 20.3311 4.74
      vertex -39.9816 20.1837 4.74
    endloop
  endfacet
  facet normal -0.665602 0.233777 -0.708747
    outer loop
      vertex -39.5389 17.4379 2.6
      vertex -41.5844 18.1019 4.74
      vertex -41.4856 18.3832 4.74
    endloop
  endfacet
  facet normal 0.348882 -0.613503 -0.708446
    outer loop
      vertex -2.27763 -20.3311 4.74
      vertex -3.15771 -18.3604 2.6
      vertex -2.01843 -20.1837 4.74
    endloop
  endfacet
  facet normal -0.99506 0.0992713 0
    outer loop
      vertex -41.7433 17.2236 4.74
      vertex -41.7137 17.5203 24.3
      vertex -41.7137 17.5203 4.74
    endloop
  endfacet
  facet normal -0.99506 0.0992713 0
    outer loop
      vertex -41.7137 17.5203 24.3
      vertex -41.7433 17.2236 4.74
      vertex -41.7433 17.2236 24.3
    endloop
  endfacet
  facet normal -0.430608 -0.559387 -0.708282
    outer loop
      vertex -40.1678 -20.0599 4.74
      vertex -40.4041 -19.878 4.74
      vertex -38.9642 -18.2768 2.6
    endloop
  endfacet
  facet normal -0.423583 0.905857 0
    outer loop
      vertex -39.4523 20.4574 4.74
      vertex -39.7224 20.3311 24.3
      vertex -39.4523 20.4574 24.3
    endloop
  endfacet
  facet normal -0.423583 0.905857 0
    outer loop
      vertex -39.7224 20.3311 24.3
      vertex -39.4523 20.4574 4.74
      vertex -39.7224 20.3311 4.74
    endloop
  endfacet
  facet normal 0.936633 0.350313 0
    outer loop
      vertex -0.438171 18.173 4.75
      vertex -0.542633 18.4523 4.74
      vertex -0.542633 18.4523 4.75
    endloop
  endfacet
  facet normal 0.936633 0.350313 0
    outer loop
      vertex -0.542633 18.4523 4.74
      vertex -0.438171 18.173 4.75
      vertex -0.438171 18.173 4.74
    endloop
  endfacet
  facet normal 0.838241 -0.5453 0
    outer loop
      vertex -0.940109 -19.1678 4.75
      vertex -0.777542 -18.9179 4.74
      vertex -0.777542 -18.9179 4.75
    endloop
  endfacet
  facet normal 0.838241 -0.5453 0
    outer loop
      vertex -0.777542 -18.9179 4.74
      vertex -0.940109 -19.1678 4.75
      vertex -0.940109 -19.1678 4.74
    endloop
  endfacet
  facet normal 0.591209 -0.384598 -0.708912
    outer loop
      vertex -0.940109 -19.1678 4.74
      vertex -2.72318 -17.9642 2.6
      vertex -0.777542 -18.9179 4.74
    endloop
  endfacet
  facet normal 0.561738 -0.827315 0
    outer loop
      vertex -2.01843 -20.1837 4.74
      vertex -1.77174 -20.0162 4.75
      vertex -2.01843 -20.1837 4.75
    endloop
  endfacet
  facet normal 0.561738 -0.827315 0
    outer loop
      vertex -1.77174 -20.0162 4.75
      vertex -2.01843 -20.1837 4.74
      vertex -1.77174 -20.0162 4.74
    endloop
  endfacet
  facet normal 0.905842 0.423616 0
    outer loop
      vertex -0.542633 18.4523 4.75
      vertex -0.668945 18.7224 4.74
      vertex -0.668945 18.7224 4.75
    endloop
  endfacet
  facet normal 0.905842 0.423616 0
    outer loop
      vertex -0.668945 18.7224 4.74
      vertex -0.542633 18.4523 4.75
      vertex -0.542633 18.4523 4.74
    endloop
  endfacet
  facet normal -0.180661 -0.68239 -0.708312
    outer loop
      vertex -38.8137 -20.6607 4.74
      vertex -39.1019 -20.5844 4.74
      vertex -38.4379 -18.5389 2.6
    endloop
  endfacet
  facet normal -0.254334 -0.656832 -0.709849
    outer loop
      vertex -38.4379 -18.5389 2.6
      vertex -39.3832 -20.4856 4.74
      vertex -38.7132 -18.4323 2.6
    endloop
  endfacet
  facet normal -0.233777 -0.665602 -0.708747
    outer loop
      vertex -39.1019 -20.5844 4.74
      vertex -39.3832 -20.4856 4.74
      vertex -38.4379 -18.5389 2.6
    endloop
  endfacet
  facet normal -0.914005 0.405703 0
    outer loop
      vertex -41.4856 18.3832 4.74
      vertex -41.3646 18.6558 24.3
      vertex -41.3646 18.6558 4.74
    endloop
  endfacet
  facet normal -0.914005 0.405703 0
    outer loop
      vertex -41.3646 18.6558 24.3
      vertex -41.4856 18.3832 4.74
      vertex -41.4856 18.3832 24.3
    endloop
  endfacet
  facet normal 0.613529 0.348826 -0.708451
    outer loop
      vertex -0.668945 18.7224 4.74
      vertex -2.63965 17.8423 2.6
      vertex -0.816315 18.9816 4.74
    endloop
  endfacet
  facet normal -0.677891 -0.192865 -0.709414
    outer loop
      vertex -39.492 -17.578 2.6
      vertex -41.6438 -17.8863 4.74
      vertex -39.5728 -17.294 2.6
    endloop
  endfacet
  facet normal -0.677686 -0.193827 -0.709347
    outer loop
      vertex -41.5618 -18.173 4.74
      vertex -41.6438 -17.8863 4.74
      vertex -39.492 -17.578 2.6
    endloop
  endfacet
  facet normal -0.561723 0.827325 0
    outer loop
      vertex -39.9816 20.1837 4.74
      vertex -40.2283 20.0162 24.3
      vertex -39.9816 20.1837 24.3
    endloop
  endfacet
  facet normal -0.561723 0.827325 0
    outer loop
      vertex -40.2283 20.0162 24.3
      vertex -39.9816 20.1837 4.74
      vertex -40.2283 20.0162 4.74
    endloop
  endfacet
  facet normal 0.350153 -0.936693 0
    outer loop
      vertex -2.82701 -20.5618 4.74
      vertex -2.54773 -20.4574 4.75
      vertex -2.82701 -20.5618 4.75
    endloop
  endfacet
  facet normal 0.350153 -0.936693 0
    outer loop
      vertex -2.54773 -20.4574 4.75
      vertex -2.82701 -20.5618 4.74
      vertex -2.54773 -20.4574 4.74
    endloop
  endfacet
  facet normal -0.559387 0.430608 -0.708282
    outer loop
      vertex -39.2768 17.9642 2.6
      vertex -41.0599 19.1678 4.74
      vertex -40.878 19.4041 4.74
    endloop
  endfacet
  facet normal -0.59117 0.384651 -0.708916
    outer loop
      vertex -39.2768 17.9642 2.6
      vertex -41.2225 18.9179 4.74
      vertex -41.0599 19.1678 4.74
    endloop
  endfacet
  facet normal -0.999551 0.0299508 0
    outer loop
      vertex -41.75 17 4.74
      vertex -41.7433 17.2236 24.3
      vertex -41.7433 17.2236 4.74
    endloop
  endfacet
  facet normal -0.999551 0.0299508 0
    outer loop
      vertex -41.7433 17.2236 24.3
      vertex -41.75 17 4.74
      vertex -41.75 17 24.3
    endloop
  endfacet
  facet normal -0.625921 0.779886 0
    outer loop
      vertex -40.2283 20.0162 4.74
      vertex -40.4608 19.8296 24.3
      vertex -40.2283 20.0162 24.3
    endloop
  endfacet
  facet normal -0.625921 0.779886 0
    outer loop
      vertex -40.4608 19.8296 24.3
      vertex -40.2283 20.0162 4.74
      vertex -40.4608 19.8296 4.74
    endloop
  endfacet
  facet normal 0.483963 -0.513891 -0.708305
    outer loop
      vertex -1.53915 -19.8296 4.74
      vertex -2.92209 -18.1824 2.6
      vertex -1.32211 -19.6252 4.74
    endloop
  endfacet
  facet normal 0.992893 0.119013 0
    outer loop
      vertex -0.261856 17.2979 4.75
      vertex -0.297348 17.594 4.74
      vertex -0.297348 17.594 4.75
    endloop
  endfacet
  facet normal 0.992893 0.119013 0
    outer loop
      vertex -0.297348 17.594 4.74
      vertex -0.261856 17.2979 4.75
      vertex -0.261856 17.2979 4.74
    endloop
  endfacet
  facet normal 0.677723 0.193658 -0.709357
    outer loop
      vertex -0.356247 17.8863 4.74
      vertex -2.50804 17.578 2.6
      vertex -0.438171 18.173 4.74
    endloop
  endfacet
  facet normal 0.661195 0.247296 -0.708284
    outer loop
      vertex -0.438171 18.173 4.74
      vertex -2.50804 17.578 2.6
      vertex -0.542633 18.4523 4.74
    endloop
  endfacet
  facet normal 0.562078 0.424493 -0.709841
    outer loop
      vertex -2.63965 17.8423 2.6
      vertex -2.81758 18.0779 2.6
      vertex -0.98381 19.2283 4.74
    endloop
  endfacet
  facet normal 0.550183 0.441495 -0.708788
    outer loop
      vertex -0.98381 19.2283 4.74
      vertex -2.81758 18.0779 2.6
      vertex -1.17038 19.4608 4.74
    endloop
  endfacet
  facet normal -0.838191 0.545377 0
    outer loop
      vertex -41.2225 18.9179 4.74
      vertex -41.0599 19.1678 24.3
      vertex -41.0599 19.1678 4.74
    endloop
  endfacet
  facet normal -0.838191 0.545377 0
    outer loop
      vertex -41.0599 19.1678 24.3
      vertex -41.2225 18.9179 4.74
      vertex -41.2225 18.9179 24.3
    endloop
  endfacet
  facet normal -0.792412 0.609986 0
    outer loop
      vertex -41.0599 19.1678 4.74
      vertex -40.878 19.4041 24.3
      vertex -40.878 19.4041 4.74
    endloop
  endfacet
  facet normal -0.792412 0.609986 0
    outer loop
      vertex -40.878 19.4041 24.3
      vertex -41.0599 19.1678 4.74
      vertex -41.0599 19.1678 24.3
    endloop
  endfacet
  facet normal -0.545377 -0.838191 0
    outer loop
      vertex -40.1678 -20.0599 4.74
      vertex -39.9179 -20.2225 24.3
      vertex -40.1678 -20.0599 24.3
    endloop
  endfacet
  facet normal -0.545377 -0.838191 -0
    outer loop
      vertex -39.9179 -20.2225 24.3
      vertex -40.1678 -20.0599 4.74
      vertex -39.9179 -20.2225 4.74
    endloop
  endfacet
  facet normal 0.869316 0.494256 0
    outer loop
      vertex -0.668945 18.7224 4.75
      vertex -0.816315 18.9816 4.74
      vertex -0.816315 18.9816 4.75
    endloop
  endfacet
  facet normal 0.869316 0.494256 0
    outer loop
      vertex -0.816315 18.9816 4.74
      vertex -0.668945 18.7224 4.75
      vertex -0.668945 18.7224 4.74
    endloop
  endfacet
  facet normal 0.193827 -0.677686 -0.709347
    outer loop
      vertex -3.11371 -20.6438 4.74
      vertex -3.42201 -18.492 2.6
      vertex -2.82701 -20.5618 4.74
    endloop
  endfacet
  facet normal 0.247185 -0.661243 -0.708278
    outer loop
      vertex -2.82701 -20.5618 4.74
      vertex -3.42201 -18.492 2.6
      vertex -2.54773 -20.4574 4.74
    endloop
  endfacet
  facet normal 0.583857 0.396405 -0.708501
    outer loop
      vertex -0.816315 18.9816 4.74
      vertex -2.63965 17.8423 2.6
      vertex -0.98381 19.2283 4.74
    endloop
  endfacet
  facet normal 0.254257 0.656633 -0.710061
    outer loop
      vertex 38.7132 18.4323 0.79
      vertex 38.3566 17.7161 0
      vertex 38.4379 18.5389 0.79
    endloop
  endfacet
  facet normal 0.555994 -0.419721 -0.717429
    outer loop
      vertex 39.2768 -17.9642 0.79
      vertex 38.539 -17.5912 0
      vertex 38.7161 -17.3566 0
    endloop
  endfacet
  facet normal 0.419721 0.555994 -0.717429
    outer loop
      vertex 38.5912 17.539 0
      vertex 38.3566 17.7161 0
      vertex 38.9642 18.2768 0.79
    endloop
  endfacet
  facet normal 0.19269 -0.677278 -0.710046
    outer loop
      vertex 38.294 -18.5728 0.79
      vertex 38.289 -17.746 0
      vertex 38.578 -18.492 0.79
    endloop
  endfacet
  facet normal -0.630333 -0.313879 -0.710042
    outer loop
      vertex 2.63965 -17.8423 0.79
      vertex 2.50804 -17.578 0.79
      vertex 3.25403 -17.289 0
    endloop
  endfacet
  facet normal 1 -0 0
    outer loop
      vertex 39.6 -17 2.6
      vertex 39.6 17 0.79
      vertex 39.6 17 2.6
    endloop
  endfacet
  facet normal 1 0 0
    outer loop
      vertex 39.6 17 0.79
      vertex 39.6 -17 2.6
      vertex 39.6 -17 0.79
    endloop
  endfacet
  facet normal -1 0 0
    outer loop
      vertex 2.39999 -17 0.79
      vertex 2.39999 17 2.6
      vertex 2.39999 17 0.79
    endloop
  endfacet
  facet normal -1 -0 0
    outer loop
      vertex 2.39999 17 2.6
      vertex 2.39999 -17 0.79
      vertex 2.39999 -17 2.6
    endloop
  endfacet
  facet normal 0 1 -0
    outer loop
      vertex 38 18.6 0.79
      vertex 4 18.6 2.6
      vertex 38 18.6 2.6
    endloop
  endfacet
  facet normal 0 1 0
    outer loop
      vertex 4 18.6 2.6
      vertex 38 18.6 0.79
      vertex 4 18.6 0.79
    endloop
  endfacet
  facet normal 0.366725 -0.592256 -0.717457
    outer loop
      vertex 38.8423 -18.3604 0.79
      vertex 38.289 -17.746 0
      vertex 38.539 -17.5912 0
    endloop
  endfacet
  facet normal -0.555908 0.419822 -0.717437
    outer loop
      vertex 3.28387 17.3566 0
      vertex 2.72318 17.9642 0.79
      vertex 3.46104 17.5912 0
    endloop
  endfacet
  facet normal -0.0975787 -0.699293 -0.708144
    outer loop
      vertex 4 -18.6 0.79
      vertex 3.56213 -18.5389 0.79
      vertex 4 -17.8 0
    endloop
  endfacet
  facet normal 0.474387 0.520419 -0.710015
    outer loop
      vertex 39.1824 18.0779 0.79
      vertex 38.5912 17.539 0
      vertex 38.9642 18.2768 0.79
    endloop
  endfacet
  facet normal 0.313857 -0.630338 -0.710047
    outer loop
      vertex 38.578 -18.492 0.79
      vertex 38.289 -17.746 0
      vertex 38.8423 -18.3604 0.79
    endloop
  endfacet
  facet normal 0.0921236 -0.995748 0
    outer loop
      vertex 38 -18.6 0.79
      vertex 38.294 -18.5728 2.6
      vertex 38 -18.6 2.6
    endloop
  endfacet
  facet normal 0.0921236 -0.995748 0
    outer loop
      vertex 38.294 -18.5728 2.6
      vertex 38 -18.6 0.79
      vertex 38.294 -18.5728 0.79
    endloop
  endfacet
  facet normal -0.520394 0.474389 -0.710032
    outer loop
      vertex 3.46104 17.5912 0
      vertex 2.72318 17.9642 0.79
      vertex 2.92209 18.1824 0.79
    endloop
  endfacet
  facet normal 0.699293 -0.097572 -0.708145
    outer loop
      vertex 39.5389 -17.4379 0.79
      vertex 38.8 -17 0
      vertex 39.6 -17 0.79
    endloop
  endfacet
  facet normal 0.739035 -0.673667 0
    outer loop
      vertex 39.0779 -18.1824 2.6
      vertex 39.2768 -17.9642 0.79
      vertex 39.2768 -17.9642 2.6
    endloop
  endfacet
  facet normal 0.739035 -0.673667 0
    outer loop
      vertex 39.2768 -17.9642 0.79
      vertex 39.0779 -18.1824 2.6
      vertex 39.0779 -18.1824 0.79
    endloop
  endfacet
  facet normal 0.361089 0.932531 -0
    outer loop
      vertex 38.7132 18.4323 0.79
      vertex 38.4379 18.5389 2.6
      vertex 38.7132 18.4323 2.6
    endloop
  endfacet
  facet normal 0.361089 0.932531 0
    outer loop
      vertex 38.4379 18.5389 2.6
      vertex 38.7132 18.4323 0.79
      vertex 38.4379 18.5389 0.79
    endloop
  endfacet
  facet normal -0.0648676 0.701166 -0.710041
    outer loop
      vertex 4 17.8 0
      vertex 3.70599 18.5728 0.79
      vertex 4 18.6 0.79
    endloop
  endfacet
  facet normal -0.684753 -0.128018 -0.717443
    outer loop
      vertex 3.25403 -17.289 0
      vertex 2.42725 -17.294 0.79
      vertex 3.2 -17 0
    endloop
  endfacet
  facet normal 0 -1 0
    outer loop
      vertex 4 -18.6 0.79
      vertex 38 -18.6 2.6
      vertex 4 -18.6 2.6
    endloop
  endfacet
  facet normal 0 -1 -0
    outer loop
      vertex 38 -18.6 2.6
      vertex 4 -18.6 0.79
      vertex 38 -18.6 0.79
    endloop
  endfacet
  facet normal 0.850085 -0.526646 0
    outer loop
      vertex 39.2768 -17.9642 2.6
      vertex 39.4323 -17.7132 0.79
      vertex 39.4323 -17.7132 2.6
    endloop
  endfacet
  facet normal 0.850085 -0.526646 0
    outer loop
      vertex 39.4323 -17.7132 0.79
      vertex 39.2768 -17.9642 2.6
      vertex 39.2768 -17.9642 0.79
    endloop
  endfacet
  facet normal 0.526646 0.850085 -0
    outer loop
      vertex 38.9642 18.2768 0.79
      vertex 38.7132 18.4323 2.6
      vertex 38.9642 18.2768 2.6
    endloop
  endfacet
  facet normal 0.526646 0.850085 0
    outer loop
      vertex 38.7132 18.4323 2.6
      vertex 38.9642 18.2768 0.79
      vertex 38.7132 18.4323 0.79
    endloop
  endfacet
  facet normal 0.995748 0.0921236 0
    outer loop
      vertex 39.6 17 2.6
      vertex 39.5728 17.294 0.79
      vertex 39.5728 17.294 2.6
    endloop
  endfacet
  facet normal 0.995748 0.0921236 0
    outer loop
      vertex 39.5728 17.294 0.79
      vertex 39.6 17 2.6
      vertex 39.6 17 0.79
    endloop
  endfacet
  facet normal 0.561849 0.424487 -0.710026
    outer loop
      vertex 39.3604 17.8423 0.79
      vertex 38.5912 17.539 0
      vertex 39.1824 18.0779 0.79
    endloop
  endfacet
  facet normal 0.592256 0.366725 -0.717457
    outer loop
      vertex 38.746 17.289 0
      vertex 38.5912 17.539 0
      vertex 39.3604 17.8423 0.79
    endloop
  endfacet
  facet normal -0.370794 -0.598611 -0.710054
    outer loop
      vertex 3.28682 -18.4323 0.79
      vertex 3.03578 -18.2768 0.79
      vertex 3.6434 -17.7161 0
    endloop
  endfacet
  facet normal 0.96183 0.273647 0
    outer loop
      vertex 39.5728 17.294 2.6
      vertex 39.492 17.578 0.79
      vertex 39.492 17.578 2.6
    endloop
  endfacet
  facet normal 0.96183 0.273647 0
    outer loop
      vertex 39.492 17.578 0.79
      vertex 39.5728 17.294 2.6
      vertex 39.5728 17.294 0.79
    endloop
  endfacet
  facet normal 0.701166 0.0648698 -0.710041
    outer loop
      vertex 39.6 17 0.79
      vertex 38.8 17 0
      vertex 39.5728 17.294 0.79
    endloop
  endfacet
  facet normal 0.677278 0.19269 -0.710046
    outer loop
      vertex 39.5728 17.294 0.79
      vertex 38.746 17.289 0
      vertex 39.492 17.578 0.79
    endloop
  endfacet
  facet normal -0.313857 0.630338 -0.710047
    outer loop
      vertex 3.71101 17.746 0
      vertex 3.15771 18.3604 0.79
      vertex 3.42201 18.492 0.79
    endloop
  endfacet
  facet normal 0.932531 -0.361089 0
    outer loop
      vertex 39.4323 -17.7132 2.6
      vertex 39.5389 -17.4379 0.79
      vertex 39.5389 -17.4379 2.6
    endloop
  endfacet
  facet normal 0.932531 -0.361089 0
    outer loop
      vertex 39.5389 -17.4379 0.79
      vertex 39.4323 -17.7132 2.6
      vertex 39.4323 -17.7132 0.79
    endloop
  endfacet
  facet normal 0 -0.702646 -0.71154
    outer loop
      vertex 4 -18.6 0.79
      vertex 38 -17.8 0
      vertex 38 -18.6 0.79
    endloop
  endfacet
  facet normal -0 -0.702646 -0.71154
    outer loop
      vertex 38 -17.8 0
      vertex 4 -18.6 0.79
      vertex 4 -17.8 0
    endloop
  endfacet
  facet normal -0.995729 -0.0923251 0
    outer loop
      vertex 2.42725 -17.294 0.79
      vertex 2.39999 -17 2.6
      vertex 2.39999 -17 0.79
    endloop
  endfacet
  facet normal -0.995729 -0.0923251 0
    outer loop
      vertex 2.39999 -17 2.6
      vertex 2.42725 -17.294 0.79
      vertex 2.42725 -17.294 2.6
    endloop
  endfacet
  facet normal -0.192703 0.677273 -0.710047
    outer loop
      vertex 3.71101 17.746 0
      vertex 3.42201 18.492 0.79
      vertex 3.70599 18.5728 0.79
    endloop
  endfacet
  facet normal 0.138191 0.990406 -0
    outer loop
      vertex 38.4379 18.5389 0.79
      vertex 38 18.6 2.6
      vertex 38.4379 18.5389 2.6
    endloop
  endfacet
  facet normal 0.138191 0.990406 0
    outer loop
      vertex 38 18.6 2.6
      vertex 38.4379 18.5389 0.79
      vertex 38 18.6 0.79
    endloop
  endfacet
  facet normal 0.684751 0.127947 -0.717458
    outer loop
      vertex 38.8 17 0
      vertex 38.746 17.289 0
      vertex 39.5728 17.294 0.79
    endloop
  endfacet
  facet normal 0.895171 0.445723 0
    outer loop
      vertex 39.492 17.578 2.6
      vertex 39.3604 17.8423 0.79
      vertex 39.3604 17.8423 2.6
    endloop
  endfacet
  facet normal 0.895171 0.445723 0
    outer loop
      vertex 39.3604 17.8423 0.79
      vertex 39.492 17.578 2.6
      vertex 39.492 17.578 0.79
    endloop
  endfacet
  facet normal -0.445723 0.895171 0
    outer loop
      vertex 3.42201 18.492 0.79
      vertex 3.15771 18.3604 2.6
      vertex 3.42201 18.492 2.6
    endloop
  endfacet
  facet normal -0.445723 0.895171 0
    outer loop
      vertex 3.15771 18.3604 2.6
      vertex 3.42201 18.492 0.79
      vertex 3.15771 18.3604 0.79
    endloop
  endfacet
  facet normal -0.932463 0.361266 0
    outer loop
      vertex 2.46107 17.4379 0.79
      vertex 2.56773 17.7132 2.6
      vertex 2.56773 17.7132 0.79
    endloop
  endfacet
  facet normal -0.932463 0.361266 0
    outer loop
      vertex 2.56773 17.7132 2.6
      vertex 2.46107 17.4379 0.79
      vertex 2.46107 17.4379 2.6
    endloop
  endfacet
  facet normal 0.0648698 -0.701166 -0.710041
    outer loop
      vertex 38.294 -18.5728 0.79
      vertex 38 -18.6 0.79
      vertex 38 -17.8 0
    endloop
  endfacet
  facet normal 0.598583 -0.370835 -0.710057
    outer loop
      vertex 39.2768 -17.9642 0.79
      vertex 38.7161 -17.3566 0
      vertex 39.4323 -17.7132 0.79
    endloop
  endfacet
  facet normal -0.675571 0.15889 -0.719971
    outer loop
      vertex 3.2 17 0
      vertex 2.46107 17.4379 0.79
      vertex 3.28387 17.3566 0
    endloop
  endfacet
  facet normal 0.273647 -0.96183 0
    outer loop
      vertex 38.294 -18.5728 0.79
      vertex 38.578 -18.492 2.6
      vertex 38.294 -18.5728 2.6
    endloop
  endfacet
  facet normal 0.273647 -0.96183 0
    outer loop
      vertex 38.578 -18.492 2.6
      vertex 38.294 -18.5728 0.79
      vertex 38.578 -18.492 0.79
    endloop
  endfacet
  facet normal 0.127947 -0.684751 -0.717458
    outer loop
      vertex 38.294 -18.5728 0.79
      vertex 38 -17.8 0
      vertex 38.289 -17.746 0
    endloop
  endfacet
  facet normal 0.370835 0.598583 -0.710057
    outer loop
      vertex 38.9642 18.2768 0.79
      vertex 38.3566 17.7161 0
      vertex 38.7132 18.4323 0.79
    endloop
  endfacet
  facet normal -0.990412 0.138147 0
    outer loop
      vertex 2.39999 17 0.79
      vertex 2.46107 17.4379 2.6
      vertex 2.46107 17.4379 0.79
    endloop
  endfacet
  facet normal -0.990412 0.138147 0
    outer loop
      vertex 2.46107 17.4379 2.6
      vertex 2.39999 17 0.79
      vertex 2.39999 17 2.6
    endloop
  endfacet
  facet normal -0.598651 0.370758 -0.710039
    outer loop
      vertex 3.28387 17.3566 0
      vertex 2.56773 17.7132 0.79
      vertex 2.72318 17.9642 0.79
    endloop
  endfacet
  facet normal -0.602781 0.797906 0
    outer loop
      vertex 3.15771 18.3604 0.79
      vertex 2.92209 18.1824 2.6
      vertex 3.15771 18.3604 2.6
    endloop
  endfacet
  facet normal -0.602781 0.797906 0
    outer loop
      vertex 2.92209 18.1824 2.6
      vertex 3.15771 18.3604 0.79
      vertex 2.92209 18.1824 0.79
    endloop
  endfacet
  facet normal 0.797882 0.602814 0
    outer loop
      vertex 39.3604 17.8423 2.6
      vertex 39.1824 18.0779 0.79
      vertex 39.1824 18.0779 2.6
    endloop
  endfacet
  facet normal 0.797882 0.602814 0
    outer loop
      vertex 39.1824 18.0779 0.79
      vertex 39.3604 17.8423 2.6
      vertex 39.3604 17.8423 0.79
    endloop
  endfacet
  facet normal -0.797996 -0.602663 0
    outer loop
      vertex 2.81758 -18.0779 0.79
      vertex 2.63965 -17.8423 2.6
      vertex 2.63965 -17.8423 0.79
    endloop
  endfacet
  facet normal -0.797996 -0.602663 0
    outer loop
      vertex 2.63965 -17.8423 2.6
      vertex 2.81758 -18.0779 0.79
      vertex 2.81758 -18.0779 2.6
    endloop
  endfacet
  facet normal -0.85016 0.526524 0
    outer loop
      vertex 2.56773 17.7132 0.79
      vertex 2.72318 17.9642 2.6
      vertex 2.72318 17.9642 0.79
    endloop
  endfacet
  facet normal -0.85016 0.526524 0
    outer loop
      vertex 2.72318 17.9642 2.6
      vertex 2.56773 17.7132 0.79
      vertex 2.56773 17.7132 2.6
    endloop
  endfacet
  facet normal 0.602814 -0.797882 0
    outer loop
      vertex 38.8423 -18.3604 0.79
      vertex 39.0779 -18.1824 2.6
      vertex 38.8423 -18.3604 2.6
    endloop
  endfacet
  facet normal 0.602814 -0.797882 0
    outer loop
      vertex 39.0779 -18.1824 2.6
      vertex 38.8423 -18.3604 0.79
      vertex 39.0779 -18.1824 0.79
    endloop
  endfacet
  facet normal 0 0.702646 -0.71154
    outer loop
      vertex 4 17.8 0
      vertex 38 18.6 0.79
      vertex 38 17.8 0
    endloop
  endfacet
  facet normal 0 0.702646 -0.71154
    outer loop
      vertex 38 18.6 0.79
      vertex 4 17.8 0
      vertex 4 18.6 0.79
    endloop
  endfacet
  facet normal -0.366755 0.592234 -0.717461
    outer loop
      vertex 3.46104 17.5912 0
      vertex 3.15771 18.3604 0.79
      vertex 3.71101 17.746 0
    endloop
  endfacet
  facet normal 0.424487 -0.561849 -0.710026
    outer loop
      vertex 38.8423 -18.3604 0.79
      vertex 38.539 -17.5912 0
      vertex 39.0779 -18.1824 0.79
    endloop
  endfacet
  facet normal -0.424456 0.561856 -0.710038
    outer loop
      vertex 3.46104 17.5912 0
      vertex 2.92209 18.1824 0.79
      vertex 3.15771 18.3604 0.79
    endloop
  endfacet
  facet normal -0.592299 -0.366681 -0.717445
    outer loop
      vertex 3.4088 -17.539 0
      vertex 2.63965 -17.8423 0.79
      vertex 3.25403 -17.289 0
    endloop
  endfacet
  facet normal -0.1382 -0.990404 0
    outer loop
      vertex 3.56213 -18.5389 0.79
      vertex 4 -18.6 2.6
      vertex 3.56213 -18.5389 2.6
    endloop
  endfacet
  facet normal -0.1382 -0.990404 -0
    outer loop
      vertex 4 -18.6 2.6
      vertex 3.56213 -18.5389 0.79
      vertex 4 -18.6 0.79
    endloop
  endfacet
  facet normal -0.677289 -0.19267 -0.710041
    outer loop
      vertex 2.50804 -17.578 0.79
      vertex 2.42725 -17.294 0.79
      vertex 3.25403 -17.289 0
    endloop
  endfacet
  facet normal -0.127951 0.684749 -0.717459
    outer loop
      vertex 3.71101 17.746 0
      vertex 3.70599 18.5728 0.79
      vertex 4 17.8 0
    endloop
  endfacet
  facet normal -0.419718 -0.55599 -0.717434
    outer loop
      vertex 3.6434 -17.7161 0
      vertex 3.03578 -18.2768 0.79
      vertex 3.4088 -17.539 0
    endloop
  endfacet
  facet normal -0.0921205 0.995748 0
    outer loop
      vertex 4 18.6 0.79
      vertex 3.70599 18.5728 2.6
      vertex 4 18.6 2.6
    endloop
  endfacet
  facet normal -0.0921205 0.995748 0
    outer loop
      vertex 3.70599 18.5728 2.6
      vertex 4 18.6 0.79
      vertex 3.70599 18.5728 0.79
    endloop
  endfacet
  facet normal 0.097572 0.699293 -0.708145
    outer loop
      vertex 38.4379 18.5389 0.79
      vertex 38 17.8 0
      vertex 38 18.6 0.79
    endloop
  endfacet
  facet normal 0.158945 0.675562 -0.719967
    outer loop
      vertex 38.3566 17.7161 0
      vertex 38 17.8 0
      vertex 38.4379 18.5389 0.79
    endloop
  endfacet
  facet normal 0.630338 0.313857 -0.710047
    outer loop
      vertex 39.492 17.578 0.79
      vertex 38.746 17.289 0
      vertex 39.3604 17.8423 0.79
    endloop
  endfacet
  facet normal -0.739018 0.673685 0
    outer loop
      vertex 2.72318 17.9642 0.79
      vertex 2.92209 18.1824 2.6
      vertex 2.92209 18.1824 0.79
    endloop
  endfacet
  facet normal -0.739018 0.673685 0
    outer loop
      vertex 2.92209 18.1824 2.6
      vertex 2.72318 17.9642 0.79
      vertex 2.72318 17.9642 2.6
    endloop
  endfacet
  facet normal 0.656633 -0.254257 -0.710061
    outer loop
      vertex 39.4323 -17.7132 0.79
      vertex 38.7161 -17.3566 0
      vertex 39.5389 -17.4379 0.79
    endloop
  endfacet
  facet normal 0.675562 -0.158945 -0.719967
    outer loop
      vertex 39.5389 -17.4379 0.79
      vertex 38.7161 -17.3566 0
      vertex 38.8 -17 0
    endloop
  endfacet
  facet normal 0.445723 -0.895171 0
    outer loop
      vertex 38.578 -18.492 0.79
      vertex 38.8423 -18.3604 2.6
      vertex 38.578 -18.492 2.6
    endloop
  endfacet
  facet normal 0.445723 -0.895171 0
    outer loop
      vertex 38.8423 -18.3604 2.6
      vertex 38.578 -18.492 0.79
      vertex 38.8423 -18.3604 0.79
    endloop
  endfacet
  facet normal 0.673667 0.739035 -0
    outer loop
      vertex 39.1824 18.0779 0.79
      vertex 38.9642 18.2768 2.6
      vertex 39.1824 18.0779 2.6
    endloop
  endfacet
  facet normal 0.673667 0.739035 0
    outer loop
      vertex 38.9642 18.2768 2.6
      vertex 39.1824 18.0779 0.79
      vertex 38.9642 18.2768 0.79
    endloop
  endfacet
  facet normal -0.158945 -0.675565 -0.719965
    outer loop
      vertex 4 -17.8 0
      vertex 3.56213 -18.5389 0.79
      vertex 3.6434 -17.7161 0
    endloop
  endfacet
  facet normal -0.474383 -0.520414 -0.710021
    outer loop
      vertex 3.03578 -18.2768 0.79
      vertex 2.81758 -18.0779 0.79
      vertex 3.4088 -17.539 0
    endloop
  endfacet
  facet normal -0.699291 0.0975398 -0.708151
    outer loop
      vertex 3.2 17 0
      vertex 2.39999 17 0.79
      vertex 2.46107 17.4379 0.79
    endloop
  endfacet
  facet normal -0.961839 -0.273616 0
    outer loop
      vertex 2.50804 -17.578 0.79
      vertex 2.42725 -17.294 2.6
      vertex 2.42725 -17.294 0.79
    endloop
  endfacet
  facet normal -0.961839 -0.273616 0
    outer loop
      vertex 2.42725 -17.294 2.6
      vertex 2.50804 -17.578 0.79
      vertex 2.50804 -17.578 2.6
    endloop
  endfacet
  facet normal -0.702641 0 -0.711544
    outer loop
      vertex 2.39999 -17 0.79
      vertex 3.2 17 0
      vertex 3.2 -17 0
    endloop
  endfacet
  facet normal -0.702641 0 -0.711544
    outer loop
      vertex 3.2 17 0
      vertex 2.39999 -17 0.79
      vertex 2.39999 17 0.79
    endloop
  endfacet
  facet normal 0.990406 -0.138191 0
    outer loop
      vertex 39.5389 -17.4379 2.6
      vertex 39.6 -17 0.79
      vertex 39.6 -17 2.6
    endloop
  endfacet
  facet normal 0.990406 -0.138191 0
    outer loop
      vertex 39.6 -17 0.79
      vertex 39.5389 -17.4379 2.6
      vertex 39.5389 -17.4379 0.79
    endloop
  endfacet
  facet normal -0.273665 0.961825 0
    outer loop
      vertex 3.70599 18.5728 0.79
      vertex 3.42201 18.492 2.6
      vertex 3.70599 18.5728 2.6
    endloop
  endfacet
  facet normal -0.273665 0.961825 0
    outer loop
      vertex 3.42201 18.492 2.6
      vertex 3.70599 18.5728 0.79
      vertex 3.42201 18.492 0.79
    endloop
  endfacet
  facet normal 0.520419 -0.474387 -0.710015
    outer loop
      vertex 39.0779 -18.1824 0.79
      vertex 38.539 -17.5912 0
      vertex 39.2768 -17.9642 0.79
    endloop
  endfacet
  facet normal 0.702646 0 -0.71154
    outer loop
      vertex 38.8 -17 0
      vertex 39.6 17 0.79
      vertex 39.6 -17 0.79
    endloop
  endfacet
  facet normal 0.702646 0 -0.71154
    outer loop
      vertex 39.6 17 0.79
      vertex 38.8 -17 0
      vertex 38.8 17 0
    endloop
  endfacet
  facet normal -0.526585 -0.850122 0
    outer loop
      vertex 3.03578 -18.2768 0.79
      vertex 3.28682 -18.4323 2.6
      vertex 3.03578 -18.2768 2.6
    endloop
  endfacet
  facet normal -0.526585 -0.850122 -0
    outer loop
      vertex 3.28682 -18.4323 2.6
      vertex 3.03578 -18.2768 0.79
      vertex 3.28682 -18.4323 0.79
    endloop
  endfacet
  facet normal -0.561928 -0.42438 -0.710027
    outer loop
      vertex 2.81758 -18.0779 0.79
      vertex 2.63965 -17.8423 0.79
      vertex 3.4088 -17.539 0
    endloop
  endfacet
  facet normal 0 0 -1
    outer loop
      vertex 38 17.8 0
      vertex 38.8 17 0
      vertex 38.8 -17 0
    endloop
  endfacet
  facet normal 0 0 -1
    outer loop
      vertex 38 -17.8 0
      vertex 38.8 -17 0
      vertex 38.7161 -17.3566 0
    endloop
  endfacet
  facet normal 0 0 -1
    outer loop
      vertex 38 17.8 0
      vertex 38.8 -17 0
      vertex 38 -17.8 0
    endloop
  endfacet
  facet normal 0 0 -1
    outer loop
      vertex 38 -17.8 0
      vertex 38.7161 -17.3566 0
      vertex 38.539 -17.5912 0
    endloop
  endfacet
  facet normal 0 0 -1
    outer loop
      vertex 38.8 17 0
      vertex 38 17.8 0
      vertex 38.746 17.289 0
    endloop
  endfacet
  facet normal 0 0 -1
    outer loop
      vertex 38 -17.8 0
      vertex 38.539 -17.5912 0
      vertex 38.289 -17.746 0
    endloop
  endfacet
  facet normal 0 0 -1
    outer loop
      vertex 38.746 17.289 0
      vertex 38 17.8 0
      vertex 38.5912 17.539 0
    endloop
  endfacet
  facet normal 0 0 -1
    outer loop
      vertex 38.5912 17.539 0
      vertex 38 17.8 0
      vertex 38.3566 17.7161 0
    endloop
  endfacet
  facet normal 0 0 -1
    outer loop
      vertex 4 -17.8 0
      vertex 38 17.8 0
      vertex 38 -17.8 0
    endloop
  endfacet
  facet normal 0 0 -1
    outer loop
      vertex 4 -17.8 0
      vertex 4 17.8 0
      vertex 38 17.8 0
    endloop
  endfacet
  facet normal 0 0 -1
    outer loop
      vertex 3.2 17 0
      vertex 4 17.8 0
      vertex 4 -17.8 0
    endloop
  endfacet
  facet normal 0 0 -1
    outer loop
      vertex 3.2 -17 0
      vertex 4 -17.8 0
      vertex 3.6434 -17.7161 0
    endloop
  endfacet
  facet normal 0 0 -1
    outer loop
      vertex 3.2 17 0
      vertex 4 -17.8 0
      vertex 3.2 -17 0
    endloop
  endfacet
  facet normal 0 0 -1
    outer loop
      vertex 3.2 -17 0
      vertex 3.6434 -17.7161 0
      vertex 3.4088 -17.539 0
    endloop
  endfacet
  facet normal 0 0 -1
    outer loop
      vertex 4 17.8 0
      vertex 3.2 17 0
      vertex 3.71101 17.746 0
    endloop
  endfacet
  facet normal 0 0 -1
    outer loop
      vertex 3.2 -17 0
      vertex 3.4088 -17.539 0
      vertex 3.25403 -17.289 0
    endloop
  endfacet
  facet normal 0 0 -1
    outer loop
      vertex 3.71101 17.746 0
      vertex 3.2 17 0
      vertex 3.46104 17.5912 0
    endloop
  endfacet
  facet normal 0 0 -1
    outer loop
      vertex 3.46104 17.5912 0
      vertex 3.2 17 0
      vertex 3.28387 17.3566 0
    endloop
  endfacet
  facet normal -0.701155 -0.0650118 -0.710039
    outer loop
      vertex 2.42725 -17.294 0.79
      vertex 2.39999 -17 0.79
      vertex 3.2 -17 0
    endloop
  endfacet
  facet normal -0.656602 0.254388 -0.710043
    outer loop
      vertex 3.28387 17.3566 0
      vertex 2.46107 17.4379 0.79
      vertex 2.56773 17.7132 0.79
    endloop
  endfacet
  facet normal -0.895158 -0.44575 0
    outer loop
      vertex 2.63965 -17.8423 0.79
      vertex 2.50804 -17.578 2.6
      vertex 2.50804 -17.578 0.79
    endloop
  endfacet
  facet normal -0.895158 -0.44575 0
    outer loop
      vertex 2.50804 -17.578 2.6
      vertex 2.63965 -17.8423 0.79
      vertex 2.63965 -17.8423 2.6
    endloop
  endfacet
  facet normal -0.673667 -0.739035 0
    outer loop
      vertex 2.81758 -18.0779 0.79
      vertex 3.03578 -18.2768 2.6
      vertex 2.81758 -18.0779 2.6
    endloop
  endfacet
  facet normal -0.673667 -0.739035 -0
    outer loop
      vertex 3.03578 -18.2768 2.6
      vertex 2.81758 -18.0779 0.79
      vertex 3.03578 -18.2768 0.79
    endloop
  endfacet
  facet normal -0.254251 -0.656639 -0.710058
    outer loop
      vertex 3.56213 -18.5389 0.79
      vertex 3.28682 -18.4323 0.79
      vertex 3.6434 -17.7161 0
    endloop
  endfacet
  facet normal -0.361078 -0.932536 0
    outer loop
      vertex 3.28682 -18.4323 0.79
      vertex 3.56213 -18.5389 2.6
      vertex 3.28682 -18.4323 2.6
    endloop
  endfacet
  facet normal -0.361078 -0.932536 -0
    outer loop
      vertex 3.56213 -18.5389 2.6
      vertex 3.28682 -18.4323 0.79
      vertex 3.56213 -18.5389 0.79
    endloop
  endfacet
  facet normal 0.961448 0.274987 0
    outer loop
      vertex 41.6438 17.8863 24.3
      vertex 41.5618 18.173 4.74
      vertex 41.5618 18.173 24.3
    endloop
  endfacet
  facet normal 0.961448 0.274987 0
    outer loop
      vertex 41.5618 18.173 4.74
      vertex 41.6438 17.8863 24.3
      vertex 41.6438 17.8863 4.74
    endloop
  endfacet
  facet normal 0.494332 -0.869273 0
    outer loop
      vertex 39.7224 -20.3311 4.74
      vertex 39.9816 -20.1837 24.3
      vertex 39.7224 -20.3311 24.3
    endloop
  endfacet
  facet normal 0.494332 -0.869273 0
    outer loop
      vertex 39.9816 -20.1837 24.3
      vertex 39.7224 -20.3311 4.74
      vertex 39.9816 -20.1837 4.74
    endloop
  endfacet
  facet normal -0.613529 -0.348826 -0.708451
    outer loop
      vertex 0.816315 -18.9816 4.74
      vertex 0.668945 -18.7224 4.74
      vertex 2.63965 -17.8423 2.6
    endloop
  endfacet
  facet normal -0.598876 0.370898 -0.709776
    outer loop
      vertex 2.56773 17.7132 2.6
      vertex 0.777542 18.9179 4.74
      vertex 2.72318 17.9642 2.6
    endloop
  endfacet
  facet normal -0.0992713 -0.99506 0
    outer loop
      vertex 3.47974 -20.7137 4.74
      vertex 3.77644 -20.7433 4.75
      vertex 3.47974 -20.7137 4.75
    endloop
  endfacet
  facet normal -0.0992713 -0.99506 -0
    outer loop
      vertex 3.77644 -20.7433 4.75
      vertex 3.47974 -20.7137 4.74
      vertex 3.77644 -20.7433 4.74
    endloop
  endfacet
  facet normal 0.476618 0.87911 -0
    outer loop
      vertex 39.9179 20.2225 4.74
      vertex 39.6558 20.3646 24.3
      vertex 39.9179 20.2225 24.3
    endloop
  endfacet
  facet normal 0.476618 0.87911 0
    outer loop
      vertex 39.6558 20.3646 24.3
      vertex 39.9179 20.2225 4.74
      vertex 39.6558 20.3646 4.74
    endloop
  endfacet
  facet normal -0.70518 -0.0280652 -0.708472
    outer loop
      vertex 0.261856 -17.2979 4.74
      vertex 0.25 -17 4.74
      vertex 2.39999 -17 2.6
    endloop
  endfacet
  facet normal 0.125264 0.693441 -0.709541
    outer loop
      vertex 38.8137 20.6607 4.74
      vertex 38.4379 18.5389 2.6
      vertex 38.5203 20.7137 4.74
    endloop
  endfacet
  facet normal 0.671019 0.74144 -0
    outer loop
      vertex 40.6252 19.6779 4.74
      vertex 40.4041 19.878 24.3
      vertex 40.6252 19.6779 24.3
    endloop
  endfacet
  facet normal 0.671019 0.74144 0
    outer loop
      vertex 40.4041 19.878 24.3
      vertex 40.6252 19.6779 4.74
      vertex 40.4041 19.878 4.74
    endloop
  endfacet
  facet normal 0 0.705457 -0.708753
    outer loop
      vertex 4 18.6 2.6
      vertex 38 20.75 4.74
      vertex 38 18.6 2.6
    endloop
  endfacet
  facet normal 0 0.705457 -0.708753
    outer loop
      vertex 38 20.75 4.74
      vertex 4 18.6 2.6
      vertex 4 20.75 4.74
    endloop
  endfacet
  facet normal 0.693441 -0.125264 -0.709541
    outer loop
      vertex 41.6607 -17.8137 4.74
      vertex 39.5389 -17.4379 2.6
      vertex 41.7137 -17.5203 4.74
    endloop
  endfacet
  facet normal -0.197535 0.980296 0
    outer loop
      vertex 3.40601 20.7027 4.74
      vertex 3.11371 20.6438 4.75
      vertex 3.40601 20.7027 4.75
    endloop
  endfacet
  facet normal -0.197535 0.980296 0
    outer loop
      vertex 3.11371 20.6438 4.75
      vertex 3.40601 20.7027 4.74
      vertex 3.11371 20.6438 4.74
    endloop
  endfacet
  facet normal 0.620469 -0.336393 -0.708419
    outer loop
      vertex 41.2225 -18.9179 4.74
      vertex 39.4323 -17.7132 2.6
      vertex 41.3646 -18.6558 4.74
    endloop
  endfacet
  facet normal 0.0211337 0.705299 -0.708595
    outer loop
      vertex 38.2236 20.7433 4.74
      vertex 38 18.6 2.6
      vertex 38 20.75 4.74
    endloop
  endfacet
  facet normal 0.233777 0.665602 -0.708747
    outer loop
      vertex 39.3832 20.4856 4.74
      vertex 38.4379 18.5389 2.6
      vertex 39.1019 20.5844 4.74
    endloop
  endfacet
  facet normal -0.513879 -0.483983 -0.7083
    outer loop
      vertex 1.37485 -19.6779 4.74
      vertex 1.17038 -19.4608 4.74
      vertex 2.81758 -18.0779 2.6
    endloop
  endfacet
  facet normal 0.522639 -0.472999 -0.709309
    outer loop
      vertex 40.6779 -19.6252 4.74
      vertex 39.2768 -17.9642 2.6
      vertex 40.878 -19.4041 4.74
    endloop
  endfacet
  facet normal 0.0648913 -0.701399 -0.709809
    outer loop
      vertex 38.2979 -20.7381 4.74
      vertex 38 -18.6 2.6
      vertex 38.294 -18.5728 2.6
    endloop
  endfacet
  facet normal 0.513959 0.483893 -0.708303
    outer loop
      vertex 40.8296 19.4608 4.74
      vertex 39.1824 18.0779 2.6
      vertex 40.6252 19.6779 4.74
    endloop
  endfacet
  facet normal -0.69201 -0.139441 -0.708292
    outer loop
      vertex 0.356247 -17.8863 4.74
      vertex 0.297348 -17.594 4.74
      vertex 2.42725 -17.294 2.6
    endloop
  endfacet
  facet normal 0.0299508 0.999551 -0
    outer loop
      vertex 38.2236 20.7433 4.74
      vertex 38 20.75 24.3
      vertex 38.2236 20.7433 24.3
    endloop
  endfacet
  facet normal 0.0299508 0.999551 0
    outer loop
      vertex 38 20.75 24.3
      vertex 38.2236 20.7433 4.74
      vertex 38 20.75 4.74
    endloop
  endfacet
  facet normal -0.0837491 0.700393 -0.708827
    outer loop
      vertex 3.70599 18.5728 2.6
      vertex 3.40601 20.7027 4.74
      vertex 3.70206 20.7381 4.74
    endloop
  endfacet
  facet normal -0.0699513 -0.701168 -0.709557
    outer loop
      vertex 3.77644 -20.7433 4.74
      vertex 3.47974 -20.7137 4.74
      vertex 4 -18.6 2.6
    endloop
  endfacet
  facet normal 0.705457 0 -0.708753
    outer loop
      vertex 39.6 -17 2.6
      vertex 41.75 17 4.74
      vertex 41.75 -17 4.74
    endloop
  endfacet
  facet normal 0.705457 0 -0.708753
    outer loop
      vertex 41.75 17 4.74
      vertex 39.6 -17 2.6
      vertex 39.6 17 2.6
    endloop
  endfacet
  facet normal -0.701377 -0.0650324 -0.709818
    outer loop
      vertex 2.42725 -17.294 2.6
      vertex 0.261856 -17.2979 4.74
      vertex 2.39999 -17 2.6
    endloop
  endfacet
  facet normal -0.0399091 0.999203 0
    outer loop
      vertex 4 20.75 4.74
      vertex 3.70206 20.7381 4.75
      vertex 4 20.75 4.75
    endloop
  endfacet
  facet normal -0.0399091 0.999203 0
    outer loop
      vertex 3.70206 20.7381 4.75
      vertex 4 20.75 4.74
      vertex 3.70206 20.7381 4.74
    endloop
  endfacet
  facet normal -0.247185 0.661243 -0.708278
    outer loop
      vertex 3.42201 18.492 2.6
      vertex 2.54773 20.4574 4.74
      vertex 2.82701 20.5618 4.74
    endloop
  endfacet
  facet normal -0.696194 0.0971079 -0.711255
    outer loop
      vertex 2.39999 17 2.6
      vertex 0.28627 17.5203 4.74
      vertex 2.46107 17.4379 2.6
    endloop
  endfacet
  facet normal -0.255871 -0.966711 0
    outer loop
      vertex 2.89806 -20.5844 4.74
      vertex 3.18633 -20.6607 4.75
      vertex 2.89806 -20.5844 4.75
    endloop
  endfacet
  facet normal -0.255871 -0.966711 -0
    outer loop
      vertex 3.18633 -20.6607 4.75
      vertex 2.89806 -20.5844 4.74
      vertex 3.18633 -20.6607 4.74
    endloop
  endfacet
  facet normal 0.331381 0.943497 -0
    outer loop
      vertex 39.3832 20.4856 4.74
      vertex 39.1019 20.5844 24.3
      vertex 39.3832 20.4856 24.3
    endloop
  endfacet
  facet normal 0.331381 0.943497 0
    outer loop
      vertex 39.1019 20.5844 24.3
      vertex 39.3832 20.4856 4.74
      vertex 39.1019 20.5844 4.74
    endloop
  endfacet
  facet normal 0.177764 0.984073 -0
    outer loop
      vertex 38.8137 20.6607 4.74
      vertex 38.5203 20.7137 24.3
      vertex 38.8137 20.6607 24.3
    endloop
  endfacet
  facet normal 0.177764 0.984073 0
    outer loop
      vertex 38.5203 20.7137 24.3
      vertex 38.8137 20.6607 4.74
      vertex 38.5203 20.7137 4.74
    endloop
  endfacet
  facet normal 0.336393 0.620469 -0.708419
    outer loop
      vertex 39.9179 20.2225 4.74
      vertex 38.7132 18.4323 2.6
      vertex 39.6558 20.3646 4.74
    endloop
  endfacet
  facet normal -0.779935 -0.62586 0
    outer loop
      vertex 1.17038 -19.4608 4.74
      vertex 0.98381 -19.2283 4.75
      vertex 0.98381 -19.2283 4.74
    endloop
  endfacet
  facet normal -0.779935 -0.62586 0
    outer loop
      vertex 0.98381 -19.2283 4.75
      vertex 1.17038 -19.4608 4.74
      vertex 1.17038 -19.4608 4.75
    endloop
  endfacet
  facet normal -0.0648891 0.701398 -0.70981
    outer loop
      vertex 3.70599 18.5728 2.6
      vertex 3.70206 20.7381 4.74
      vertex 4 18.6 2.6
    endloop
  endfacet
  facet normal -0.0281654 0.705177 -0.708472
    outer loop
      vertex 4 18.6 2.6
      vertex 3.70206 20.7381 4.74
      vertex 4 20.75 4.74
    endloop
  endfacet
  facet normal -0.869316 -0.494256 0
    outer loop
      vertex 0.816315 -18.9816 4.74
      vertex 0.668945 -18.7224 4.75
      vertex 0.668945 -18.7224 4.74
    endloop
  endfacet
  facet normal -0.869316 -0.494256 0
    outer loop
      vertex 0.668945 -18.7224 4.75
      vertex 0.816315 -18.9816 4.74
      vertex 0.816315 -18.9816 4.75
    endloop
  endfacet
  facet normal -0.656788 0.254461 -0.709845
    outer loop
      vertex 2.46107 17.4379 2.6
      vertex 0.514435 18.3832 4.74
      vertex 2.56773 17.7132 2.6
    endloop
  endfacet
  facet normal -0.331381 -0.943497 0
    outer loop
      vertex 2.61676 -20.4856 4.74
      vertex 2.89806 -20.5844 4.75
      vertex 2.61676 -20.4856 4.75
    endloop
  endfacet
  facet normal -0.331381 -0.943497 -0
    outer loop
      vertex 2.89806 -20.5844 4.75
      vertex 2.61676 -20.4856 4.74
      vertex 2.89806 -20.5844 4.74
    endloop
  endfacet
  facet normal -0.405765 -0.913977 0
    outer loop
      vertex 2.34421 -20.3646 4.74
      vertex 2.61676 -20.4856 4.75
      vertex 2.34421 -20.3646 4.75
    endloop
  endfacet
  facet normal -0.405765 -0.913977 -0
    outer loop
      vertex 2.61676 -20.4856 4.75
      vertex 2.34421 -20.3646 4.74
      vertex 2.61676 -20.4856 4.74
    endloop
  endfacet
  facet normal 0.441538 -0.550148 -0.708788
    outer loop
      vertex 40.2283 -20.0162 4.74
      vertex 39.0779 -18.1824 2.6
      vertex 40.4608 -19.8296 4.74
    endloop
  endfacet
  facet normal -0.522642 0.473002 -0.709306
    outer loop
      vertex 2.72318 17.9642 2.6
      vertex 1.12201 19.4041 4.74
      vertex 1.32211 19.6252 4.74
    endloop
  endfacet
  facet normal 0.192865 -0.677891 -0.709414
    outer loop
      vertex 38.8863 -20.6438 4.74
      vertex 38.294 -18.5728 2.6
      vertex 38.578 -18.492 2.6
    endloop
  endfacet
  facet normal -0.474757 -0.520825 -0.70947
    outer loop
      vertex 3.03578 -18.2768 2.6
      vertex 1.37485 -19.6779 4.74
      vertex 2.81758 -18.0779 2.6
    endloop
  endfacet
  facet normal -1 0 0
    outer loop
      vertex 0.25 -17 4.74
      vertex 0.25 17 4.75
      vertex 0.25 17 4.74
    endloop
  endfacet
  facet normal -1 -0 0
    outer loop
      vertex 0.25 17 4.75
      vertex 0.25 -17 4.74
      vertex 0.25 -17 4.75
    endloop
  endfacet
  facet normal -0.313969 0.630563 -0.709798
    outer loop
      vertex 3.15771 18.3604 2.6
      vertex 2.27763 20.3311 4.74
      vertex 3.42201 18.492 2.6
    endloop
  endfacet
  facet normal 0.0971393 0.696192 -0.711253
    outer loop
      vertex 38.4379 18.5389 2.6
      vertex 38 18.6 2.6
      vertex 38.5203 20.7137 4.74
    endloop
  endfacet
  facet normal 0.59882 -0.370982 -0.70978
    outer loop
      vertex 41.2225 -18.9179 4.74
      vertex 39.2768 -17.9642 2.6
      vertex 39.4323 -17.7132 2.6
    endloop
  endfacet
  facet normal 0.677891 0.192865 -0.709414
    outer loop
      vertex 39.5728 17.294 2.6
      vertex 39.492 17.578 2.6
      vertex 41.6438 17.8863 4.74
    endloop
  endfacet
  facet normal 0.638937 0.29877 -0.70887
    outer loop
      vertex 41.4574 18.4523 4.74
      vertex 39.492 17.578 2.6
      vertex 41.3311 18.7224 4.74
    endloop
  endfacet
  facet normal 0.0281692 -0.705177 -0.708472
    outer loop
      vertex 38.2979 -20.7381 4.74
      vertex 38 -20.75 4.74
      vertex 38 -18.6 2.6
    endloop
  endfacet
  facet normal -0.29877 0.638938 -0.708868
    outer loop
      vertex 3.42201 18.492 2.6
      vertex 2.27763 20.3311 4.74
      vertex 2.54773 20.4574 4.74
    endloop
  endfacet
  facet normal 0.118709 -0.992929 0
    outer loop
      vertex 38.2979 -20.7381 4.74
      vertex 38.594 -20.7027 24.3
      vertex 38.2979 -20.7381 24.3
    endloop
  endfacet
  facet normal 0.118709 -0.992929 0
    outer loop
      vertex 38.594 -20.7027 24.3
      vertex 38.2979 -20.7381 4.74
      vertex 38.594 -20.7027 4.74
    endloop
  endfacet
  facet normal -0.980297 -0.197532 0
    outer loop
      vertex 0.356247 -17.8863 4.74
      vertex 0.297348 -17.594 4.75
      vertex 0.297348 -17.594 4.74
    endloop
  endfacet
  facet normal -0.980297 -0.197532 0
    outer loop
      vertex 0.297348 -17.594 4.75
      vertex 0.356247 -17.8863 4.74
      vertex 0.356247 -17.8863 4.75
    endloop
  endfacet
  facet normal 0.180661 0.68239 -0.708312
    outer loop
      vertex 39.1019 20.5844 4.74
      vertex 38.4379 18.5389 2.6
      vertex 38.8137 20.6607 4.74
    endloop
  endfacet
  facet normal -0.12526 -0.693442 -0.709541
    outer loop
      vertex 3.47974 -20.7137 4.74
      vertex 3.18633 -20.6607 4.74
      vertex 3.56213 -18.5389 2.6
    endloop
  endfacet
  facet normal 0.966695 -0.255929 0
    outer loop
      vertex 41.5844 -18.1019 24.3
      vertex 41.6607 -17.8137 4.74
      vertex 41.6607 -17.8137 24.3
    endloop
  endfacet
  facet normal 0.966695 -0.255929 0
    outer loop
      vertex 41.6607 -17.8137 4.74
      vertex 41.5844 -18.1019 24.3
      vertex 41.5844 -18.1019 4.74
    endloop
  endfacet
  facet normal 0.474752 0.520819 -0.709478
    outer loop
      vertex 39.1824 18.0779 2.6
      vertex 38.9642 18.2768 2.6
      vertex 40.6252 19.6779 4.74
    endloop
  endfacet
  facet normal -0.177758 -0.984074 0
    outer loop
      vertex 3.18633 -20.6607 4.74
      vertex 3.47974 -20.7137 4.75
      vertex 3.18633 -20.6607 4.75
    endloop
  endfacet
  facet normal -0.177758 -0.984074 -0
    outer loop
      vertex 3.47974 -20.7137 4.75
      vertex 3.18633 -20.6607 4.74
      vertex 3.47974 -20.7137 4.74
    endloop
  endfacet
  facet normal 0.728082 0.68549 0
    outer loop
      vertex 40.8296 19.4608 24.3
      vertex 40.6252 19.6779 4.74
      vertex 40.6252 19.6779 24.3
    endloop
  endfacet
  facet normal 0.728082 0.68549 0
    outer loop
      vertex 40.6252 19.6779 4.74
      vertex 40.8296 19.4608 24.3
      vertex 40.8296 19.4608 4.74
    endloop
  endfacet
  facet normal 0.0699513 0.701167 -0.709557
    outer loop
      vertex 38.5203 20.7137 4.74
      vertex 38 18.6 2.6
      vertex 38.2236 20.7433 4.74
    endloop
  endfacet
  facet normal 0.286303 0.64501 -0.708515
    outer loop
      vertex 39.6558 20.3646 4.74
      vertex 38.7132 18.4323 2.6
      vertex 39.3832 20.4856 4.74
    endloop
  endfacet
  facet normal -0.0971459 -0.696191 -0.711253
    outer loop
      vertex 4 -18.6 2.6
      vertex 3.47974 -20.7137 4.74
      vertex 3.56213 -18.5389 2.6
    endloop
  endfacet
  facet normal 0.827325 0.561723 0
    outer loop
      vertex 41.1837 18.9816 24.3
      vertex 41.0162 19.2283 4.74
      vertex 41.0162 19.2283 24.3
    endloop
  endfacet
  facet normal 0.827325 0.561723 0
    outer loop
      vertex 41.0162 19.2283 4.74
      vertex 41.1837 18.9816 24.3
      vertex 41.1837 18.9816 4.74
    endloop
  endfacet
  facet normal 0.274987 -0.961448 0
    outer loop
      vertex 38.8863 -20.6438 4.74
      vertex 39.173 -20.5618 24.3
      vertex 38.8863 -20.6438 24.3
    endloop
  endfacet
  facet normal 0.274987 -0.961448 0
    outer loop
      vertex 39.173 -20.5618 24.3
      vertex 38.8863 -20.6438 4.74
      vertex 39.173 -20.5618 4.74
    endloop
  endfacet
  facet normal -0.118729 0.992927 0
    outer loop
      vertex 3.70206 20.7381 4.74
      vertex 3.40601 20.7027 4.75
      vertex 3.70206 20.7381 4.75
    endloop
  endfacet
  facet normal -0.118729 0.992927 0
    outer loop
      vertex 3.40601 20.7027 4.75
      vertex 3.70206 20.7381 4.74
      vertex 3.40601 20.7027 4.74
    endloop
  endfacet
  facet normal -0.192877 0.677888 -0.709413
    outer loop
      vertex 3.42201 18.492 2.6
      vertex 3.11371 20.6438 4.74
      vertex 3.70599 18.5728 2.6
    endloop
  endfacet
  facet normal -0.139444 0.692011 -0.708291
    outer loop
      vertex 3.70599 18.5728 2.6
      vertex 3.11371 20.6438 4.74
      vertex 3.40601 20.7027 4.74
    endloop
  endfacet
  facet normal -0.727965 -0.685615 0
    outer loop
      vertex 1.37485 -19.6779 4.74
      vertex 1.17038 -19.4608 4.75
      vertex 1.17038 -19.4608 4.74
    endloop
  endfacet
  facet normal -0.727965 -0.685615 0
    outer loop
      vertex 1.17038 -19.4608 4.75
      vertex 1.37485 -19.6779 4.74
      vertex 1.37485 -19.6779 4.75
    endloop
  endfacet
  facet normal -0.630552 -0.313988 -0.7098
    outer loop
      vertex 2.63965 -17.8423 2.6
      vertex 0.668945 -18.7224 4.74
      vertex 2.50804 -17.578 2.6
    endloop
  endfacet
  facet normal -0.47306 -0.522588 -0.709307
    outer loop
      vertex 1.5959 -19.878 4.74
      vertex 1.37485 -19.6779 4.74
      vertex 3.03578 -18.2768 2.6
    endloop
  endfacet
  facet normal 0.999203 0.0399145 0
    outer loop
      vertex 41.75 17 24.3
      vertex 41.7381 17.2979 4.74
      vertex 41.7381 17.2979 24.3
    endloop
  endfacet
  facet normal 0.999203 0.0399145 0
    outer loop
      vertex 41.7381 17.2979 4.74
      vertex 41.75 17 24.3
      vertex 41.75 17 4.74
    endloop
  endfacet
  facet normal 0.0399145 -0.999203 0
    outer loop
      vertex 38 -20.75 4.74
      vertex 38.2979 -20.7381 24.3
      vertex 38 -20.75 24.3
    endloop
  endfacet
  facet normal 0.0399145 -0.999203 0
    outer loop
      vertex 38.2979 -20.7381 24.3
      vertex 38 -20.75 4.74
      vertex 38.2979 -20.7381 4.74
    endloop
  endfacet
  facet normal -0.193827 0.677686 -0.709347
    outer loop
      vertex 3.42201 18.492 2.6
      vertex 2.82701 20.5618 4.74
      vertex 3.11371 20.6438 4.74
    endloop
  endfacet
  facet normal -0.562078 -0.424493 -0.709841
    outer loop
      vertex 2.81758 -18.0779 2.6
      vertex 0.98381 -19.2283 4.74
      vertex 2.63965 -17.8423 2.6
    endloop
  endfacet
  facet normal -0.520809 0.474767 -0.709475
    outer loop
      vertex 2.72318 17.9642 2.6
      vertex 1.32211 19.6252 4.74
      vertex 2.92209 18.1824 2.6
    endloop
  endfacet
  facet normal 0.696192 -0.0971393 -0.711253
    outer loop
      vertex 41.7137 -17.5203 4.74
      vertex 39.5389 -17.4379 2.6
      vertex 39.6 -17 2.6
    endloop
  endfacet
  facet normal 0 -0.705457 -0.708753
    outer loop
      vertex 4 -20.75 4.74
      vertex 38 -18.6 2.6
      vertex 38 -20.75 4.74
    endloop
  endfacet
  facet normal -0 -0.705457 -0.708753
    outer loop
      vertex 38 -18.6 2.6
      vertex 4 -20.75 4.74
      vertex 4 -18.6 2.6
    endloop
  endfacet
  facet normal -0.693424 0.125426 -0.709529
    outer loop
      vertex 2.46107 17.4379 2.6
      vertex 0.28627 17.5203 4.74
      vertex 0.33934 17.8137 4.74
    endloop
  endfacet
  facet normal 0.656832 -0.254334 -0.709849
    outer loop
      vertex 41.4856 -18.3832 4.74
      vertex 39.4323 -17.7132 2.6
      vertex 39.5389 -17.4379 2.6
    endloop
  endfacet
  facet normal 0.665602 -0.233777 -0.708747
    outer loop
      vertex 41.4856 -18.3832 4.74
      vertex 39.5389 -17.4379 2.6
      vertex 41.5844 -18.1019 4.74
    endloop
  endfacet
  facet normal -0.441433 0.550229 -0.708791
    outer loop
      vertex 2.92209 18.1824 2.6
      vertex 1.53915 19.8296 4.74
      vertex 1.77174 20.0162 4.74
    endloop
  endfacet
  facet normal 0.430608 0.559387 -0.708282
    outer loop
      vertex 40.4041 19.878 4.74
      vertex 38.9642 18.2768 2.6
      vertex 40.1678 20.0599 4.74
    endloop
  endfacet
  facet normal 0.68239 -0.180661 -0.708312
    outer loop
      vertex 41.5844 -18.1019 4.74
      vertex 39.5389 -17.4379 2.6
      vertex 41.6607 -17.8137 4.74
    endloop
  endfacet
  facet normal -0.476632 -0.879103 0
    outer loop
      vertex 2.08212 -20.2225 4.74
      vertex 2.34421 -20.3646 4.75
      vertex 2.08212 -20.2225 4.75
    endloop
  endfacet
  facet normal -0.476632 -0.879103 -0
    outer loop
      vertex 2.34421 -20.3646 4.75
      vertex 2.08212 -20.2225 4.74
      vertex 2.34421 -20.3646 4.74
    endloop
  endfacet
  facet normal 0.0837351 -0.700394 -0.708827
    outer loop
      vertex 38.2979 -20.7381 4.74
      vertex 38.294 -18.5728 2.6
      vertex 38.594 -20.7027 4.74
    endloop
  endfacet
  facet normal 0.68549 -0.728082 0
    outer loop
      vertex 40.4608 -19.8296 4.74
      vertex 40.6779 -19.6252 24.3
      vertex 40.4608 -19.8296 24.3
    endloop
  endfacet
  facet normal 0.68549 -0.728082 0
    outer loop
      vertex 40.6779 -19.6252 24.3
      vertex 40.4608 -19.8296 4.74
      vertex 40.6779 -19.6252 4.74
    endloop
  endfacet
  facet normal -0.999209 -0.0397671 0
    outer loop
      vertex 0.261856 -17.2979 4.74
      vertex 0.25 -17 4.75
      vertex 0.25 -17 4.74
    endloop
  endfacet
  facet normal -0.999209 -0.0397671 0
    outer loop
      vertex 0.25 -17 4.75
      vertex 0.261856 -17.2979 4.74
      vertex 0.261856 -17.2979 4.75
    endloop
  endfacet
  facet normal -0.74144 0.671019 0
    outer loop
      vertex 1.12201 19.4041 4.74
      vertex 1.32211 19.6252 4.75
      vertex 1.32211 19.6252 4.74
    endloop
  endfacet
  facet normal -0.74144 0.671019 0
    outer loop
      vertex 1.32211 19.6252 4.75
      vertex 1.12201 19.4041 4.74
      vertex 1.12201 19.4041 4.75
    endloop
  endfacet
  facet normal 0.139444 -0.69201 -0.708292
    outer loop
      vertex 38.594 -20.7027 4.74
      vertex 38.294 -18.5728 2.6
      vertex 38.8863 -20.6438 4.74
    endloop
  endfacet
  facet normal 0.545377 0.838191 -0
    outer loop
      vertex 40.1678 20.0599 4.74
      vertex 39.9179 20.2225 24.3
      vertex 40.1678 20.0599 24.3
    endloop
  endfacet
  facet normal 0.545377 0.838191 0
    outer loop
      vertex 39.9179 20.2225 24.3
      vertex 40.1678 20.0599 4.74
      vertex 39.9179 20.2225 4.74
    endloop
  endfacet
  facet normal 0.254334 0.656832 -0.709849
    outer loop
      vertex 38.7132 18.4323 2.6
      vertex 38.4379 18.5389 2.6
      vertex 39.3832 20.4856 4.74
    endloop
  endfacet
  facet normal 0.0992713 0.99506 -0
    outer loop
      vertex 38.5203 20.7137 4.74
      vertex 38.2236 20.7433 24.3
      vertex 38.5203 20.7137 24.3
    endloop
  endfacet
  facet normal 0.0992713 0.99506 0
    outer loop
      vertex 38.2236 20.7433 24.3
      vertex 38.5203 20.7137 4.74
      vertex 38.2236 20.7433 4.74
    endloop
  endfacet
  facet normal 0.980296 0.197535 0
    outer loop
      vertex 41.7027 17.594 24.3
      vertex 41.6438 17.8863 4.74
      vertex 41.6438 17.8863 24.3
    endloop
  endfacet
  facet normal 0.980296 0.197535 0
    outer loop
      vertex 41.6438 17.8863 4.74
      vertex 41.7027 17.594 24.3
      vertex 41.7027 17.594 4.74
    endloop
  endfacet
  facet normal 0.705299 -0.0211337 -0.708595
    outer loop
      vertex 41.7433 -17.2236 4.74
      vertex 39.6 -17 2.6
      vertex 41.75 -17 4.74
    endloop
  endfacet
  facet normal -0.700366 -0.0839493 -0.70883
    outer loop
      vertex 0.297348 -17.594 4.74
      vertex 0.261856 -17.2979 4.74
      vertex 2.42725 -17.294 2.6
    endloop
  endfacet
  facet normal -0.992893 -0.119013 0
    outer loop
      vertex 0.297348 -17.594 4.74
      vertex 0.261856 -17.2979 4.75
      vertex 0.261856 -17.2979 4.74
    endloop
  endfacet
  facet normal -0.992893 -0.119013 0
    outer loop
      vertex 0.261856 -17.2979 4.75
      vertex 0.297348 -17.594 4.74
      vertex 0.297348 -17.594 4.75
    endloop
  endfacet
  facet normal 0.396416 -0.583856 -0.708496
    outer loop
      vertex 39.9816 -20.1837 4.74
      vertex 38.8423 -18.3604 2.6
      vertex 40.2283 -20.0162 4.74
    endloop
  endfacet
  facet normal -0.671102 -0.741365 0
    outer loop
      vertex 1.37485 -19.6779 4.74
      vertex 1.5959 -19.878 4.75
      vertex 1.37485 -19.6779 4.75
    endloop
  endfacet
  facet normal -0.671102 -0.741365 -0
    outer loop
      vertex 1.5959 -19.878 4.75
      vertex 1.37485 -19.6779 4.74
      vertex 1.5959 -19.878 4.74
    endloop
  endfacet
  facet normal 0.87911 -0.476618 0
    outer loop
      vertex 41.2225 -18.9179 24.3
      vertex 41.3646 -18.6558 4.74
      vertex 41.3646 -18.6558 24.3
    endloop
  endfacet
  facet normal 0.87911 -0.476618 0
    outer loop
      vertex 41.3646 -18.6558 4.74
      vertex 41.2225 -18.9179 24.3
      vertex 41.2225 -18.9179 4.74
    endloop
  endfacet
  facet normal 0.64501 -0.286303 -0.708515
    outer loop
      vertex 41.3646 -18.6558 4.74
      vertex 39.4323 -17.7132 2.6
      vertex 41.4856 -18.3832 4.74
    endloop
  endfacet
  facet normal -0.878997 0.476828 0
    outer loop
      vertex 0.635361 18.6558 4.74
      vertex 0.777542 18.9179 4.75
      vertex 0.777542 18.9179 4.74
    endloop
  endfacet
  facet normal -0.878997 0.476828 0
    outer loop
      vertex 0.777542 18.9179 4.75
      vertex 0.635361 18.6558 4.74
      vertex 0.635361 18.6558 4.75
    endloop
  endfacet
  facet normal 0.255929 0.966695 -0
    outer loop
      vertex 39.1019 20.5844 4.74
      vertex 38.8137 20.6607 24.3
      vertex 39.1019 20.5844 24.3
    endloop
  endfacet
  facet normal 0.255929 0.966695 0
    outer loop
      vertex 38.8137 20.6607 24.3
      vertex 39.1019 20.5844 4.74
      vertex 38.8137 20.6607 4.74
    endloop
  endfacet
  facet normal -0.705458 0 -0.708751
    outer loop
      vertex 0.25 -17 4.74
      vertex 2.39999 17 2.6
      vertex 2.39999 -17 2.6
    endloop
  endfacet
  facet normal -0.705458 0 -0.708751
    outer loop
      vertex 2.39999 17 2.6
      vertex 0.25 -17 4.74
      vertex 0.25 17 4.74
    endloop
  endfacet
  facet normal -0.286346 -0.644989 -0.708516
    outer loop
      vertex 2.61676 -20.4856 4.74
      vertex 2.34421 -20.3646 4.74
      vertex 3.28682 -18.4323 2.6
    endloop
  endfacet
  facet normal 0.914005 -0.405703 0
    outer loop
      vertex 41.3646 -18.6558 24.3
      vertex 41.4856 -18.3832 4.74
      vertex 41.4856 -18.3832 24.3
    endloop
  endfacet
  facet normal 0.914005 -0.405703 0
    outer loop
      vertex 41.4856 -18.3832 4.74
      vertex 41.3646 -18.6558 24.3
      vertex 41.3646 -18.6558 4.74
    endloop
  endfacet
  facet normal 0.705177 0.0281692 -0.708472
    outer loop
      vertex 41.75 17 4.74
      vertex 39.6 17 2.6
      vertex 41.7381 17.2979 4.74
    endloop
  endfacet
  facet normal -0.37094 -0.598847 -0.709779
    outer loop
      vertex 3.28682 -18.4323 2.6
      vertex 2.08212 -20.2225 4.74
      vertex 3.03578 -18.2768 2.6
    endloop
  endfacet
  facet normal -0.336403 -0.620463 -0.70842
    outer loop
      vertex 2.34421 -20.3646 4.74
      vertex 2.08212 -20.2225 4.74
      vertex 3.28682 -18.4323 2.6
    endloop
  endfacet
  facet normal -0.685591 0.727987 0
    outer loop
      vertex 1.53915 19.8296 4.74
      vertex 1.32211 19.6252 4.75
      vertex 1.53915 19.8296 4.75
    endloop
  endfacet
  facet normal -0.685591 0.727987 0
    outer loop
      vertex 1.32211 19.6252 4.75
      vertex 1.53915 19.8296 4.74
      vertex 1.32211 19.6252 4.74
    endloop
  endfacet
  facet normal -0.583857 -0.396405 -0.708501
    outer loop
      vertex 0.98381 -19.2283 4.74
      vertex 0.816315 -18.9816 4.74
      vertex 2.63965 -17.8423 2.6
    endloop
  endfacet
  facet normal 0.472999 0.522639 -0.709309
    outer loop
      vertex 40.6252 19.6779 4.74
      vertex 38.9642 18.2768 2.6
      vertex 40.4041 19.878 4.74
    endloop
  endfacet
  facet normal 0.370982 0.59882 -0.70978
    outer loop
      vertex 38.9642 18.2768 2.6
      vertex 38.7132 18.4323 2.6
      vertex 39.9179 20.2225 4.74
    endloop
  endfacet
  facet normal 0.424601 -0.561999 -0.709839
    outer loop
      vertex 40.2283 -20.0162 4.74
      vertex 38.8423 -18.3604 2.6
      vertex 39.0779 -18.1824 2.6
    endloop
  endfacet
  facet normal 0.29877 -0.638937 -0.70887
    outer loop
      vertex 39.4523 -20.4574 4.74
      vertex 38.578 -18.492 2.6
      vertex 39.7224 -20.3311 4.74
    endloop
  endfacet
  facet normal 0.701399 0.0648913 -0.709809
    outer loop
      vertex 39.6 17 2.6
      vertex 39.5728 17.294 2.6
      vertex 41.7381 17.2979 4.74
    endloop
  endfacet
  facet normal -0.661195 -0.247296 -0.708284
    outer loop
      vertex 0.542633 -18.4523 4.74
      vertex 0.438171 -18.173 4.74
      vertex 2.50804 -17.578 2.6
    endloop
  endfacet
  facet normal 0.999551 -0.0299508 0
    outer loop
      vertex 41.7433 -17.2236 24.3
      vertex 41.75 -17 4.74
      vertex 41.75 -17 24.3
    endloop
  endfacet
  facet normal 0.999551 -0.0299508 0
    outer loop
      vertex 41.75 -17 4.74
      vertex 41.7433 -17.2236 24.3
      vertex 41.7433 -17.2236 4.74
    endloop
  endfacet
  facet normal 1 -0 0
    outer loop
      vertex 41.75 -17 24.3
      vertex 41.75 17 4.74
      vertex 41.75 17 24.3
    endloop
  endfacet
  facet normal 1 0 0
    outer loop
      vertex 41.75 17 4.74
      vertex 41.75 -17 24.3
      vertex 41.75 -17 4.74
    endloop
  endfacet
  facet normal -0.961515 -0.274751 0
    outer loop
      vertex 0.438171 -18.173 4.74
      vertex 0.356247 -17.8863 4.75
      vertex 0.356247 -17.8863 4.74
    endloop
  endfacet
  facet normal -0.961515 -0.274751 0
    outer loop
      vertex 0.356247 -17.8863 4.75
      vertex 0.438171 -18.173 4.74
      vertex 0.438171 -18.173 4.75
    endloop
  endfacet
  facet normal -0.638925 -0.298793 -0.70887
    outer loop
      vertex 0.668945 -18.7224 4.74
      vertex 0.542633 -18.4523 4.74
      vertex 2.50804 -17.578 2.6
    endloop
  endfacet
  facet normal -0.682441 0.18048 -0.708309
    outer loop
      vertex 2.46107 17.4379 2.6
      vertex 0.33934 17.8137 4.74
      vertex 0.415558 18.1019 4.74
    endloop
  endfacet
  facet normal 0.423583 -0.905857 0
    outer loop
      vertex 39.4523 -20.4574 4.74
      vertex 39.7224 -20.3311 24.3
      vertex 39.4523 -20.4574 24.3
    endloop
  endfacet
  facet normal 0.423583 -0.905857 0
    outer loop
      vertex 39.7224 -20.3311 24.3
      vertex 39.4523 -20.4574 4.74
      vertex 39.7224 -20.3311 4.74
    endloop
  endfacet
  facet normal -0.396428 0.58385 -0.708494
    outer loop
      vertex 3.15771 18.3604 2.6
      vertex 1.77174 20.0162 4.74
      vertex 2.01843 20.1837 4.74
    endloop
  endfacet
  facet normal 0.625921 -0.779886 0
    outer loop
      vertex 40.2283 -20.0162 4.74
      vertex 40.4608 -19.8296 24.3
      vertex 40.2283 -20.0162 24.3
    endloop
  endfacet
  facet normal 0.625921 -0.779886 0
    outer loop
      vertex 40.4608 -19.8296 24.3
      vertex 40.2283 -20.0162 4.74
      vertex 40.4608 -19.8296 4.74
    endloop
  endfacet
  facet normal -0.483963 0.513891 -0.708305
    outer loop
      vertex 2.92209 18.1824 2.6
      vertex 1.32211 19.6252 4.74
      vertex 1.53915 19.8296 4.74
    endloop
  endfacet
  facet normal -0.348882 0.613503 -0.708446
    outer loop
      vertex 3.15771 18.3604 2.6
      vertex 2.01843 20.1837 4.74
      vertex 2.27763 20.3311 4.74
    endloop
  endfacet
  facet normal -0.42458 0.56202 -0.709835
    outer loop
      vertex 2.92209 18.1824 2.6
      vertex 1.77174 20.0162 4.74
      vertex 3.15771 18.3604 2.6
    endloop
  endfacet
  facet normal 0.384651 0.59117 -0.708916
    outer loop
      vertex 40.1678 20.0599 4.74
      vertex 38.9642 18.2768 2.6
      vertex 39.9179 20.2225 4.74
    endloop
  endfacet
  facet normal -0.705302 0.0210329 -0.708595
    outer loop
      vertex 2.39999 17 2.6
      vertex 0.25 17 4.74
      vertex 0.256668 17.2236 4.74
    endloop
  endfacet
  facet normal 0.69201 0.139444 -0.708292
    outer loop
      vertex 41.7027 17.594 4.74
      vertex 39.5728 17.294 2.6
      vertex 41.6438 17.8863 4.74
    endloop
  endfacet
  facet normal -0.620383 0.336538 -0.708425
    outer loop
      vertex 2.56773 17.7132 2.6
      vertex 0.635361 18.6558 4.74
      vertex 0.777542 18.9179 4.74
    endloop
  endfacet
  facet normal -0.645068 0.286154 -0.708522
    outer loop
      vertex 2.56773 17.7132 2.6
      vertex 0.514435 18.3832 4.74
      vertex 0.635361 18.6558 4.74
    endloop
  endfacet
  facet normal -0.0299561 -0.999551 0
    outer loop
      vertex 3.77644 -20.7433 4.74
      vertex 4 -20.75 4.75
      vertex 3.77644 -20.7433 4.75
    endloop
  endfacet
  facet normal -0.0299561 -0.999551 -0
    outer loop
      vertex 4 -20.75 4.75
      vertex 3.77644 -20.7433 4.74
      vertex 4 -20.75 4.74
    endloop
  endfacet
  facet normal -0.0211375 -0.705299 -0.708595
    outer loop
      vertex 4 -20.75 4.74
      vertex 3.77644 -20.7433 4.74
      vertex 4 -18.6 2.6
    endloop
  endfacet
  facet normal -0.984032 0.177991 0
    outer loop
      vertex 0.28627 17.5203 4.74
      vertex 0.33934 17.8137 4.75
      vertex 0.33934 17.8137 4.74
    endloop
  endfacet
  facet normal -0.984032 0.177991 0
    outer loop
      vertex 0.33934 17.8137 4.75
      vertex 0.28627 17.5203 4.74
      vertex 0.28627 17.5203 4.75
    endloop
  endfacet
  facet normal 0.313969 -0.630562 -0.7098
    outer loop
      vertex 39.7224 -20.3311 4.74
      vertex 38.578 -18.492 2.6
      vertex 38.8423 -18.3604 2.6
    endloop
  endfacet
  facet normal 0.520819 -0.474752 -0.709478
    outer loop
      vertex 40.6779 -19.6252 4.74
      vertex 39.0779 -18.1824 2.6
      vertex 39.2768 -17.9642 2.6
    endloop
  endfacet
  facet normal 0.609986 0.792412 -0
    outer loop
      vertex 40.4041 19.878 4.74
      vertex 40.1678 20.0599 24.3
      vertex 40.4041 19.878 24.3
    endloop
  endfacet
  facet normal 0.609986 0.792412 0
    outer loop
      vertex 40.1678 20.0599 24.3
      vertex 40.4041 19.878 4.74
      vertex 40.1678 20.0599 4.74
    endloop
  endfacet
  facet normal 0.99506 -0.0992713 0
    outer loop
      vertex 41.7137 -17.5203 24.3
      vertex 41.7433 -17.2236 4.74
      vertex 41.7433 -17.2236 24.3
    endloop
  endfacet
  facet normal 0.99506 -0.0992713 0
    outer loop
      vertex 41.7433 -17.2236 4.74
      vertex 41.7137 -17.5203 24.3
      vertex 41.7137 -17.5203 4.74
    endloop
  endfacet
  facet normal 0.984073 -0.177764 0
    outer loop
      vertex 41.6607 -17.8137 24.3
      vertex 41.7137 -17.5203 4.74
      vertex 41.7137 -17.5203 24.3
    endloop
  endfacet
  facet normal 0.984073 -0.177764 0
    outer loop
      vertex 41.7137 -17.5203 4.74
      vertex 41.6607 -17.8137 24.3
      vertex 41.6607 -17.8137 4.74
    endloop
  endfacet
  facet normal 0.779886 0.625921 0
    outer loop
      vertex 41.0162 19.2283 24.3
      vertex 40.8296 19.4608 4.74
      vertex 40.8296 19.4608 24.3
    endloop
  endfacet
  facet normal 0.779886 0.625921 0
    outer loop
      vertex 40.8296 19.4608 4.74
      vertex 41.0162 19.2283 24.3
      vertex 41.0162 19.2283 4.74
    endloop
  endfacet
  facet normal 0.701167 -0.0699513 -0.709557
    outer loop
      vertex 41.7137 -17.5203 4.74
      vertex 39.6 -17 2.6
      vertex 41.7433 -17.2236 4.74
    endloop
  endfacet
  facet normal 0.630562 0.313969 -0.7098
    outer loop
      vertex 39.492 17.578 2.6
      vertex 39.3604 17.8423 2.6
      vertex 41.3311 18.7224 4.74
    endloop
  endfacet
  facet normal -0.827333 -0.561711 0
    outer loop
      vertex 0.98381 -19.2283 4.74
      vertex 0.816315 -18.9816 4.75
      vertex 0.816315 -18.9816 4.74
    endloop
  endfacet
  facet normal -0.827333 -0.561711 0
    outer loop
      vertex 0.816315 -18.9816 4.75
      vertex 0.98381 -19.2283 4.74
      vertex 0.98381 -19.2283 4.75
    endloop
  endfacet
  facet normal -0.943416 0.331611 0
    outer loop
      vertex 0.415558 18.1019 4.74
      vertex 0.514435 18.3832 4.75
      vertex 0.514435 18.3832 4.74
    endloop
  endfacet
  facet normal -0.943416 0.331611 0
    outer loop
      vertex 0.514435 18.3832 4.75
      vertex 0.415558 18.1019 4.74
      vertex 0.415558 18.1019 4.75
    endloop
  endfacet
  facet normal -0.701163 0.0699556 -0.709561
    outer loop
      vertex 2.39999 17 2.6
      vertex 0.256668 17.2236 4.74
      vertex 0.28627 17.5203 4.74
    endloop
  endfacet
  facet normal 0.792412 -0.609986 0
    outer loop
      vertex 40.878 -19.4041 24.3
      vertex 41.0599 -19.1678 4.74
      vertex 41.0599 -19.1678 24.3
    endloop
  endfacet
  facet normal 0.792412 -0.609986 0
    outer loop
      vertex 41.0599 -19.1678 4.74
      vertex 40.878 -19.4041 24.3
      vertex 40.878 -19.4041 4.74
    endloop
  endfacet
  facet normal 0.559387 -0.430608 -0.708282
    outer loop
      vertex 40.878 -19.4041 4.74
      vertex 39.2768 -17.9642 2.6
      vertex 41.0599 -19.1678 4.74
    endloop
  endfacet
  facet normal 0.943497 -0.331381 0
    outer loop
      vertex 41.4856 -18.3832 24.3
      vertex 41.5844 -18.1019 4.74
      vertex 41.5844 -18.1019 24.3
    endloop
  endfacet
  facet normal 0.943497 -0.331381 0
    outer loop
      vertex 41.5844 -18.1019 4.74
      vertex 41.4856 -18.3832 24.3
      vertex 41.4856 -18.3832 4.74
    endloop
  endfacet
  facet normal 0.405703 0.914005 -0
    outer loop
      vertex 39.6558 20.3646 4.74
      vertex 39.3832 20.4856 24.3
      vertex 39.6558 20.3646 24.3
    endloop
  endfacet
  facet normal 0.405703 0.914005 0
    outer loop
      vertex 39.3832 20.4856 24.3
      vertex 39.6558 20.3646 4.74
      vertex 39.3832 20.4856 4.74
    endloop
  endfacet
  facet normal 0.700394 0.0837351 -0.708827
    outer loop
      vertex 41.7381 17.2979 4.74
      vertex 39.5728 17.294 2.6
      vertex 41.7027 17.594 4.74
    endloop
  endfacet
  facet normal -0.905842 -0.423616 0
    outer loop
      vertex 0.668945 -18.7224 4.74
      vertex 0.542633 -18.4523 4.75
      vertex 0.542633 -18.4523 4.74
    endloop
  endfacet
  facet normal -0.905842 -0.423616 0
    outer loop
      vertex 0.542633 -18.4523 4.75
      vertex 0.668945 -18.7224 4.74
      vertex 0.668945 -18.7224 4.75
    endloop
  endfacet
  facet normal -0.550183 -0.441495 -0.708788
    outer loop
      vertex 1.17038 -19.4608 4.74
      vertex 0.98381 -19.2283 4.74
      vertex 2.81758 -18.0779 2.6
    endloop
  endfacet
  facet normal -0.966763 0.255672 0
    outer loop
      vertex 0.33934 17.8137 4.74
      vertex 0.415558 18.1019 4.75
      vertex 0.415558 18.1019 4.74
    endloop
  endfacet
  facet normal -0.966763 0.255672 0
    outer loop
      vertex 0.415558 18.1019 4.75
      vertex 0.33934 17.8137 4.74
      vertex 0.33934 17.8137 4.75
    endloop
  endfacet
  facet normal -0.384574 -0.591217 -0.708918
    outer loop
      vertex 2.08212 -20.2225 4.74
      vertex 1.83215 -20.0599 4.74
      vertex 3.03578 -18.2768 2.6
    endloop
  endfacet
  facet normal -0.610067 -0.79235 0
    outer loop
      vertex 1.5959 -19.878 4.74
      vertex 1.83215 -20.0599 4.75
      vertex 1.5959 -19.878 4.75
    endloop
  endfacet
  facet normal -0.610067 -0.79235 -0
    outer loop
      vertex 1.83215 -20.0599 4.75
      vertex 1.5959 -19.878 4.74
      vertex 1.83215 -20.0599 4.74
    endloop
  endfacet
  facet normal 0.74144 -0.671019 0
    outer loop
      vertex 40.6779 -19.6252 24.3
      vertex 40.878 -19.4041 4.74
      vertex 40.878 -19.4041 24.3
    endloop
  endfacet
  facet normal 0.74144 -0.671019 0
    outer loop
      vertex 40.878 -19.4041 4.74
      vertex 40.6779 -19.6252 24.3
      vertex 40.6779 -19.6252 4.74
    endloop
  endfacet
  facet normal -0.350153 0.936693 0
    outer loop
      vertex 2.82701 20.5618 4.74
      vertex 2.54773 20.4574 4.75
      vertex 2.82701 20.5618 4.75
    endloop
  endfacet
  facet normal -0.350153 0.936693 0
    outer loop
      vertex 2.54773 20.4574 4.75
      vertex 2.82701 20.5618 4.74
      vertex 2.54773 20.4574 4.74
    endloop
  endfacet
  facet normal -0.274987 0.961448 0
    outer loop
      vertex 3.11371 20.6438 4.74
      vertex 2.82701 20.5618 4.75
      vertex 3.11371 20.6438 4.75
    endloop
  endfacet
  facet normal -0.274987 0.961448 0
    outer loop
      vertex 2.82701 20.5618 4.75
      vertex 3.11371 20.6438 4.74
      vertex 2.82701 20.5618 4.74
    endloop
  endfacet
  facet normal 0.197535 -0.980296 0
    outer loop
      vertex 38.594 -20.7027 4.74
      vertex 38.8863 -20.6438 24.3
      vertex 38.594 -20.7027 24.3
    endloop
  endfacet
  facet normal 0.197535 -0.980296 0
    outer loop
      vertex 38.8863 -20.6438 24.3
      vertex 38.594 -20.7027 4.74
      vertex 38.8863 -20.6438 4.74
    endloop
  endfacet
  facet normal -0.936633 -0.350313 0
    outer loop
      vertex 0.542633 -18.4523 4.74
      vertex 0.438171 -18.173 4.75
      vertex 0.438171 -18.173 4.74
    endloop
  endfacet
  facet normal -0.936633 -0.350313 0
    outer loop
      vertex 0.438171 -18.173 4.75
      vertex 0.542633 -18.4523 4.74
      vertex 0.542633 -18.4523 4.75
    endloop
  endfacet
  facet normal -0.494332 0.869273 0
    outer loop
      vertex 2.27763 20.3311 4.74
      vertex 2.01843 20.1837 4.75
      vertex 2.27763 20.3311 4.75
    endloop
  endfacet
  facet normal -0.494332 0.869273 0
    outer loop
      vertex 2.01843 20.1837 4.75
      vertex 2.27763 20.3311 4.74
      vertex 2.01843 20.1837 4.74
    endloop
  endfacet
  facet normal -0.665546 0.233939 -0.708746
    outer loop
      vertex 2.46107 17.4379 2.6
      vertex 0.415558 18.1019 4.74
      vertex 0.514435 18.3832 4.74
    endloop
  endfacet
  facet normal 0.348882 -0.613501 -0.708447
    outer loop
      vertex 39.7224 -20.3311 4.74
      vertex 38.8423 -18.3604 2.6
      vertex 39.9816 -20.1837 4.74
    endloop
  endfacet
  facet normal -0.99506 0.0992779 0
    outer loop
      vertex 0.256668 17.2236 4.74
      vertex 0.28627 17.5203 4.75
      vertex 0.28627 17.5203 4.74
    endloop
  endfacet
  facet normal -0.99506 0.0992779 0
    outer loop
      vertex 0.28627 17.5203 4.75
      vertex 0.256668 17.2236 4.74
      vertex 0.256668 17.2236 4.75
    endloop
  endfacet
  facet normal -0.430664 -0.559343 -0.708282
    outer loop
      vertex 1.83215 -20.0599 4.74
      vertex 1.5959 -19.878 4.74
      vertex 3.03578 -18.2768 2.6
    endloop
  endfacet
  facet normal -0.423583 0.905857 0
    outer loop
      vertex 2.54773 20.4574 4.74
      vertex 2.27763 20.3311 4.75
      vertex 2.54773 20.4574 4.75
    endloop
  endfacet
  facet normal -0.423583 0.905857 0
    outer loop
      vertex 2.27763 20.3311 4.75
      vertex 2.54773 20.4574 4.74
      vertex 2.27763 20.3311 4.74
    endloop
  endfacet
  facet normal 0.936701 0.350131 0
    outer loop
      vertex 41.5618 18.173 24.3
      vertex 41.4574 18.4523 4.74
      vertex 41.4574 18.4523 24.3
    endloop
  endfacet
  facet normal 0.936701 0.350131 0
    outer loop
      vertex 41.4574 18.4523 4.74
      vertex 41.5618 18.173 24.3
      vertex 41.5618 18.173 4.74
    endloop
  endfacet
  facet normal 0.838191 -0.545377 0
    outer loop
      vertex 41.0599 -19.1678 24.3
      vertex 41.2225 -18.9179 4.74
      vertex 41.2225 -18.9179 24.3
    endloop
  endfacet
  facet normal 0.838191 -0.545377 0
    outer loop
      vertex 41.2225 -18.9179 4.74
      vertex 41.0599 -19.1678 24.3
      vertex 41.0599 -19.1678 4.74
    endloop
  endfacet
  facet normal 0.59117 -0.384651 -0.708916
    outer loop
      vertex 41.0599 -19.1678 4.74
      vertex 39.2768 -17.9642 2.6
      vertex 41.2225 -18.9179 4.74
    endloop
  endfacet
  facet normal 0.561723 -0.827325 0
    outer loop
      vertex 39.9816 -20.1837 4.74
      vertex 40.2283 -20.0162 24.3
      vertex 39.9816 -20.1837 24.3
    endloop
  endfacet
  facet normal 0.561723 -0.827325 0
    outer loop
      vertex 40.2283 -20.0162 24.3
      vertex 39.9816 -20.1837 4.74
      vertex 40.2283 -20.0162 4.74
    endloop
  endfacet
  facet normal 0.905857 0.423583 0
    outer loop
      vertex 41.4574 18.4523 24.3
      vertex 41.3311 18.7224 4.74
      vertex 41.3311 18.7224 24.3
    endloop
  endfacet
  facet normal 0.905857 0.423583 0
    outer loop
      vertex 41.3311 18.7224 4.74
      vertex 41.4574 18.4523 24.3
      vertex 41.4574 18.4523 4.74
    endloop
  endfacet
  facet normal -0.180619 -0.682399 -0.708314
    outer loop
      vertex 3.18633 -20.6607 4.74
      vertex 2.89806 -20.5844 4.74
      vertex 3.56213 -18.5389 2.6
    endloop
  endfacet
  facet normal -0.254325 -0.656832 -0.709853
    outer loop
      vertex 3.56213 -18.5389 2.6
      vertex 2.61676 -20.4856 4.74
      vertex 3.28682 -18.4323 2.6
    endloop
  endfacet
  facet normal -0.233776 -0.665599 -0.70875
    outer loop
      vertex 2.89806 -20.5844 4.74
      vertex 2.61676 -20.4856 4.74
      vertex 3.56213 -18.5389 2.6
    endloop
  endfacet
  facet normal -0.914097 0.405496 0
    outer loop
      vertex 0.514435 18.3832 4.74
      vertex 0.635361 18.6558 4.75
      vertex 0.635361 18.6558 4.74
    endloop
  endfacet
  facet normal -0.914097 0.405496 0
    outer loop
      vertex 0.635361 18.6558 4.75
      vertex 0.514435 18.3832 4.74
      vertex 0.514435 18.3832 4.75
    endloop
  endfacet
  facet normal 0.613501 0.348882 -0.708447
    outer loop
      vertex 41.3311 18.7224 4.74
      vertex 39.3604 17.8423 2.6
      vertex 41.1837 18.9816 4.74
    endloop
  endfacet
  facet normal -0.677896 -0.192842 -0.709414
    outer loop
      vertex 2.50804 -17.578 2.6
      vertex 0.356247 -17.8863 4.74
      vertex 2.42725 -17.294 2.6
    endloop
  endfacet
  facet normal -0.677723 -0.193658 -0.709357
    outer loop
      vertex 0.438171 -18.173 4.74
      vertex 0.356247 -17.8863 4.74
      vertex 2.50804 -17.578 2.6
    endloop
  endfacet
  facet normal -0.561738 0.827315 0
    outer loop
      vertex 2.01843 20.1837 4.74
      vertex 1.77174 20.0162 4.75
      vertex 2.01843 20.1837 4.75
    endloop
  endfacet
  facet normal -0.561738 0.827315 0
    outer loop
      vertex 1.77174 20.0162 4.75
      vertex 2.01843 20.1837 4.74
      vertex 1.77174 20.0162 4.74
    endloop
  endfacet
  facet normal 0.350131 -0.936701 0
    outer loop
      vertex 39.173 -20.5618 4.74
      vertex 39.4523 -20.4574 24.3
      vertex 39.173 -20.5618 24.3
    endloop
  endfacet
  facet normal 0.350131 -0.936701 0
    outer loop
      vertex 39.4523 -20.4574 24.3
      vertex 39.173 -20.5618 4.74
      vertex 39.4523 -20.4574 4.74
    endloop
  endfacet
  facet normal -0.559389 0.430611 -0.708278
    outer loop
      vertex 2.72318 17.9642 2.6
      vertex 0.940109 19.1678 4.74
      vertex 1.12201 19.4041 4.74
    endloop
  endfacet
  facet normal -0.591209 0.384598 -0.708912
    outer loop
      vertex 2.72318 17.9642 2.6
      vertex 0.777542 18.9179 4.74
      vertex 0.940109 19.1678 4.74
    endloop
  endfacet
  facet normal -0.999556 0.0298079 0
    outer loop
      vertex 0.25 17 4.74
      vertex 0.256668 17.2236 4.75
      vertex 0.256668 17.2236 4.74
    endloop
  endfacet
  facet normal -0.999556 0.0298079 0
    outer loop
      vertex 0.256668 17.2236 4.75
      vertex 0.25 17 4.74
      vertex 0.25 17 4.75
    endloop
  endfacet
  facet normal -0.625774 0.780004 0
    outer loop
      vertex 1.77174 20.0162 4.74
      vertex 1.53915 19.8296 4.75
      vertex 1.77174 20.0162 4.75
    endloop
  endfacet
  facet normal -0.625774 0.780004 0
    outer loop
      vertex 1.53915 19.8296 4.75
      vertex 1.77174 20.0162 4.74
      vertex 1.53915 19.8296 4.74
    endloop
  endfacet
  facet normal 0.483893 -0.513959 -0.708303
    outer loop
      vertex 40.4608 -19.8296 4.74
      vertex 39.0779 -18.1824 2.6
      vertex 40.6779 -19.6252 4.74
    endloop
  endfacet
  facet normal 0.992929 0.118709 0
    outer loop
      vertex 41.7381 17.2979 24.3
      vertex 41.7027 17.594 4.74
      vertex 41.7027 17.594 24.3
    endloop
  endfacet
  facet normal 0.992929 0.118709 0
    outer loop
      vertex 41.7027 17.594 4.74
      vertex 41.7381 17.2979 24.3
      vertex 41.7381 17.2979 4.74
    endloop
  endfacet
  facet normal 0.677686 0.193827 -0.709347
    outer loop
      vertex 41.6438 17.8863 4.74
      vertex 39.492 17.578 2.6
      vertex 41.5618 18.173 4.74
    endloop
  endfacet
  facet normal 0.661248 0.247169 -0.708279
    outer loop
      vertex 41.5618 18.173 4.74
      vertex 39.492 17.578 2.6
      vertex 41.4574 18.4523 4.74
    endloop
  endfacet
  facet normal 0.561999 0.424601 -0.709839
    outer loop
      vertex 39.3604 17.8423 2.6
      vertex 39.1824 18.0779 2.6
      vertex 41.0162 19.2283 4.74
    endloop
  endfacet
  facet normal 0.550148 0.441538 -0.708788
    outer loop
      vertex 41.0162 19.2283 4.74
      vertex 39.1824 18.0779 2.6
      vertex 40.8296 19.4608 4.74
    endloop
  endfacet
  facet normal -0.838241 0.5453 0
    outer loop
      vertex 0.777542 18.9179 4.74
      vertex 0.940109 19.1678 4.75
      vertex 0.940109 19.1678 4.74
    endloop
  endfacet
  facet normal -0.838241 0.5453 0
    outer loop
      vertex 0.940109 19.1678 4.75
      vertex 0.777542 18.9179 4.74
      vertex 0.777542 18.9179 4.75
    endloop
  endfacet
  facet normal -0.79241 0.609988 0
    outer loop
      vertex 0.940109 19.1678 4.74
      vertex 1.12201 19.4041 4.75
      vertex 1.12201 19.4041 4.74
    endloop
  endfacet
  facet normal -0.79241 0.609988 0
    outer loop
      vertex 1.12201 19.4041 4.75
      vertex 0.940109 19.1678 4.74
      vertex 0.940109 19.1678 4.75
    endloop
  endfacet
  facet normal -0.54527 -0.83826 0
    outer loop
      vertex 1.83215 -20.0599 4.74
      vertex 2.08212 -20.2225 4.75
      vertex 1.83215 -20.0599 4.75
    endloop
  endfacet
  facet normal -0.54527 -0.83826 -0
    outer loop
      vertex 2.08212 -20.2225 4.75
      vertex 1.83215 -20.0599 4.74
      vertex 2.08212 -20.2225 4.74
    endloop
  endfacet
  facet normal 0.869273 0.494332 0
    outer loop
      vertex 41.3311 18.7224 24.3
      vertex 41.1837 18.9816 4.74
      vertex 41.1837 18.9816 24.3
    endloop
  endfacet
  facet normal 0.869273 0.494332 0
    outer loop
      vertex 41.1837 18.9816 4.74
      vertex 41.3311 18.7224 24.3
      vertex 41.3311 18.7224 4.74
    endloop
  endfacet
  facet normal 0.193827 -0.677686 -0.709347
    outer loop
      vertex 38.8863 -20.6438 4.74
      vertex 38.578 -18.492 2.6
      vertex 39.173 -20.5618 4.74
    endloop
  endfacet
  facet normal 0.247169 -0.661248 -0.708279
    outer loop
      vertex 39.173 -20.5618 4.74
      vertex 38.578 -18.492 2.6
      vertex 39.4523 -20.4574 4.74
    endloop
  endfacet
  facet normal 0.583856 0.396416 -0.708496
    outer loop
      vertex 41.1837 18.9816 4.74
      vertex 39.3604 17.8423 2.6
      vertex 41.0162 19.2283 4.74
    endloop
  endfacet
  facet normal 0 0 1
    outer loop
      vertex 41.7381 17.2979 24.3
      vertex 40.5328 17.296 24.3
      vertex 40.55 17 24.3
    endloop
  endfacet
  facet normal 0 0 1
    outer loop
      vertex 40.8296 19.4608 24.3
      vertex 40.4813 17.5881 24.3
      vertex 40.5328 17.296 24.3
    endloop
  endfacet
  facet normal 0 0 1
    outer loop
      vertex 39.7499 18.8548 24.3
      vertex 40.6252 19.6779 24.3
      vertex 40.4041 19.878 24.3
    endloop
  endfacet
  facet normal 0 0 1
    outer loop
      vertex 40.8296 19.4608 24.3
      vertex 40.3962 17.8721 24.3
      vertex 40.4813 17.5881 24.3
    endloop
  endfacet
  facet normal 0 0 1
    outer loop
      vertex 40.8296 19.4608 24.3
      vertex 40.2788 18.1444 24.3
      vertex 40.3962 17.8721 24.3
    endloop
  endfacet
  facet normal 0 0 1
    outer loop
      vertex 39.5228 19.0454 24.3
      vertex 40.4041 19.878 24.3
      vertex 40.1678 20.0599 24.3
    endloop
  endfacet
  facet normal 0 0 1
    outer loop
      vertex 40.8296 19.4608 24.3
      vertex 40.1305 18.4012 24.3
      vertex 40.2788 18.1444 24.3
    endloop
  endfacet
  facet normal 0 0 1
    outer loop
      vertex 40.8296 19.4608 24.3
      vertex 39.9534 18.6391 24.3
      vertex 40.1305 18.4012 24.3
    endloop
  endfacet
  facet normal 0 0 1
    outer loop
      vertex 39.275 19.2084 24.3
      vertex 40.1678 20.0599 24.3
      vertex 39.9179 20.2225 24.3
    endloop
  endfacet
  facet normal 0 0 1
    outer loop
      vertex 40.6252 19.6779 24.3
      vertex 39.7499 18.8548 24.3
      vertex 39.9534 18.6391 24.3
    endloop
  endfacet
  facet normal 0 0 1
    outer loop
      vertex 39.275 19.2084 24.3
      vertex 39.9179 20.2225 24.3
      vertex 39.6558 20.3646 24.3
    endloop
  endfacet
  facet normal 0 0 1
    outer loop
      vertex 40.4041 19.878 24.3
      vertex 39.5228 19.0454 24.3
      vertex 39.7499 18.8548 24.3
    endloop
  endfacet
  facet normal 0 0 1
    outer loop
      vertex 39.01 19.3414 24.3
      vertex 39.6558 20.3646 24.3
      vertex 39.3832 20.4856 24.3
    endloop
  endfacet
  facet normal 0 0 1
    outer loop
      vertex 40.1678 20.0599 24.3
      vertex 39.275 19.2084 24.3
      vertex 39.5228 19.0454 24.3
    endloop
  endfacet
  facet normal 0 0 1
    outer loop
      vertex 38.7314 19.4429 24.3
      vertex 39.3832 20.4856 24.3
      vertex 39.1019 20.5844 24.3
    endloop
  endfacet
  facet normal 0 0 1
    outer loop
      vertex 39.6558 20.3646 24.3
      vertex 39.01 19.3414 24.3
      vertex 39.275 19.2084 24.3
    endloop
  endfacet
  facet normal 0 0 1
    outer loop
      vertex 38.7314 19.4429 24.3
      vertex 39.1019 20.5844 24.3
      vertex 38.8137 20.6607 24.3
    endloop
  endfacet
  facet normal 0 0 1
    outer loop
      vertex 39.3832 20.4856 24.3
      vertex 38.7314 19.4429 24.3
      vertex 39.01 19.3414 24.3
    endloop
  endfacet
  facet normal 0 0 1
    outer loop
      vertex 38.4428 19.5113 24.3
      vertex 38.8137 20.6607 24.3
      vertex 38.5203 20.7137 24.3
    endloop
  endfacet
  facet normal 0 0 1
    outer loop
      vertex 38.8137 20.6607 24.3
      vertex 38.4428 19.5113 24.3
      vertex 38.7314 19.4429 24.3
    endloop
  endfacet
  facet normal 0 0 1
    outer loop
      vertex 38.2236 20.7433 24.3
      vertex 38.4428 19.5113 24.3
      vertex 38.5203 20.7137 24.3
    endloop
  endfacet
  facet normal 0 0 1
    outer loop
      vertex 38 19.55 24.3
      vertex 38.2236 20.7433 24.3
      vertex 38 20.75 24.3
    endloop
  endfacet
  facet normal 0 0 1
    outer loop
      vertex 38.2236 20.7433 24.3
      vertex 38 19.55 24.3
      vertex 38.4428 19.5113 24.3
    endloop
  endfacet
  facet normal -0 0 1
    outer loop
      vertex -38 20.75 24.3
      vertex 38 19.55 24.3
      vertex 38 20.75 24.3
    endloop
  endfacet
  facet normal 0 0 1
    outer loop
      vertex -38 20.75 24.3
      vertex -38 19.55 24.3
      vertex 38 19.55 24.3
    endloop
  endfacet
  facet normal -0 0 1
    outer loop
      vertex -38.2979 20.7381 24.3
      vertex -38 19.55 24.3
      vertex -38 20.75 24.3
    endloop
  endfacet
  facet normal 0 0 1
    outer loop
      vertex -38 19.55 24.3
      vertex -38.2979 20.7381 24.3
      vertex -38.296 19.5328 24.3
    endloop
  endfacet
  facet normal -0 0 1
    outer loop
      vertex -38.594 20.7027 24.3
      vertex -38.296 19.5328 24.3
      vertex -38.2979 20.7381 24.3
    endloop
  endfacet
  facet normal 0 0 1
    outer loop
      vertex -38.296 19.5328 24.3
      vertex -38.594 20.7027 24.3
      vertex -38.5881 19.4813 24.3
    endloop
  endfacet
  facet normal -0 0 1
    outer loop
      vertex -38.8863 20.6438 24.3
      vertex -38.5881 19.4813 24.3
      vertex -38.594 20.7027 24.3
    endloop
  endfacet
  facet normal -0 0 1
    outer loop
      vertex -39.173 20.5618 24.3
      vertex -38.5881 19.4813 24.3
      vertex -38.8863 20.6438 24.3
    endloop
  endfacet
  facet normal 0 0 1
    outer loop
      vertex -38.5881 19.4813 24.3
      vertex -39.173 20.5618 24.3
      vertex -38.8721 19.3962 24.3
    endloop
  endfacet
  facet normal -0 0 1
    outer loop
      vertex -39.4523 20.4574 24.3
      vertex -38.8721 19.3962 24.3
      vertex -39.173 20.5618 24.3
    endloop
  endfacet
  facet normal 0 0 1
    outer loop
      vertex -38.8721 19.3962 24.3
      vertex -39.4523 20.4574 24.3
      vertex -39.1444 19.2788 24.3
    endloop
  endfacet
  facet normal -0 0 1
    outer loop
      vertex -39.7224 20.3311 24.3
      vertex -39.1444 19.2788 24.3
      vertex -39.4523 20.4574 24.3
    endloop
  endfacet
  facet normal -0 0 1
    outer loop
      vertex -39.9816 20.1837 24.3
      vertex -39.1444 19.2788 24.3
      vertex -39.7224 20.3311 24.3
    endloop
  endfacet
  facet normal 0 0 1
    outer loop
      vertex -39.1444 19.2788 24.3
      vertex -39.9816 20.1837 24.3
      vertex -39.4012 19.1305 24.3
    endloop
  endfacet
  facet normal -0 0 1
    outer loop
      vertex -40.2283 20.0162 24.3
      vertex -39.4012 19.1305 24.3
      vertex -39.9816 20.1837 24.3
    endloop
  endfacet
  facet normal 0 0 1
    outer loop
      vertex -39.4012 19.1305 24.3
      vertex -40.2283 20.0162 24.3
      vertex -39.6391 18.9534 24.3
    endloop
  endfacet
  facet normal -0 0 1
    outer loop
      vertex -40.4608 19.8296 24.3
      vertex -39.6391 18.9534 24.3
      vertex -40.2283 20.0162 24.3
    endloop
  endfacet
  facet normal 0 0 1
    outer loop
      vertex -39.6391 18.9534 24.3
      vertex -40.4608 19.8296 24.3
      vertex -39.8548 18.7499 24.3
    endloop
  endfacet
  facet normal -0 0 1
    outer loop
      vertex -40.6779 19.6252 24.3
      vertex -39.8548 18.7499 24.3
      vertex -40.4608 19.8296 24.3
    endloop
  endfacet
  facet normal -0 0 1
    outer loop
      vertex -40.878 19.4041 24.3
      vertex -39.8548 18.7499 24.3
      vertex -40.6779 19.6252 24.3
    endloop
  endfacet
  facet normal 0 0 1
    outer loop
      vertex -39.8548 18.7499 24.3
      vertex -40.878 19.4041 24.3
      vertex -40.0454 18.5228 24.3
    endloop
  endfacet
  facet normal -0 0 1
    outer loop
      vertex -41.0599 19.1678 24.3
      vertex -40.0454 18.5228 24.3
      vertex -40.878 19.4041 24.3
    endloop
  endfacet
  facet normal 0 0 1
    outer loop
      vertex -40.0454 18.5228 24.3
      vertex -41.0599 19.1678 24.3
      vertex -40.2084 18.275 24.3
    endloop
  endfacet
  facet normal -0 0 1
    outer loop
      vertex -41.2225 18.9179 24.3
      vertex -40.2084 18.275 24.3
      vertex -41.0599 19.1678 24.3
    endloop
  endfacet
  facet normal 0 0 1
    outer loop
      vertex -41.75 -17 24.3
      vertex -40.55 -17 24.3
      vertex -40.55 17 24.3
    endloop
  endfacet
  facet normal -0 0 1
    outer loop
      vertex -41.3646 18.6558 24.3
      vertex -40.2084 18.275 24.3
      vertex -41.2225 18.9179 24.3
    endloop
  endfacet
  facet normal 0 0 1
    outer loop
      vertex -40.2084 18.275 24.3
      vertex -41.3646 18.6558 24.3
      vertex -40.3414 18.01 24.3
    endloop
  endfacet
  facet normal 0 -0 1
    outer loop
      vertex -41.7381 -17.2979 24.3
      vertex -40.55 -17 24.3
      vertex -41.75 -17 24.3
    endloop
  endfacet
  facet normal -0 0 1
    outer loop
      vertex -41.4856 18.3832 24.3
      vertex -40.3414 18.01 24.3
      vertex -41.3646 18.6558 24.3
    endloop
  endfacet
  facet normal 0 0 1
    outer loop
      vertex -40.55 -17 24.3
      vertex -40.8296 -19.4608 24.3
      vertex -40.6252 -19.6779 24.3
    endloop
  endfacet
  facet normal 0 0 1
    outer loop
      vertex -40.3414 18.01 24.3
      vertex -41.4856 18.3832 24.3
      vertex -40.4429 17.7314 24.3
    endloop
  endfacet
  facet normal 0 0 1
    outer loop
      vertex -40.55 -17 24.3
      vertex -41.0162 -19.2283 24.3
      vertex -40.8296 -19.4608 24.3
    endloop
  endfacet
  facet normal -0 0 1
    outer loop
      vertex -41.5844 18.1019 24.3
      vertex -40.4429 17.7314 24.3
      vertex -41.4856 18.3832 24.3
    endloop
  endfacet
  facet normal 0 0 1
    outer loop
      vertex -40.55 -17 24.3
      vertex -41.1837 -18.9816 24.3
      vertex -41.0162 -19.2283 24.3
    endloop
  endfacet
  facet normal -0 0 1
    outer loop
      vertex -41.6607 17.8137 24.3
      vertex -40.4429 17.7314 24.3
      vertex -41.5844 18.1019 24.3
    endloop
  endfacet
  facet normal 0 0 1
    outer loop
      vertex -40.55 -17 24.3
      vertex -41.3311 -18.7224 24.3
      vertex -41.1837 -18.9816 24.3
    endloop
  endfacet
  facet normal 0 0 1
    outer loop
      vertex -40.4429 17.7314 24.3
      vertex -41.6607 17.8137 24.3
      vertex -40.5113 17.4428 24.3
    endloop
  endfacet
  facet normal 0 0 1
    outer loop
      vertex -40.55 -17 24.3
      vertex -41.4574 -18.4523 24.3
      vertex -41.3311 -18.7224 24.3
    endloop
  endfacet
  facet normal -0 0 1
    outer loop
      vertex -41.7137 17.5203 24.3
      vertex -40.5113 17.4428 24.3
      vertex -41.6607 17.8137 24.3
    endloop
  endfacet
  facet normal 0 0 1
    outer loop
      vertex -40.55 -17 24.3
      vertex -41.5618 -18.173 24.3
      vertex -41.4574 -18.4523 24.3
    endloop
  endfacet
  facet normal 0 0 1
    outer loop
      vertex -41.7433 17.2236 24.3
      vertex -40.5113 17.4428 24.3
      vertex -41.7137 17.5203 24.3
    endloop
  endfacet
  facet normal 0 0 1
    outer loop
      vertex -40.55 -17 24.3
      vertex -41.6438 -17.8863 24.3
      vertex -41.5618 -18.173 24.3
    endloop
  endfacet
  facet normal 0 0 1
    outer loop
      vertex -40.5113 17.4428 24.3
      vertex -41.7433 17.2236 24.3
      vertex -40.55 17 24.3
    endloop
  endfacet
  facet normal 0 0 1
    outer loop
      vertex -40.55 -17 24.3
      vertex -41.7027 -17.594 24.3
      vertex -41.6438 -17.8863 24.3
    endloop
  endfacet
  facet normal 0 0 1
    outer loop
      vertex -40.55 17 24.3
      vertex -41.7433 17.2236 24.3
      vertex -41.75 17 24.3
    endloop
  endfacet
  facet normal 0 0 1
    outer loop
      vertex -40.55 17 24.3
      vertex -41.75 17 24.3
      vertex -41.75 -17 24.3
    endloop
  endfacet
  facet normal 0 0 1
    outer loop
      vertex -40.55 -17 24.3
      vertex -41.7381 -17.2979 24.3
      vertex -41.7027 -17.594 24.3
    endloop
  endfacet
  facet normal 0 0 1
    outer loop
      vertex 40.55 -17 24.3
      vertex 41.75 -17 24.3
      vertex 41.75 17 24.3
    endloop
  endfacet
  facet normal 0 0 1
    outer loop
      vertex 40.55 17 24.3
      vertex 41.75 17 24.3
      vertex 41.7381 17.2979 24.3
    endloop
  endfacet
  facet normal 0 0 1
    outer loop
      vertex 40.55 -17 24.3
      vertex 41.75 17 24.3
      vertex 40.55 17 24.3
    endloop
  endfacet
  facet normal 0 0 1
    outer loop
      vertex 40.5328 17.296 24.3
      vertex 41.7381 17.2979 24.3
      vertex 41.7027 17.594 24.3
    endloop
  endfacet
  facet normal 0 0 1
    outer loop
      vertex 41.75 -17 24.3
      vertex 40.55 -17 24.3
      vertex 41.7433 -17.2236 24.3
    endloop
  endfacet
  facet normal 0 0 1
    outer loop
      vertex 40.5328 17.296 24.3
      vertex 41.7027 17.594 24.3
      vertex 41.6438 17.8863 24.3
    endloop
  endfacet
  facet normal 0 0 1
    outer loop
      vertex 40.5113 -17.4428 24.3
      vertex 41.7433 -17.2236 24.3
      vertex 40.55 -17 24.3
    endloop
  endfacet
  facet normal 0 0 1
    outer loop
      vertex 40.5328 17.296 24.3
      vertex 41.6438 17.8863 24.3
      vertex 41.5618 18.173 24.3
    endloop
  endfacet
  facet normal 0 0 1
    outer loop
      vertex 41.7433 -17.2236 24.3
      vertex 40.5113 -17.4428 24.3
      vertex 41.7137 -17.5203 24.3
    endloop
  endfacet
  facet normal 0 0 1
    outer loop
      vertex 40.5328 17.296 24.3
      vertex 41.5618 18.173 24.3
      vertex 41.4574 18.4523 24.3
    endloop
  endfacet
  facet normal 0 0 1
    outer loop
      vertex 41.7137 -17.5203 24.3
      vertex 40.5113 -17.4428 24.3
      vertex 41.6607 -17.8137 24.3
    endloop
  endfacet
  facet normal 0 0 1
    outer loop
      vertex 40.5328 17.296 24.3
      vertex 41.4574 18.4523 24.3
      vertex 41.3311 18.7224 24.3
    endloop
  endfacet
  facet normal -0 0 1
    outer loop
      vertex 40.4429 -17.7314 24.3
      vertex 41.6607 -17.8137 24.3
      vertex 40.5113 -17.4428 24.3
    endloop
  endfacet
  facet normal 0 0 1
    outer loop
      vertex 40.5328 17.296 24.3
      vertex 41.3311 18.7224 24.3
      vertex 41.1837 18.9816 24.3
    endloop
  endfacet
  facet normal 0 0 1
    outer loop
      vertex 41.6607 -17.8137 24.3
      vertex 40.4429 -17.7314 24.3
      vertex 41.5844 -18.1019 24.3
    endloop
  endfacet
  facet normal 0 0 1
    outer loop
      vertex 40.5328 17.296 24.3
      vertex 41.1837 18.9816 24.3
      vertex 41.0162 19.2283 24.3
    endloop
  endfacet
  facet normal 0 0 1
    outer loop
      vertex 41.5844 -18.1019 24.3
      vertex 40.4429 -17.7314 24.3
      vertex 41.4856 -18.3832 24.3
    endloop
  endfacet
  facet normal 0 0 1
    outer loop
      vertex 40.5328 17.296 24.3
      vertex 41.0162 19.2283 24.3
      vertex 40.8296 19.4608 24.3
    endloop
  endfacet
  facet normal -0 0 1
    outer loop
      vertex 40.3414 -18.01 24.3
      vertex 41.4856 -18.3832 24.3
      vertex 40.4429 -17.7314 24.3
    endloop
  endfacet
  facet normal 0 0 1
    outer loop
      vertex 39.9534 18.6391 24.3
      vertex 40.8296 19.4608 24.3
      vertex 40.6252 19.6779 24.3
    endloop
  endfacet
  facet normal 0 0 1
    outer loop
      vertex 41.4856 -18.3832 24.3
      vertex 40.3414 -18.01 24.3
      vertex 41.3646 -18.6558 24.3
    endloop
  endfacet
  facet normal -0 0 1
    outer loop
      vertex 40.2084 -18.275 24.3
      vertex 41.3646 -18.6558 24.3
      vertex 40.3414 -18.01 24.3
    endloop
  endfacet
  facet normal 0 0 1
    outer loop
      vertex 41.3646 -18.6558 24.3
      vertex 40.2084 -18.275 24.3
      vertex 41.2225 -18.9179 24.3
    endloop
  endfacet
  facet normal 0 0 1
    outer loop
      vertex 41.2225 -18.9179 24.3
      vertex 40.2084 -18.275 24.3
      vertex 41.0599 -19.1678 24.3
    endloop
  endfacet
  facet normal -0 0 1
    outer loop
      vertex 40.0454 -18.5228 24.3
      vertex 41.0599 -19.1678 24.3
      vertex 40.2084 -18.275 24.3
    endloop
  endfacet
  facet normal 0 0 1
    outer loop
      vertex 41.0599 -19.1678 24.3
      vertex 40.0454 -18.5228 24.3
      vertex 40.878 -19.4041 24.3
    endloop
  endfacet
  facet normal -0 0 1
    outer loop
      vertex 39.8548 -18.7499 24.3
      vertex 40.878 -19.4041 24.3
      vertex 40.0454 -18.5228 24.3
    endloop
  endfacet
  facet normal 0 0 1
    outer loop
      vertex 40.878 -19.4041 24.3
      vertex 39.8548 -18.7499 24.3
      vertex 40.6779 -19.6252 24.3
    endloop
  endfacet
  facet normal 0 0 1
    outer loop
      vertex 40.6779 -19.6252 24.3
      vertex 39.8548 -18.7499 24.3
      vertex 40.4608 -19.8296 24.3
    endloop
  endfacet
  facet normal -0 0 1
    outer loop
      vertex 39.6391 -18.9534 24.3
      vertex 40.4608 -19.8296 24.3
      vertex 39.8548 -18.7499 24.3
    endloop
  endfacet
  facet normal 0 0 1
    outer loop
      vertex 40.4608 -19.8296 24.3
      vertex 39.6391 -18.9534 24.3
      vertex 40.2283 -20.0162 24.3
    endloop
  endfacet
  facet normal -0 0 1
    outer loop
      vertex 39.4012 -19.1305 24.3
      vertex 40.2283 -20.0162 24.3
      vertex 39.6391 -18.9534 24.3
    endloop
  endfacet
  facet normal 0 0 1
    outer loop
      vertex 40.2283 -20.0162 24.3
      vertex 39.4012 -19.1305 24.3
      vertex 39.9816 -20.1837 24.3
    endloop
  endfacet
  facet normal -0 0 1
    outer loop
      vertex 39.1444 -19.2788 24.3
      vertex 39.9816 -20.1837 24.3
      vertex 39.4012 -19.1305 24.3
    endloop
  endfacet
  facet normal 0 0 1
    outer loop
      vertex 39.9816 -20.1837 24.3
      vertex 39.1444 -19.2788 24.3
      vertex 39.7224 -20.3311 24.3
    endloop
  endfacet
  facet normal 0 0 1
    outer loop
      vertex 39.7224 -20.3311 24.3
      vertex 39.1444 -19.2788 24.3
      vertex 39.4523 -20.4574 24.3
    endloop
  endfacet
  facet normal -0 0 1
    outer loop
      vertex 38.8721 -19.3962 24.3
      vertex 39.4523 -20.4574 24.3
      vertex 39.1444 -19.2788 24.3
    endloop
  endfacet
  facet normal 0 0 1
    outer loop
      vertex 39.4523 -20.4574 24.3
      vertex 38.8721 -19.3962 24.3
      vertex 39.173 -20.5618 24.3
    endloop
  endfacet
  facet normal -0 0 1
    outer loop
      vertex 38.5881 -19.4813 24.3
      vertex 39.173 -20.5618 24.3
      vertex 38.8721 -19.3962 24.3
    endloop
  endfacet
  facet normal 0 0 1
    outer loop
      vertex 39.173 -20.5618 24.3
      vertex 38.5881 -19.4813 24.3
      vertex 38.8863 -20.6438 24.3
    endloop
  endfacet
  facet normal 0 0 1
    outer loop
      vertex 38.8863 -20.6438 24.3
      vertex 38.5881 -19.4813 24.3
      vertex 38.594 -20.7027 24.3
    endloop
  endfacet
  facet normal -0 0 1
    outer loop
      vertex 38.296 -19.5328 24.3
      vertex 38.594 -20.7027 24.3
      vertex 38.5881 -19.4813 24.3
    endloop
  endfacet
  facet normal 0 0 1
    outer loop
      vertex 38.594 -20.7027 24.3
      vertex 38.296 -19.5328 24.3
      vertex 38.2979 -20.7381 24.3
    endloop
  endfacet
  facet normal -0 0 1
    outer loop
      vertex 38 -19.55 24.3
      vertex 38.2979 -20.7381 24.3
      vertex 38.296 -19.5328 24.3
    endloop
  endfacet
  facet normal 0 0 1
    outer loop
      vertex 38 -19.55 24.3
      vertex 38 -20.75 24.3
      vertex 38.2979 -20.7381 24.3
    endloop
  endfacet
  facet normal -0 0 1
    outer loop
      vertex -38 -19.55 24.3
      vertex 38 -20.75 24.3
      vertex 38 -19.55 24.3
    endloop
  endfacet
  facet normal 0 0 1
    outer loop
      vertex -38 -19.55 24.3
      vertex -38 -20.75 24.3
      vertex 38 -20.75 24.3
    endloop
  endfacet
  facet normal 0 0 1
    outer loop
      vertex -38 -19.55 24.3
      vertex -38.2236 -20.7433 24.3
      vertex -38 -20.75 24.3
    endloop
  endfacet
  facet normal 0 0 1
    outer loop
      vertex -38.4428 -19.5113 24.3
      vertex -38.2236 -20.7433 24.3
      vertex -38 -19.55 24.3
    endloop
  endfacet
  facet normal 0 0 1
    outer loop
      vertex -38.4428 -19.5113 24.3
      vertex -38.5203 -20.7137 24.3
      vertex -38.2236 -20.7433 24.3
    endloop
  endfacet
  facet normal 0 0 1
    outer loop
      vertex -38.8137 -20.6607 24.3
      vertex -38.4428 -19.5113 24.3
      vertex -38.7314 -19.4429 24.3
    endloop
  endfacet
  facet normal 0 0 1
    outer loop
      vertex -38.4428 -19.5113 24.3
      vertex -38.8137 -20.6607 24.3
      vertex -38.5203 -20.7137 24.3
    endloop
  endfacet
  facet normal 0 0 1
    outer loop
      vertex -39.3832 -20.4856 24.3
      vertex -38.7314 -19.4429 24.3
      vertex -39.01 -19.3414 24.3
    endloop
  endfacet
  facet normal 0 0 1
    outer loop
      vertex -38.7314 -19.4429 24.3
      vertex -39.1019 -20.5844 24.3
      vertex -38.8137 -20.6607 24.3
    endloop
  endfacet
  facet normal 0 0 1
    outer loop
      vertex -39.6558 -20.3646 24.3
      vertex -39.01 -19.3414 24.3
      vertex -39.275 -19.2084 24.3
    endloop
  endfacet
  facet normal 0 0 1
    outer loop
      vertex -38.7314 -19.4429 24.3
      vertex -39.3832 -20.4856 24.3
      vertex -39.1019 -20.5844 24.3
    endloop
  endfacet
  facet normal 0 0 1
    outer loop
      vertex -40.1678 -20.0599 24.3
      vertex -39.275 -19.2084 24.3
      vertex -39.5228 -19.0454 24.3
    endloop
  endfacet
  facet normal 0 0 1
    outer loop
      vertex -39.01 -19.3414 24.3
      vertex -39.6558 -20.3646 24.3
      vertex -39.3832 -20.4856 24.3
    endloop
  endfacet
  facet normal 0 0 1
    outer loop
      vertex -40.4041 -19.878 24.3
      vertex -39.5228 -19.0454 24.3
      vertex -39.7499 -18.8548 24.3
    endloop
  endfacet
  facet normal 0 0 1
    outer loop
      vertex -39.275 -19.2084 24.3
      vertex -39.9179 -20.2225 24.3
      vertex -39.6558 -20.3646 24.3
    endloop
  endfacet
  facet normal 0 0 1
    outer loop
      vertex -40.6252 -19.6779 24.3
      vertex -39.7499 -18.8548 24.3
      vertex -39.9534 -18.6391 24.3
    endloop
  endfacet
  facet normal 0 0 1
    outer loop
      vertex -40.6252 -19.6779 24.3
      vertex -39.9534 -18.6391 24.3
      vertex -40.1305 -18.4012 24.3
    endloop
  endfacet
  facet normal 0 0 1
    outer loop
      vertex -39.275 -19.2084 24.3
      vertex -40.1678 -20.0599 24.3
      vertex -39.9179 -20.2225 24.3
    endloop
  endfacet
  facet normal 0 0 1
    outer loop
      vertex -40.6252 -19.6779 24.3
      vertex -40.1305 -18.4012 24.3
      vertex -40.2788 -18.1444 24.3
    endloop
  endfacet
  facet normal 0 0 1
    outer loop
      vertex -40.6252 -19.6779 24.3
      vertex -40.2788 -18.1444 24.3
      vertex -40.3962 -17.8721 24.3
    endloop
  endfacet
  facet normal 0 0 1
    outer loop
      vertex -39.5228 -19.0454 24.3
      vertex -40.4041 -19.878 24.3
      vertex -40.1678 -20.0599 24.3
    endloop
  endfacet
  facet normal 0 0 1
    outer loop
      vertex -40.6252 -19.6779 24.3
      vertex -40.3962 -17.8721 24.3
      vertex -40.4813 -17.5881 24.3
    endloop
  endfacet
  facet normal 0 0 1
    outer loop
      vertex -40.6252 -19.6779 24.3
      vertex -40.4813 -17.5881 24.3
      vertex -40.5328 -17.296 24.3
    endloop
  endfacet
  facet normal 0 0 1
    outer loop
      vertex -40.6252 -19.6779 24.3
      vertex -40.5328 -17.296 24.3
      vertex -40.55 -17 24.3
    endloop
  endfacet
  facet normal 0 0 1
    outer loop
      vertex -39.7499 -18.8548 24.3
      vertex -40.6252 -19.6779 24.3
      vertex -40.4041 -19.878 24.3
    endloop
  endfacet
  facet normal 0.802139 0.597137 0
    outer loop
      vertex -39.9534 -18.6391 8.97484
      vertex -40.1305 -18.4012 8.62063
      vertex -40.1305 -18.4012 20.99
    endloop
  endfacet
  facet normal 0.799887 0.600143 0.0031452
    outer loop
      vertex -40.1305 -18.4012 8.62063
      vertex -39.9534 -18.6391 8.97484
      vertex -40.1153 -18.4216 8.64754
    endloop
  endfacet
  facet normal 0.802139 0.597137 -0
    outer loop
      vertex -39.9534 -18.6391 8.97484
      vertex -40.1305 -18.4012 20.99
      vertex -39.9534 -18.6391 20.99
    endloop
  endfacet
  facet normal 0.8022 0.597055 -5.08032e-05
    outer loop
      vertex -40.1153 -18.4216 8.64754
      vertex -39.9534 -18.6391 8.97484
      vertex -39.9898 -18.5902 8.89472
    endloop
  endfacet
  facet normal -0.693851 -0.122328 0.709652
    outer loop
      vertex -0.617252 17.296 6.94
      vertex -0.66875 17.5881 6.94
      vertex -1.42519 17.2957 6.15
    endloop
  endfacet
  facet normal -0.0612932 -0.701325 0.710202
    outer loop
      vertex -2.7072 19.5113 6.94
      vertex -3.15001 19.55 6.94
      vertex -3.15001 18.75 6.15
    endloop
  endfacet
  facet normal 1 0 0
    outer loop
      vertex -40.55 17 20.99
      vertex -40.55 -16.5223 6.94
      vertex -40.55 17 6.94
    endloop
  endfacet
  facet normal 1 -0 0
    outer loop
      vertex -40.55 -17 20.99
      vertex -40.55 -16.5223 6.94
      vertex -40.55 17 20.99
    endloop
  endfacet
  facet normal 1 -0 0
    outer loop
      vertex -40.55 -17 7.24295
      vertex -40.55 -16.5223 6.94
      vertex -40.55 -17 20.99
    endloop
  endfacet
  facet normal 1 0 0
    outer loop
      vertex -40.55 -16.5223 6.94
      vertex -40.55 -17 7.24295
      vertex -40.55 -16.6786 7.03025
    endloop
  endfacet
  facet normal 1 0 0
    outer loop
      vertex -40.55 -16.6786 7.03025
      vertex -40.55 -17 7.24295
      vertex -40.55 -16.9299 7.19257
    endloop
  endfacet
  facet normal 0.642702 0.766117 -0
    outer loop
      vertex -39.5227 -19.0454 9.74485
      vertex -39.7499 -18.8548 20.99
      vertex -39.5227 -19.0454 20.99
    endloop
  endfacet
  facet normal 0.645273 0.763948 -0.00252283
    outer loop
      vertex -39.7499 -18.8548 9.3495
      vertex -39.5227 -19.0454 9.74485
      vertex -39.5542 -19.019 9.68228
    endloop
  endfacet
  facet normal 0.642688 0.766128 7.23975e-05
    outer loop
      vertex -39.7499 -18.8548 9.3495
      vertex -39.5542 -19.019 9.68228
      vertex -39.7089 -18.8892 9.41273
    endloop
  endfacet
  facet normal 0.642702 0.766117 0
    outer loop
      vertex -39.5227 -19.0454 9.74485
      vertex -39.7499 -18.8548 9.3495
      vertex -39.7499 -18.8548 20.99
    endloop
  endfacet
  facet normal 0 -0.702646 0.71154
    outer loop
      vertex -38 19.55 6.94
      vertex -3.15001 18.75 6.15
      vertex -3.15001 19.55 6.94
    endloop
  endfacet
  facet normal 0 -0.702646 0.71154
    outer loop
      vertex -3.15001 18.75 6.15
      vertex -38 19.55 6.94
      vertex -38 18.75 6.15
    endloop
  endfacet
  facet normal -0.702057 -0.0408972 0.710945
    outer loop
      vertex -0.600009 17 6.94
      vertex -0.617252 17.296 6.94
      vertex -1.40001 17 6.15
    endloop
  endfacet
  facet normal 0.549709 0.835356 -0
    outer loop
      vertex -39.275 -19.2084 10.1588
      vertex -39.5227 -19.0454 20.99
      vertex -39.275 -19.2084 20.99
    endloop
  endfacet
  facet normal 0.548124 0.836396 0.00135827
    outer loop
      vertex -39.5227 -19.0454 9.74485
      vertex -39.275 -19.2084 10.1588
      vertex -39.3862 -19.1352 9.95795
    endloop
  endfacet
  facet normal 0.549709 0.835356 0
    outer loop
      vertex -39.275 -19.2084 10.1588
      vertex -39.5227 -19.0454 9.74485
      vertex -39.5227 -19.0454 20.99
    endloop
  endfacet
  facet normal 0.0888491 0.996045 0
    outer loop
      vertex -38.0213 -19.5481 12.15
      vertex -38 -19.55 20.99
      vertex -38 -19.55 12.15
    endloop
  endfacet
  facet normal 0 0 0
    outer loop
      vertex -38 -19.55 6.94
      vertex -38 -19.55 12.15
      vertex -38 -19.55 20.99
    endloop
  endfacet
  facet normal 0.0870665 0.996203 4.32904e-06
    outer loop
      vertex -38 -19.55 20.99
      vertex -38.0213 -19.5481 12.15
      vertex -38.4428 -19.5113 20.99
    endloop
  endfacet
  facet normal 0.0870582 0.996203 0
    outer loop
      vertex -38.1918 -19.5332 11.7016
      vertex -38.0213 -19.5481 12.15
      vertex -38.0213 -19.5481 12.0004
    endloop
  endfacet
  facet normal 0.0868523 0.996221 7.89035e-05
    outer loop
      vertex -38.0213 -19.5481 12.15
      vertex -38.1918 -19.5332 11.7016
      vertex -38.4428 -19.5113 11.4821
    endloop
  endfacet
  facet normal 0.0869764 0.99621 0
    outer loop
      vertex -38.0213 -19.5481 12.15
      vertex -38.4428 -19.5113 11.4821
      vertex -38.4428 -19.5113 20.99
    endloop
  endfacet
  facet normal 0.727378 0.686237 0
    outer loop
      vertex -39.7499 -18.8548 9.3495
      vertex -39.9534 -18.6391 8.97484
      vertex -39.9534 -18.6391 20.99
    endloop
  endfacet
  facet normal 0.727378 0.686237 -0
    outer loop
      vertex -39.7499 -18.8548 9.3495
      vertex -39.9534 -18.6391 20.99
      vertex -39.7499 -18.8548 20.99
    endloop
  endfacet
  facet normal 0.72984 0.683612 -0.0028489
    outer loop
      vertex -39.9534 -18.6391 8.97484
      vertex -39.7499 -18.8548 9.3495
      vertex -39.8524 -18.7462 9.15
    endloop
  endfacet
  facet normal 0.342203 0.939626 -0
    outer loop
      vertex -38.7313 -19.4429 11.0291
      vertex -39.01 -19.3414 20.99
      vertex -38.7313 -19.4429 20.99
    endloop
  endfacet
  facet normal 0.344219 0.938888 -0.001439
    outer loop
      vertex -39.01 -19.3414 10.5866
      vertex -38.7313 -19.4429 11.0291
      vertex -38.8503 -19.3996 10.8149
    endloop
  endfacet
  facet normal 0.342203 0.939626 0
    outer loop
      vertex -38.7313 -19.4429 11.0291
      vertex -39.01 -19.3414 10.5866
      vertex -39.01 -19.3414 20.99
    endloop
  endfacet
  facet normal -0.957964 -0.28689 0
    outer loop
      vertex -0.66875 17.5881 6.94
      vertex -0.753802 17.8721 20.99
      vertex -0.753802 17.8721 6.94
    endloop
  endfacet
  facet normal -0.957964 -0.28689 0
    outer loop
      vertex -0.753802 17.8721 20.99
      vertex -0.66875 17.5881 6.94
      vertex -0.66875 17.5881 20.99
    endloop
  endfacet
  facet normal -0.802172 -0.597094 0
    outer loop
      vertex -1.01952 18.4012 6.94
      vertex -1.1966 18.6391 20.99
      vertex -1.1966 18.6391 6.94
    endloop
  endfacet
  facet normal -0.802172 -0.597094 0
    outer loop
      vertex -1.1966 18.6391 20.99
      vertex -1.01952 18.4012 6.94
      vertex -1.01952 18.4012 20.99
    endloop
  endfacet
  facet normal 0.626564 -0.315883 0.712486
    outer loop
      vertex -39.6238 17.6525 6.15
      vertex -39.4902 17.9175 6.15
      vertex -40.2083 18.275 6.94
    endloop
  endfacet
  facet normal -0.727395 -0.686219 0
    outer loop
      vertex -1.1966 18.6391 6.94
      vertex -1.40009 18.8548 20.99
      vertex -1.40009 18.8548 6.94
    endloop
  endfacet
  facet normal -0.727395 -0.686219 0
    outer loop
      vertex -1.40009 18.8548 20.99
      vertex -1.1966 18.6391 6.94
      vertex -1.1966 18.6391 20.99
    endloop
  endfacet
  facet normal 0.288514 -0.638651 0.713361
    outer loop
      vertex -38.8535 18.5278 6.15
      vertex -38.583 18.65 6.15
      vertex -39.1444 19.2788 6.94
    endloop
  endfacet
  facet normal 0 -1 0
    outer loop
      vertex 3.15001 19.55 6.94
      vertex 38 19.55 20.99
      vertex 3.15001 19.55 20.99
    endloop
  endfacet
  facet normal 0 -1 -0
    outer loop
      vertex 38 19.55 20.99
      vertex 3.15001 19.55 6.94
      vertex 38 19.55 6.94
    endloop
  endfacet
  facet normal 0 -1 0
    outer loop
      vertex -38 19.55 6.94
      vertex -3.15001 19.55 20.99
      vertex -38 19.55 20.99
    endloop
  endfacet
  facet normal 0 -1 -0
    outer loop
      vertex -3.15001 19.55 20.99
      vertex -38 19.55 6.94
      vertex -3.15001 19.55 6.94
    endloop
  endfacet
  facet normal 0 -1 0
    outer loop
      vertex -3.15001 19.55 20.99
      vertex -38 19.55 21.11
      vertex -38 19.55 20.99
    endloop
  endfacet
  facet normal 0 -1 0
    outer loop
      vertex -38 19.55 21.11
      vertex -3.15001 19.55 20.99
      vertex 38 19.55 21.11
    endloop
  endfacet
  facet normal 0 -1 0
    outer loop
      vertex 3.15001 19.55 20.99
      vertex 38 19.55 21.11
      vertex -3.15001 19.55 20.99
    endloop
  endfacet
  facet normal 0 -1 0
    outer loop
      vertex 38 19.55 20.99
      vertex 38 19.55 21.11
      vertex 3.15001 19.55 20.99
    endloop
  endfacet
  facet normal -0.972551 0.232677 0.00241664
    outer loop
      vertex -0.707141 -17.7314 7.84953
      vertex -0.638751 -17.4428 7.58558
      vertex -0.683364 -17.631 7.75169
    endloop
  endfacet
  facet normal -0.973052 0.230586 0
    outer loop
      vertex -0.638751 -17.4428 7.58558
      vertex -0.707141 -17.7314 7.84953
      vertex -0.638751 -17.4428 20.99
    endloop
  endfacet
  facet normal -0.973052 0.230586 0
    outer loop
      vertex -0.638751 -17.4428 20.99
      vertex -0.707141 -17.7314 7.84953
      vertex -0.707141 -17.7314 20.99
    endloop
  endfacet
  facet normal 0.0594717 -0.697849 0.713772
    outer loop
      vertex -38.2957 18.7248 6.15
      vertex -38 18.75 6.15
      vertex -38.296 19.5328 6.94
    endloop
  endfacet
  facet normal 0.69699 -0.0742927 0.713222
    outer loop
      vertex -39.75 17 6.15
      vertex -39.7107 17.3687 6.15
      vertex -40.5112 17.4428 6.94
    endloop
  endfacet
  facet normal 0.230693 0.973027 -0
    outer loop
      vertex -38.4428 -19.5113 11.4821
      vertex -38.7313 -19.4429 20.99
      vertex -38.4428 -19.5113 20.99
    endloop
  endfacet
  facet normal 0.22655 0.973996 0.00279324
    outer loop
      vertex -38.6639 -19.4588 11.1081
      vertex -38.4428 -19.5113 11.4821
      vertex -38.4758 -19.5034 11.4039
    endloop
  endfacet
  facet normal 0.226386 0.974033 0.00289541
    outer loop
      vertex -38.4428 -19.5113 11.4821
      vertex -38.6639 -19.4588 11.1081
      vertex -38.7313 -19.4429 11.0291
    endloop
  endfacet
  facet normal 0.230693 0.973027 0
    outer loop
      vertex -38.4428 -19.5113 11.4821
      vertex -38.7313 -19.4429 11.0291
      vertex -38.7313 -19.4429 20.99
    endloop
  endfacet
  facet normal 0.448562 0.893752 -0
    outer loop
      vertex -39.01 -19.3414 10.5866
      vertex -39.275 -19.2084 20.99
      vertex -39.01 -19.3414 20.99
    endloop
  endfacet
  facet normal 0.449504 0.893278 -0.000730733
    outer loop
      vertex -39.275 -19.2084 10.1588
      vertex -39.01 -19.3414 10.5866
      vertex -39.0413 -19.3257 10.525
    endloop
  endfacet
  facet normal 0.44735 0.894359 0.000990325
    outer loop
      vertex -39.275 -19.2084 10.1588
      vertex -39.0413 -19.3257 10.525
      vertex -39.2168 -19.2376 10.2391
    endloop
  endfacet
  facet normal 0.448562 0.893752 0
    outer loop
      vertex -39.01 -19.3414 10.5866
      vertex -39.275 -19.2084 10.1588
      vertex -39.275 -19.2084 20.99
    endloop
  endfacet
  facet normal -0.506306 -0.485232 0.712884
    outer loop
      vertex -1.78846 18.0994 6.15
      vertex -1.40009 18.8548 6.94
      vertex -1.99384 18.3137 6.15
    endloop
  endfacet
  facet normal -0.67754 -0.176354 0.71403
    outer loop
      vertex -1.42519 17.2957 6.15
      vertex -0.66875 17.5881 6.94
      vertex -1.49997 17.583 6.15
    endloop
  endfacet
  facet normal -0.702645 0 0.71154
    outer loop
      vertex -1.40001 -13.55 6.15
      vertex -0.600009 -16.5223 6.94
      vertex -0.600009 17 6.94
    endloop
  endfacet
  facet normal -0.702634 6.00861e-06 0.711552
    outer loop
      vertex -0.798301 -16.1533 6.74419
      vertex -0.600009 -16.5223 6.94
      vertex -1.40001 -13.55 6.15
    endloop
  endfacet
  facet normal -0.702716 -8.11898e-05 0.71147
    outer loop
      vertex -0.600009 -16.5223 6.94
      vertex -0.798301 -16.1533 6.74419
      vertex -0.66009 -16.4195 6.88067
    endloop
  endfacet
  facet normal -0.702671 -1.08125e-05 0.711515
    outer loop
      vertex -0.798301 -16.1533 6.74419
      vertex -1.40001 -13.55 6.15
      vertex -0.922904 -15.8806 6.62114
    endloop
  endfacet
  facet normal -0.702631 5.21185e-06 0.711554
    outer loop
      vertex -0.922904 -15.8806 6.62114
      vertex -1.40001 -13.55 6.15
      vertex -1.03359 -15.6021 6.51184
    endloop
  endfacet
  facet normal -0.702693 -1.6446e-05 0.711494
    outer loop
      vertex -1.03359 -15.6021 6.51184
      vertex -1.40001 -13.55 6.15
      vertex -1.13007 -15.3185 6.41656
    endloop
  endfacet
  facet normal -0.70252 3.56443e-05 0.711664
    outer loop
      vertex -1.13007 -15.3185 6.41656
      vertex -1.40001 -13.55 6.15
      vertex -1.21213 -15.0305 6.33554
    endloop
  endfacet
  facet normal -0.702775 -2.84314e-05 0.711412
    outer loop
      vertex -1.21213 -15.0305 6.33554
      vertex -1.40001 -13.55 6.15
      vertex -1.27954 -14.7389 6.26896
    endloop
  endfacet
  facet normal -0.702624 1.81719e-06 0.711561
    outer loop
      vertex -1.27954 -14.7389 6.26896
      vertex -1.40001 -13.55 6.15
      vertex -1.33215 -14.4443 6.21701
    endloop
  endfacet
  facet normal -0.70268 -6.584e-06 0.711506
    outer loop
      vertex -1.33215 -14.4443 6.21701
      vertex -1.40001 -13.55 6.15
      vertex -1.36982 -14.1474 6.17981
    endloop
  endfacet
  facet normal -0.702375 2.3924e-05 0.711807
    outer loop
      vertex -1.36982 -14.1474 6.17981
      vertex -1.40001 -13.55 6.15
      vertex -1.39246 -13.8491 6.15746
    endloop
  endfacet
  facet normal -0.702645 0 0.71154
    outer loop
      vertex -1.40001 17 6.15
      vertex -1.40001 -13.55 6.15
      vertex -0.600009 17 6.94
    endloop
  endfacet
  facet normal 0 0 0
    outer loop
      vertex -1.40001 -17 6.15
      vertex -1.40001 -13.55 6.15
      vertex -1.40001 17 6.15
    endloop
  endfacet
  facet normal 0.562727 -0.416092 0.714287
    outer loop
      vertex -39.4902 17.9175 6.15
      vertex -39.3137 18.1562 6.15
      vertex -40.0454 18.5228 6.94
    endloop
  endfacet
  facet normal 0.669179 -0.204904 0.714293
    outer loop
      vertex -39.7107 17.3687 6.15
      vertex -39.6238 17.6525 6.15
      vertex -40.4429 17.7314 6.94
    endloop
  endfacet
  facet normal 0.485268 -0.506295 0.712868
    outer loop
      vertex -39.3137 18.1562 6.15
      vertex -39.0994 18.3616 6.15
      vertex -39.8548 18.7499 6.94
    endloop
  endfacet
  facet normal 0.702646 0 0.71154
    outer loop
      vertex -40.55 17 6.94
      vertex -39.75 -13.55 6.15
      vertex -39.75 17 6.15
    endloop
  endfacet
  facet normal 0.702646 -0 0.71154
    outer loop
      vertex -40.55 -16.5223 6.94
      vertex -39.75 -13.55 6.15
      vertex -40.55 17 6.94
    endloop
  endfacet
  facet normal 0.70238 0.000141056 0.711802
    outer loop
      vertex -39.75 -13.55 6.15
      vertex -40.55 -16.5223 6.94
      vertex -39.7575 -13.8491 6.15746
    endloop
  endfacet
  facet normal 0.702976 -0.000207563 0.711214
    outer loop
      vertex -39.7575 -13.8491 6.15746
      vertex -40.55 -16.5223 6.94
      vertex -39.7802 -14.1474 6.17981
    endloop
  endfacet
  facet normal 0.702832 -0.000115658 0.711356
    outer loop
      vertex -39.7802 -14.1474 6.17981
      vertex -40.55 -16.5223 6.94
      vertex -39.8179 -14.4443 6.21701
    endloop
  endfacet
  facet normal 0.702634 2.22147e-05 0.711551
    outer loop
      vertex -39.8179 -14.4443 6.21701
      vertex -40.55 -16.5223 6.94
      vertex -39.8705 -14.7389 6.26896
    endloop
  endfacet
  facet normal 0.702506 0.000118831 0.711678
    outer loop
      vertex -39.8705 -14.7389 6.26896
      vertex -40.55 -16.5223 6.94
      vertex -39.9379 -15.0305 6.33554
    endloop
  endfacet
  facet normal 0.702219 0.000351275 0.711961
    outer loop
      vertex -39.9379 -15.0305 6.33554
      vertex -40.55 -16.5223 6.94
      vertex -40.0199 -15.3185 6.41656
    endloop
  endfacet
  facet normal 0.702719 -8.39527e-05 0.711467
    outer loop
      vertex -40.0199 -15.3185 6.41656
      vertex -40.55 -16.5223 6.94
      vertex -40.1164 -15.6021 6.51184
    endloop
  endfacet
  facet normal 0.702825 -0.00018195 0.711363
    outer loop
      vertex -40.1164 -15.6021 6.51184
      vertex -40.55 -16.5223 6.94
      vertex -40.2271 -15.8806 6.62114
    endloop
  endfacet
  facet normal 0.702386 0.000253905 0.711796
    outer loop
      vertex -40.2271 -15.8806 6.62114
      vertex -40.55 -16.5223 6.94
      vertex -40.3517 -16.1533 6.74419
    endloop
  endfacet
  facet normal 0.701484 0.00121004 0.712684
    outer loop
      vertex -40.3517 -16.1533 6.74419
      vertex -40.55 -16.5223 6.94
      vertex -40.4899 -16.4195 6.88067
    endloop
  endfacet
  facet normal -0 0 0
    outer loop
      vertex -39.75 -13.55 6.15
      vertex -39.75 -17 6.15
      vertex -39.75 17 6.15
    endloop
  endfacet
  facet normal 0.173631 -0.984811 0
    outer loop
      vertex -38.5881 19.4813 6.94
      vertex -38.296 19.5328 20.99
      vertex -38.5881 19.4813 20.99
    endloop
  endfacet
  facet normal 0.173631 -0.984811 0
    outer loop
      vertex -38.296 19.5328 20.99
      vertex -38.5881 19.4813 6.94
      vertex -38.296 19.5328 6.94
    endloop
  endfacet
  facet normal -0.996179 0.0873358 0.000228605
    outer loop
      vertex -0.638751 -17.4428 7.58558
      vertex -0.600009 -17 7.24295
      vertex -0.61513 -17.1728 7.3672
    endloop
  endfacet
  facet normal -0.996163 0.0875187 0.000456493
    outer loop
      vertex -0.638751 -17.4428 7.58558
      vertex -0.61513 -17.1728 7.3672
      vertex -0.635594 -17.4067 7.55373
    endloop
  endfacet
  facet normal -0.996194 0.0871603 0
    outer loop
      vertex -0.600009 -17 7.24295
      vertex -0.638751 -17.4428 7.58558
      vertex -0.600009 -17 20.99
    endloop
  endfacet
  facet normal -0.996194 0.0871603 0
    outer loop
      vertex -0.600009 -17 20.99
      vertex -0.638751 -17.4428 7.58558
      vertex -0.638751 -17.4428 20.99
    endloop
  endfacet
  facet normal -0.833307 0.5528 0.00350697
    outer loop
      vertex -1.1046 -18.5228 8.79586
      vertex -0.941653 -18.275 8.45395
      vertex -1.03809 -18.4216 8.64754
    endloop
  endfacet
  facet normal -0.83554 0.54943 0
    outer loop
      vertex -0.941653 -18.275 8.45395
      vertex -1.1046 -18.5228 8.79586
      vertex -0.941653 -18.275 20.99
    endloop
  endfacet
  facet normal -0.83554 0.54943 0
    outer loop
      vertex -0.941653 -18.275 20.99
      vertex -1.1046 -18.5228 8.79586
      vertex -1.1046 -18.5228 20.99
    endloop
  endfacet
  facet normal -0.41618 -0.56268 0.714273
    outer loop
      vertex -1.99384 18.3137 6.15
      vertex -1.62726 19.0454 6.94
      vertex -2.23247 18.4902 6.15
    endloop
  endfacet
  facet normal -0.549617 -0.835417 0
    outer loop
      vertex -1.87502 19.2084 6.94
      vertex -1.62726 19.0454 20.99
      vertex -1.87502 19.2084 20.99
    endloop
  endfacet
  facet normal -0.549617 -0.835417 -0
    outer loop
      vertex -1.62726 19.0454 20.99
      vertex -1.87502 19.2084 6.94
      vertex -1.62726 19.0454 6.94
    endloop
  endfacet
  facet normal 0.996183 -0.0872897 0
    outer loop
      vertex -40.55 17 20.99
      vertex -40.5112 17.4428 6.94
      vertex -40.5112 17.4428 20.99
    endloop
  endfacet
  facet normal 0.996183 -0.0872897 0
    outer loop
      vertex -40.5112 17.4428 6.94
      vertex -40.55 17 20.99
      vertex -40.55 17 6.94
    endloop
  endfacet
  facet normal -0.579896 -0.39199 0.714188
    outer loop
      vertex -1.62224 17.8535 6.15
      vertex -1.01952 18.4012 6.94
      vertex -1.78846 18.0994 6.15
    endloop
  endfacet
  facet normal 0.893616 -0.448831 0
    outer loop
      vertex -40.3414 18.01 20.99
      vertex -40.2083 18.275 6.94
      vertex -40.2083 18.275 20.99
    endloop
  endfacet
  facet normal 0.893616 -0.448831 0
    outer loop
      vertex -40.2083 18.275 6.94
      vertex -40.3414 18.01 20.99
      vertex -40.3414 18.01 6.94
    endloop
  endfacet
  facet normal -1 0 0
    outer loop
      vertex -0.600009 -16.5223 6.94
      vertex -0.600009 17 20.99
      vertex -0.600009 17 6.94
    endloop
  endfacet
  facet normal -1 0 0
    outer loop
      vertex -0.600009 -17 7.24295
      vertex -0.600009 -16.5223 6.94
      vertex -0.600009 -16.6786 7.03025
    endloop
  endfacet
  facet normal -1 0 0
    outer loop
      vertex -0.600009 -17 7.24295
      vertex -0.600009 -16.6786 7.03025
      vertex -0.600009 -16.9299 7.19257
    endloop
  endfacet
  facet normal -1 0 0
    outer loop
      vertex -0.600009 -16.5223 6.94
      vertex -0.600009 -17 7.24295
      vertex -0.600009 -17 20.99
    endloop
  endfacet
  facet normal -1 0 0
    outer loop
      vertex -0.600009 -16.5223 6.94
      vertex -0.600009 -17 20.99
      vertex -0.600009 17 20.99
    endloop
  endfacet
  facet normal 0.685471 -0.162223 0.709798
    outer loop
      vertex -39.7107 17.3687 6.15
      vertex -40.4429 17.7314 6.94
      vertex -40.5112 17.4428 6.94
    endloop
  endfacet
  facet normal -0.638596 -0.288655 0.713354
    outer loop
      vertex -1.49997 17.583 6.15
      vertex -0.871249 18.1444 6.94
      vertex -1.62224 17.8535 6.15
    endloop
  endfacet
  facet normal -0.204898 -0.669185 0.714288
    outer loop
      vertex -2.49752 18.6238 6.15
      vertex -2.41866 19.4429 6.94
      vertex -2.78133 18.7107 6.15
    endloop
  endfacet
  facet normal 0.97312 -0.230298 0
    outer loop
      vertex -40.5112 17.4428 20.99
      vertex -40.4429 17.7314 6.94
      vertex -40.4429 17.7314 20.99
    endloop
  endfacet
  facet normal 0.97312 -0.230298 0
    outer loop
      vertex -40.4429 17.7314 6.94
      vertex -40.5112 17.4428 20.99
      vertex -40.5112 17.4428 6.94
    endloop
  endfacet
  facet normal -0.686254 0.727362 0
    outer loop
      vertex -1.29521 -18.7499 20.99
      vertex -1.5109 -18.9534 9.54601
      vertex -1.5109 -18.9534 20.99
    endloop
  endfacet
  facet normal -0.686254 0.727362 0
    outer loop
      vertex -1.29521 -18.7499 9.15692
      vertex -1.5109 -18.9534 9.54601
      vertex -1.29521 -18.7499 20.99
    endloop
  endfacet
  facet normal -0.685279 0.72828 0.00102109
    outer loop
      vertex -1.5109 -18.9534 9.54601
      vertex -1.29521 -18.7499 9.15692
      vertex -1.44287 -18.8892 9.41273
    endloop
  endfacet
  facet normal -0.315822 -0.626561 0.712515
    outer loop
      vertex -2.23247 18.4902 6.15
      vertex -1.87502 19.2084 6.94
      vertex -2.49752 18.6238 6.15
    endloop
  endfacet
  facet normal 0.395913 -0.918288 0
    outer loop
      vertex -39.1444 19.2788 6.94
      vertex -38.8721 19.3962 20.99
      vertex -39.1444 19.2788 20.99
    endloop
  endfacet
  facet normal 0.395913 -0.918288 0
    outer loop
      vertex -38.8721 19.3962 20.99
      vertex -39.1444 19.2788 6.94
      vertex -38.8721 19.3962 6.94
    endloop
  endfacet
  facet normal -0.984812 -0.173625 0
    outer loop
      vertex -0.617252 17.296 6.94
      vertex -0.66875 17.5881 20.99
      vertex -0.66875 17.5881 6.94
    endloop
  endfacet
  facet normal -0.984812 -0.173625 0
    outer loop
      vertex -0.66875 17.5881 20.99
      vertex -0.617252 17.296 6.94
      vertex -0.617252 17.296 20.99
    endloop
  endfacet
  facet normal 0.278242 -0.64536 0.711402
    outer loop
      vertex -38.583 18.65 6.15
      vertex -38.8721 19.3962 6.94
      vertex -39.1444 19.2788 6.94
    endloop
  endfacet
  facet normal 0 1 -0
    outer loop
      vertex -3.15001 -19.55 6.94
      vertex -38 -19.55 20.99
      vertex -3.15001 -19.55 20.99
    endloop
  endfacet
  facet normal 0 1 0
    outer loop
      vertex -38 -19.55 20.99
      vertex -3.15001 -19.55 6.94
      vertex -38 -19.55 6.94
    endloop
  endfacet
  facet normal 0 1 -0
    outer loop
      vertex 38 -19.55 6.94
      vertex 3.15001 -19.55 20.99
      vertex 38 -19.55 20.99
    endloop
  endfacet
  facet normal 0 1 0
    outer loop
      vertex 3.15001 -19.55 20.99
      vertex 38 -19.55 6.94
      vertex 3.15001 -19.55 6.94
    endloop
  endfacet
  facet normal 0 1 0
    outer loop
      vertex 3.15001 -19.55 20.99
      vertex 38 -19.55 21.11
      vertex 38 -19.55 20.99
    endloop
  endfacet
  facet normal 0 1 0
    outer loop
      vertex 38 -19.55 21.11
      vertex 3.15001 -19.55 20.99
      vertex -38 -19.55 21.11
    endloop
  endfacet
  facet normal 0 1 -0
    outer loop
      vertex -3.15001 -19.55 20.99
      vertex -38 -19.55 21.11
      vertex 3.15001 -19.55 20.99
    endloop
  endfacet
  facet normal 0 1 0
    outer loop
      vertex -38 -19.55 20.99
      vertex -38 -19.55 21.11
      vertex -3.15001 -19.55 20.99
    endloop
  endfacet
  facet normal 0.539527 -0.452813 0.709839
    outer loop
      vertex -39.3137 18.1562 6.15
      vertex -39.8548 18.7499 6.94
      vertex -40.0454 18.5228 6.94
    endloop
  endfacet
  facet normal 0.122328 -0.693824 0.709679
    outer loop
      vertex -38.2957 18.7248 6.15
      vertex -38.296 19.5328 6.94
      vertex -38.5881 19.4813 6.94
    endloop
  endfacet
  facet normal -0.342247 -0.93961 0
    outer loop
      vertex -2.41866 19.4429 6.94
      vertex -2.14 19.3414 20.99
      vertex -2.41866 19.4429 20.99
    endloop
  endfacet
  facet normal -0.342247 -0.93961 -0
    outer loop
      vertex -2.14 19.3414 20.99
      vertex -2.41866 19.4429 6.94
      vertex -2.14 19.3414 6.94
    endloop
  endfacet
  facet normal -0.230663 -0.973034 0
    outer loop
      vertex -2.7072 19.5113 6.94
      vertex -2.41866 19.4429 20.99
      vertex -2.7072 19.5113 20.99
    endloop
  endfacet
  facet normal -0.230663 -0.973034 -0
    outer loop
      vertex -2.41866 19.4429 20.99
      vertex -2.7072 19.5113 6.94
      vertex -2.41866 19.4429 6.94
    endloop
  endfacet
  facet normal 0.627214 -0.315027 0.712292
    outer loop
      vertex -39.6238 17.6525 6.15
      vertex -40.2083 18.275 6.94
      vertex -40.3414 18.01 6.94
    endloop
  endfacet
  facet normal -0.0580044 0.998316 4.2059e-06
    outer loop
      vertex -2.85398 -19.5328 20.99
      vertex -3.11795 -19.5481 12.15
      vertex -3.15001 -19.55 20.99
    endloop
  endfacet
  facet normal -0.057864 0.998324 0
    outer loop
      vertex -2.85398 -19.5328 11.697
      vertex -3.11795 -19.5481 12.15
      vertex -2.85398 -19.5328 20.99
    endloop
  endfacet
  facet normal -0.0465501 0.998894 0.00661203
    outer loop
      vertex -2.86191 -19.5332 11.7016
      vertex -3.11795 -19.5481 12.15
      vertex -2.85398 -19.5328 11.697
    endloop
  endfacet
  facet normal -0.0580957 0.998311 0
    outer loop
      vertex -3.11795 -19.5481 12.15
      vertex -2.86191 -19.5332 11.7016
      vertex -3.11795 -19.5481 12.0004
    endloop
  endfacet
  facet normal -0.0592522 0.998243 -3.35137e-07
    outer loop
      vertex -3.14996 -19.55 12.15
      vertex -3.15001 -19.55 20.99
      vertex -3.11795 -19.5481 12.15
    endloop
  endfacet
  facet normal 0 1 0
    outer loop
      vertex -3.15001 -19.55 6.94
      vertex -3.14996 -19.55 12.15
      vertex -3.14996 -19.55 6.94
    endloop
  endfacet
  facet normal 0 1 0
    outer loop
      vertex -3.14996 -19.55 12.15
      vertex -3.15001 -19.55 6.94
      vertex -3.15001 -19.55 20.99
    endloop
  endfacet
  facet normal 0.701318 -0.0614524 0.710195
    outer loop
      vertex -39.75 17 6.15
      vertex -40.5112 17.4428 6.94
      vertex -40.55 17 6.94
    endloop
  endfacet
  facet normal -0.998308 -0.0581548 0
    outer loop
      vertex -0.600009 17 6.94
      vertex -0.617252 17.296 20.99
      vertex -0.617252 17.296 6.94
    endloop
  endfacet
  facet normal -0.998308 -0.0581548 0
    outer loop
      vertex -0.617252 17.296 20.99
      vertex -0.600009 17 6.94
      vertex -0.600009 17 20.99
    endloop
  endfacet
  facet normal 0 0 1
    outer loop
      vertex -3.15001 18.75 6.15
      vertex -1.40001 17 6.15
      vertex -1.42519 17.2957 6.15
    endloop
  endfacet
  facet normal 0 0 1
    outer loop
      vertex -1.40001 17 6.15
      vertex -3.15001 18.75 6.15
      vertex -1.40001 -17 6.15
    endloop
  endfacet
  facet normal 0 0 1
    outer loop
      vertex -3.15001 18.75 6.15
      vertex -1.42519 17.2957 6.15
      vertex -1.49997 17.583 6.15
    endloop
  endfacet
  facet normal 0 0 1
    outer loop
      vertex -1.40001 -17 6.15
      vertex -3.15001 18.75 6.15
      vertex -3.15001 -18.75 6.15
    endloop
  endfacet
  facet normal 0 0 1
    outer loop
      vertex -3.15001 18.75 6.15
      vertex -1.49997 17.583 6.15
      vertex -1.62224 17.8535 6.15
    endloop
  endfacet
  facet normal 0 0 1
    outer loop
      vertex -1.40001 -17 6.15
      vertex -3.15001 -18.75 6.15
      vertex -1.43929 -17.3687 6.15
    endloop
  endfacet
  facet normal 0 0 1
    outer loop
      vertex -3.15001 18.75 6.15
      vertex -1.62224 17.8535 6.15
      vertex -1.78846 18.0994 6.15
    endloop
  endfacet
  facet normal 0 0 1
    outer loop
      vertex -1.43929 -17.3687 6.15
      vertex -3.15001 -18.75 6.15
      vertex -1.5262 -17.6525 6.15
    endloop
  endfacet
  facet normal 0 0 1
    outer loop
      vertex -3.15001 18.75 6.15
      vertex -1.78846 18.0994 6.15
      vertex -1.99384 18.3137 6.15
    endloop
  endfacet
  facet normal 0 0 1
    outer loop
      vertex -1.5262 -17.6525 6.15
      vertex -3.15001 -18.75 6.15
      vertex -1.65984 -17.9175 6.15
    endloop
  endfacet
  facet normal 0 0 1
    outer loop
      vertex -3.15001 18.75 6.15
      vertex -1.99384 18.3137 6.15
      vertex -2.23247 18.4902 6.15
    endloop
  endfacet
  facet normal 0 0 1
    outer loop
      vertex -1.65984 -17.9175 6.15
      vertex -3.15001 -18.75 6.15
      vertex -1.83634 -18.1562 6.15
    endloop
  endfacet
  facet normal 0 0 1
    outer loop
      vertex -3.15001 18.75 6.15
      vertex -2.23247 18.4902 6.15
      vertex -2.49752 18.6238 6.15
    endloop
  endfacet
  facet normal 0 0 1
    outer loop
      vertex -1.83634 -18.1562 6.15
      vertex -3.15001 -18.75 6.15
      vertex -2.05063 -18.3616 6.15
    endloop
  endfacet
  facet normal 0 0 1
    outer loop
      vertex -3.15001 18.75 6.15
      vertex -2.49752 18.6238 6.15
      vertex -2.78133 18.7107 6.15
    endloop
  endfacet
  facet normal 0 0 1
    outer loop
      vertex -2.05063 -18.3616 6.15
      vertex -3.15001 -18.75 6.15
      vertex -2.29654 -18.5278 6.15
    endloop
  endfacet
  facet normal 0 0 1
    outer loop
      vertex -2.29654 -18.5278 6.15
      vertex -3.15001 -18.75 6.15
      vertex -2.56702 -18.65 6.15
    endloop
  endfacet
  facet normal 0 0 1
    outer loop
      vertex -2.56702 -18.65 6.15
      vertex -3.15001 -18.75 6.15
      vertex -2.85427 -18.7248 6.15
    endloop
  endfacet
  facet normal -0 0 1
    outer loop
      vertex -38 18.75 6.15
      vertex -3.15001 -18.75 6.15
      vertex -3.15001 18.75 6.15
    endloop
  endfacet
  facet normal 0 0 1
    outer loop
      vertex -38 18.75 6.15
      vertex -38 -18.75 6.15
      vertex -3.15001 -18.75 6.15
    endloop
  endfacet
  facet normal 0 0 1
    outer loop
      vertex -39.75 17 6.15
      vertex -38 18.75 6.15
      vertex -38.2957 18.7248 6.15
    endloop
  endfacet
  facet normal 0 0 1
    outer loop
      vertex -38 18.75 6.15
      vertex -39.75 17 6.15
      vertex -38 -18.75 6.15
    endloop
  endfacet
  facet normal 0 0 1
    outer loop
      vertex -39.75 17 6.15
      vertex -38.2957 18.7248 6.15
      vertex -38.583 18.65 6.15
    endloop
  endfacet
  facet normal 0 0 1
    outer loop
      vertex -38 -18.75 6.15
      vertex -39.75 17 6.15
      vertex -39.75 -17 6.15
    endloop
  endfacet
  facet normal 0 0 1
    outer loop
      vertex -39.75 17 6.15
      vertex -38.583 18.65 6.15
      vertex -38.8535 18.5278 6.15
    endloop
  endfacet
  facet normal 0 0 1
    outer loop
      vertex -38 -18.75 6.15
      vertex -39.75 -17 6.15
      vertex -38.3687 -18.7107 6.15
    endloop
  endfacet
  facet normal 0 0 1
    outer loop
      vertex -39.75 17 6.15
      vertex -38.8535 18.5278 6.15
      vertex -39.0994 18.3616 6.15
    endloop
  endfacet
  facet normal 0 0 1
    outer loop
      vertex -38.3687 -18.7107 6.15
      vertex -39.75 -17 6.15
      vertex -38.6525 -18.6238 6.15
    endloop
  endfacet
  facet normal 0 0 1
    outer loop
      vertex -39.75 17 6.15
      vertex -39.0994 18.3616 6.15
      vertex -39.3137 18.1562 6.15
    endloop
  endfacet
  facet normal 0 0 1
    outer loop
      vertex -38.6525 -18.6238 6.15
      vertex -39.75 -17 6.15
      vertex -38.9175 -18.4902 6.15
    endloop
  endfacet
  facet normal 0 0 1
    outer loop
      vertex -39.75 17 6.15
      vertex -39.3137 18.1562 6.15
      vertex -39.4902 17.9175 6.15
    endloop
  endfacet
  facet normal 0 0 1
    outer loop
      vertex -38.9175 -18.4902 6.15
      vertex -39.75 -17 6.15
      vertex -39.1562 -18.3137 6.15
    endloop
  endfacet
  facet normal 0 0 1
    outer loop
      vertex -39.75 17 6.15
      vertex -39.4902 17.9175 6.15
      vertex -39.6238 17.6525 6.15
    endloop
  endfacet
  facet normal 0 0 1
    outer loop
      vertex -39.1562 -18.3137 6.15
      vertex -39.75 -17 6.15
      vertex -39.3615 -18.0994 6.15
    endloop
  endfacet
  facet normal 0 0 1
    outer loop
      vertex -39.75 17 6.15
      vertex -39.6238 17.6525 6.15
      vertex -39.7107 17.3687 6.15
    endloop
  endfacet
  facet normal 0 0 1
    outer loop
      vertex -39.3615 -18.0994 6.15
      vertex -39.75 -17 6.15
      vertex -39.5278 -17.8535 6.15
    endloop
  endfacet
  facet normal 0 0 1
    outer loop
      vertex -39.5278 -17.8535 6.15
      vertex -39.75 -17 6.15
      vertex -39.65 -17.583 6.15
    endloop
  endfacet
  facet normal 0 0 1
    outer loop
      vertex -39.65 -17.583 6.15
      vertex -39.75 -17 6.15
      vertex -39.7248 -17.2957 6.15
    endloop
  endfacet
  facet normal -0.173666 0.984805 0
    outer loop
      vertex -2.56194 -19.4813 20.99
      vertex -2.85398 -19.5328 11.697
      vertex -2.85398 -19.5328 20.99
    endloop
  endfacet
  facet normal -0.173666 0.984805 0
    outer loop
      vertex -2.56194 -19.4813 11.2568
      vertex -2.85398 -19.5328 11.697
      vertex -2.56194 -19.4813 20.99
    endloop
  endfacet
  facet normal -0.171163 0.985241 0.0017115
    outer loop
      vertex -2.85398 -19.5328 11.697
      vertex -2.56194 -19.4813 11.2568
      vertex -2.68768 -19.5034 11.4039
    endloop
  endfacet
  facet normal -0.697878 -0.059427 0.713747
    outer loop
      vertex -1.40001 17 6.15
      vertex -0.617252 17.296 6.94
      vertex -1.42519 17.2957 6.15
    endloop
  endfacet
  facet normal 0.661609 -0.241038 0.710053
    outer loop
      vertex -39.6238 17.6525 6.15
      vertex -40.3414 18.01 6.94
      vertex -40.4429 17.7314 6.94
    endloop
  endfacet
  facet normal -0.674072 -0.20187 0.710546
    outer loop
      vertex -0.66875 17.5881 6.94
      vertex -0.753802 17.8721 6.94
      vertex -1.49997 17.583 6.15
    endloop
  endfacet
  facet normal -0.645333 -0.278342 0.711387
    outer loop
      vertex -0.753802 17.8721 6.94
      vertex -0.871249 18.1444 6.94
      vertex -1.49997 17.583 6.15
    endloop
  endfacet
  facet normal -0.564705 -0.420336 0.71023
    outer loop
      vertex -1.01952 18.4012 6.94
      vertex -1.1966 18.6391 6.94
      vertex -1.78846 18.0994 6.15
    endloop
  endfacet
  facet normal -0.51082 -0.481904 0.711921
    outer loop
      vertex -1.1966 18.6391 6.94
      vertex -1.40009 18.8548 6.94
      vertex -1.78846 18.0994 6.15
    endloop
  endfacet
  facet normal -0.866015 -0.500019 0
    outer loop
      vertex -0.871249 18.1444 6.94
      vertex -1.01952 18.4012 20.99
      vertex -1.01952 18.4012 6.94
    endloop
  endfacet
  facet normal -0.866015 -0.500019 0
    outer loop
      vertex -1.01952 18.4012 20.99
      vertex -0.871249 18.1444 6.94
      vertex -0.871249 18.1444 20.99
    endloop
  endfacet
  facet normal -0.610111 -0.352266 0.709699
    outer loop
      vertex -0.871249 18.1444 6.94
      vertex -1.01952 18.4012 6.94
      vertex -1.62224 17.8535 6.15
    endloop
  endfacet
  facet normal 0.865972 0.500092 0
    outer loop
      vertex -40.1305 -18.4012 8.62063
      vertex -40.2788 -18.1444 8.294
      vertex -40.2788 -18.1444 20.99
    endloop
  endfacet
  facet normal 0.865972 0.500092 -0
    outer loop
      vertex -40.1305 -18.4012 8.62063
      vertex -40.2788 -18.1444 20.99
      vertex -40.1305 -18.4012 20.99
    endloop
  endfacet
  facet normal 0.8651 0.501597 0.00157915
    outer loop
      vertex -40.2788 -18.1444 8.294
      vertex -40.1305 -18.4012 8.62063
      vertex -40.223 -18.241 8.40906
    endloop
  endfacet
  facet normal -0.766705 0.641999 -0.000951292
    outer loop
      vertex -1.29521 -18.7499 9.15692
      vertex -1.1046 -18.5228 8.79586
      vertex -1.16116 -18.5902 8.89472
    endloop
  endfacet
  facet normal -0.805083 0.590906 -0.0516925
    outer loop
      vertex -1.29521 -18.7499 9.15692
      vertex -1.16116 -18.5902 8.89472
      vertex -1.29205 -18.7462 9.15
    endloop
  endfacet
  facet normal -0.765961 0.642888 0
    outer loop
      vertex -1.1046 -18.5228 8.79586
      vertex -1.29521 -18.7499 9.15692
      vertex -1.1046 -18.5228 20.99
    endloop
  endfacet
  facet normal -0.765961 0.642888 0
    outer loop
      vertex -1.1046 -18.5228 20.99
      vertex -1.29521 -18.7499 9.15692
      vertex -1.29521 -18.7499 20.99
    endloop
  endfacet
  facet normal -0.894568 0.446927 -0.00196301
    outer loop
      vertex -0.941653 -18.275 8.45395
      vertex -0.808566 -18.01 8.1382
      vertex -0.827992 -18.0487 8.17988
    endloop
  endfacet
  facet normal -0.893762 0.448542 -0.000295074
    outer loop
      vertex -0.941653 -18.275 8.45395
      vertex -0.827992 -18.0487 8.17988
      vertex -0.924575 -18.241 8.40906
    endloop
  endfacet
  facet normal -0.893634 0.448796 0
    outer loop
      vertex -0.808566 -18.01 8.1382
      vertex -0.941653 -18.275 8.45395
      vertex -0.808566 -18.01 20.99
    endloop
  endfacet
  facet normal -0.893634 0.448796 0
    outer loop
      vertex -0.808566 -18.01 20.99
      vertex -0.941653 -18.275 8.45395
      vertex -0.941653 -18.275 20.99
    endloop
  endfacet
  facet normal 0.588466 -0.386849 0.709969
    outer loop
      vertex -39.4902 17.9175 6.15
      vertex -40.0454 18.5228 6.94
      vertex -40.2083 18.275 6.94
    endloop
  endfacet
  facet normal -0.0742918 -0.696944 0.713267
    outer loop
      vertex -2.78133 18.7107 6.15
      vertex -2.7072 19.5113 6.94
      vertex -3.15001 18.75 6.15
    endloop
  endfacet
  facet normal 0.0407954 -0.702061 0.710948
    outer loop
      vertex -38 18.75 6.15
      vertex -38 19.55 6.94
      vertex -38.296 19.5328 6.94
    endloop
  endfacet
  facet normal -0.918231 -0.396046 0
    outer loop
      vertex -0.753802 17.8721 6.94
      vertex -0.871249 18.1444 20.99
      vertex -0.871249 18.1444 6.94
    endloop
  endfacet
  facet normal -0.918231 -0.396046 0
    outer loop
      vertex -0.871249 18.1444 20.99
      vertex -0.753802 17.8721 6.94
      vertex -0.753802 17.8721 20.99
    endloop
  endfacet
  facet normal -0.0870645 -0.996203 0
    outer loop
      vertex -3.15001 19.55 6.94
      vertex -2.7072 19.5113 20.99
      vertex -3.15001 19.55 20.99
    endloop
  endfacet
  facet normal -0.0870645 -0.996203 -0
    outer loop
      vertex -2.7072 19.5113 20.99
      vertex -3.15001 19.55 6.94
      vertex -2.7072 19.5113 6.94
    endloop
  endfacet
  facet normal 0.48193 -0.510822 0.711902
    outer loop
      vertex -39.0994 18.3616 6.15
      vertex -39.6391 18.9534 6.94
      vertex -39.8548 18.7499 6.94
    endloop
  endfacet
  facet normal 0.998296 0.0583464 0
    outer loop
      vertex -40.5327 -17.296 7.46546
      vertex -40.55 -17 7.24295
      vertex -40.55 -17 20.99
    endloop
  endfacet
  facet normal 0.998296 0.0583464 -0
    outer loop
      vertex -40.5327 -17.296 7.46546
      vertex -40.55 -17 20.99
      vertex -40.5327 -17.296 20.99
    endloop
  endfacet
  facet normal 0.998292 0.058418 9.55459e-05
    outer loop
      vertex -40.55 -17 7.24295
      vertex -40.5327 -17.296 7.46546
      vertex -40.5399 -17.1728 7.3672
    endloop
  endfacet
  facet normal 0.0580103 -0.998316 0
    outer loop
      vertex -38.296 19.5328 6.94
      vertex -38 19.55 20.99
      vertex -38.296 19.5328 20.99
    endloop
  endfacet
  facet normal 0.0580103 -0.998316 0
    outer loop
      vertex -38 19.55 20.99
      vertex -38.296 19.5328 6.94
      vertex -38 19.55 6.94
    endloop
  endfacet
  facet normal 0.765977 -0.642868 0
    outer loop
      vertex -40.0454 18.5228 20.99
      vertex -39.8548 18.7499 6.94
      vertex -39.8548 18.7499 20.99
    endloop
  endfacet
  facet normal 0.765977 -0.642868 0
    outer loop
      vertex -39.8548 18.7499 6.94
      vertex -40.0454 18.5228 20.99
      vertex -40.0454 18.5228 6.94
    endloop
  endfacet
  facet normal -0.395913 0.918288 0
    outer loop
      vertex -2.00557 -19.2788 20.99
      vertex -2.27787 -19.3962 10.8017
      vertex -2.27787 -19.3962 20.99
    endloop
  endfacet
  facet normal -0.395913 0.918288 0
    outer loop
      vertex -2.00557 -19.2788 10.3726
      vertex -2.27787 -19.3962 10.8017
      vertex -2.00557 -19.2788 20.99
    endloop
  endfacet
  facet normal -0.391824 0.920035 0.00307278
    outer loop
      vertex -2.27787 -19.3962 10.8017
      vertex -2.00557 -19.2788 10.3726
      vertex -2.1145 -19.3257 10.525
    endloop
  endfacet
  facet normal 0.939586 -0.342312 0
    outer loop
      vertex -40.4429 17.7314 20.99
      vertex -40.3414 18.01 6.94
      vertex -40.3414 18.01 20.99
    endloop
  endfacet
  facet normal 0.939586 -0.342312 0
    outer loop
      vertex -40.3414 18.01 6.94
      vertex -40.4429 17.7314 20.99
      vertex -40.4429 17.7314 6.94
    endloop
  endfacet
  facet normal 0.287038 -0.957919 0
    outer loop
      vertex -38.8721 19.3962 6.94
      vertex -38.5881 19.4813 20.99
      vertex -38.8721 19.3962 20.99
    endloop
  endfacet
  facet normal 0.287038 -0.957919 0
    outer loop
      vertex -38.5881 19.4813 20.99
      vertex -38.8721 19.3962 6.94
      vertex -38.5881 19.4813 6.94
    endloop
  endfacet
  facet normal -0.597185 0.802103 0
    outer loop
      vertex -1.5109 -18.9534 20.99
      vertex -1.74877 -19.1305 9.94669
      vertex -1.74877 -19.1305 20.99
    endloop
  endfacet
  facet normal -0.597185 0.802103 0
    outer loop
      vertex -1.5109 -18.9534 9.54601
      vertex -1.74877 -19.1305 9.94669
      vertex -1.5109 -18.9534 20.99
    endloop
  endfacet
  facet normal -0.595056 0.803682 0.00196204
    outer loop
      vertex -1.74877 -19.1305 9.94669
      vertex -1.5109 -18.9534 9.54601
      vertex -1.59905 -19.019 9.68228
    endloop
  endfacet
  facet normal 0.20197 -0.674023 0.710564
    outer loop
      vertex -38.583 18.65 6.15
      vertex -38.5881 19.4813 6.94
      vertex -38.8721 19.3962 6.94
    endloop
  endfacet
  facet normal 0.176391 -0.677501 0.714058
    outer loop
      vertex -38.583 18.65 6.15
      vertex -38.2957 18.7248 6.15
      vertex -38.5881 19.4813 6.94
    endloop
  endfacet
  facet normal 0.686237 -0.727378 0
    outer loop
      vertex -39.8548 18.7499 6.94
      vertex -39.6391 18.9534 20.99
      vertex -39.8548 18.7499 20.99
    endloop
  endfacet
  facet normal 0.686237 -0.727378 0
    outer loop
      vertex -39.6391 18.9534 20.99
      vertex -39.8548 18.7499 6.94
      vertex -39.6391 18.9534 6.94
    endloop
  endfacet
  facet normal -0.240992 -0.661625 0.710053
    outer loop
      vertex -2.14 19.3414 6.94
      vertex -2.41866 19.4429 6.94
      vertex -2.49752 18.6238 6.15
    endloop
  endfacet
  facet normal 0.835613 -0.549319 0
    outer loop
      vertex -40.2083 18.275 20.99
      vertex -40.0454 18.5228 6.94
      vertex -40.0454 18.5228 20.99
    endloop
  endfacet
  facet normal 0.835613 -0.549319 0
    outer loop
      vertex -40.0454 18.5228 6.94
      vertex -40.2083 18.275 20.99
      vertex -40.2083 18.275 6.94
    endloop
  endfacet
  facet normal -0.939264 0.343194 0.00120928
    outer loop
      vertex -0.808566 -18.01 8.1382
      vertex -0.707141 -17.7314 7.84953
      vertex -0.748579 -17.8452 7.96058
    endloop
  endfacet
  facet normal -0.939668 0.342088 0
    outer loop
      vertex -0.707141 -17.7314 7.84953
      vertex -0.808566 -18.01 8.1382
      vertex -0.707141 -17.7314 20.99
    endloop
  endfacet
  facet normal -0.939668 0.342088 0
    outer loop
      vertex -0.707141 -17.7314 20.99
      vertex -0.808566 -18.01 8.1382
      vertex -0.808566 -18.01 20.99
    endloop
  endfacet
  facet normal -0.387053 -0.58832 0.709979
    outer loop
      vertex -1.62726 19.0454 6.94
      vertex -1.87502 19.2084 6.94
      vertex -2.23247 18.4902 6.15
    endloop
  endfacet
  facet normal 0.918288 0.395913 0
    outer loop
      vertex -40.2788 -18.1444 8.294
      vertex -40.3962 -17.8721 7.98962
      vertex -40.3962 -17.8721 20.99
    endloop
  endfacet
  facet normal 0.918288 0.395913 -0
    outer loop
      vertex -40.2788 -18.1444 8.294
      vertex -40.3962 -17.8721 20.99
      vertex -40.2788 -18.1444 20.99
    endloop
  endfacet
  facet normal 0.915094 0.403168 0.00772255
    outer loop
      vertex -40.3962 -17.8721 7.98962
      vertex -40.2788 -18.1444 8.294
      vertex -40.32 -18.0487 8.17988
    endloop
  endfacet
  facet normal -0.162474 -0.685383 0.709825
    outer loop
      vertex -2.41866 19.4429 6.94
      vertex -2.7072 19.5113 6.94
      vertex -2.78133 18.7107 6.15
    endloop
  endfacet
  facet normal -0.314855 -0.627296 0.712297
    outer loop
      vertex -1.87502 19.2084 6.94
      vertex -2.14 19.3414 6.94
      vertex -2.49752 18.6238 6.15
    endloop
  endfacet
  facet normal -0.642751 -0.766075 0
    outer loop
      vertex -1.62726 19.0454 6.94
      vertex -1.40009 18.8548 20.99
      vertex -1.62726 19.0454 20.99
    endloop
  endfacet
  facet normal -0.642751 -0.766075 -0
    outer loop
      vertex -1.40009 18.8548 20.99
      vertex -1.62726 19.0454 6.94
      vertex -1.40009 18.8548 6.94
    endloop
  endfacet
  facet normal 0.420378 -0.564698 0.71021
    outer loop
      vertex -39.0994 18.3616 6.15
      vertex -39.4012 19.1305 6.94
      vertex -39.6391 18.9534 6.94
    endloop
  endfacet
  facet normal 0.597137 -0.802139 0
    outer loop
      vertex -39.6391 18.9534 6.94
      vertex -39.4012 19.1305 20.99
      vertex -39.6391 18.9534 20.99
    endloop
  endfacet
  facet normal 0.597137 -0.802139 0
    outer loop
      vertex -39.4012 19.1305 20.99
      vertex -39.6391 18.9534 6.94
      vertex -39.4012 19.1305 6.94
    endloop
  endfacet
  facet normal 0.500092 -0.865972 0
    outer loop
      vertex -39.4012 19.1305 6.94
      vertex -39.1444 19.2788 20.99
      vertex -39.4012 19.1305 20.99
    endloop
  endfacet
  facet normal 0.500092 -0.865972 0
    outer loop
      vertex -39.1444 19.2788 20.99
      vertex -39.4012 19.1305 6.94
      vertex -39.1444 19.2788 6.94
    endloop
  endfacet
  facet normal -0.452726 -0.53959 0.709846
    outer loop
      vertex -1.40009 18.8548 6.94
      vertex -1.62726 19.0454 6.94
      vertex -1.99384 18.3137 6.15
    endloop
  endfacet
  facet normal -0.448589 -0.893738 0
    outer loop
      vertex -2.14 19.3414 6.94
      vertex -1.87502 19.2084 20.99
      vertex -2.14 19.3414 20.99
    endloop
  endfacet
  facet normal -0.448589 -0.893738 -0
    outer loop
      vertex -1.87502 19.2084 20.99
      vertex -2.14 19.3414 6.94
      vertex -1.87502 19.2084 6.94
    endloop
  endfacet
  facet normal -0.500092 0.865972 0
    outer loop
      vertex -1.74877 -19.1305 20.99
      vertex -2.00557 -19.2788 10.3726
      vertex -2.00557 -19.2788 20.99
    endloop
  endfacet
  facet normal -0.500092 0.865972 0
    outer loop
      vertex -1.74877 -19.1305 9.94669
      vertex -2.00557 -19.2788 10.3726
      vertex -1.74877 -19.1305 20.99
    endloop
  endfacet
  facet normal -0.500381 0.865805 -0.000232342
    outer loop
      vertex -2.00557 -19.2788 10.3726
      vertex -1.74877 -19.1305 9.94669
      vertex -1.93422 -19.2376 10.2391
    endloop
  endfacet
  facet normal -0.470762 0.881921 0.024455
    outer loop
      vertex -1.93422 -19.2376 10.2391
      vertex -1.74877 -19.1305 9.94669
      vertex -1.75699 -19.1352 9.95795
    endloop
  endfacet
  facet normal 0.984868 0.173304 0
    outer loop
      vertex -40.4813 -17.5881 7.71377
      vertex -40.5327 -17.296 7.46546
      vertex -40.5327 -17.296 20.99
    endloop
  endfacet
  facet normal 0.984868 0.173304 -0
    outer loop
      vertex -40.4813 -17.5881 7.71377
      vertex -40.5327 -17.296 20.99
      vertex -40.4813 -17.5881 20.99
    endloop
  endfacet
  facet normal 0.984358 0.176146 0.00344821
    outer loop
      vertex -40.5327 -17.296 7.46546
      vertex -40.4813 -17.5881 7.71377
      vertex -40.5132 -17.4067 7.55373
    endloop
  endfacet
  facet normal 0.957919 0.287038 0
    outer loop
      vertex -40.3962 -17.8721 7.98962
      vertex -40.4813 -17.5881 7.71377
      vertex -40.4813 -17.5881 20.99
    endloop
  endfacet
  facet normal 0.954733 0.297241 0.0114871
    outer loop
      vertex -40.4813 -17.5881 7.71377
      vertex -40.3962 -17.8721 7.98962
      vertex -40.4684 -17.631 7.75169
    endloop
  endfacet
  facet normal 0.957919 0.287038 -0
    outer loop
      vertex -40.3962 -17.8721 7.98962
      vertex -40.4813 -17.5881 20.99
      vertex -40.3962 -17.8721 20.99
    endloop
  endfacet
  facet normal 0.962359 0.271239 -0.0171751
    outer loop
      vertex -40.4684 -17.631 7.75169
      vertex -40.3962 -17.8721 7.98962
      vertex -40.4043 -17.8452 7.96058
    endloop
  endfacet
  facet normal -0.286974 0.957939 0
    outer loop
      vertex -2.27787 -19.3962 20.99
      vertex -2.56194 -19.4813 11.2568
      vertex -2.56194 -19.4813 20.99
    endloop
  endfacet
  facet normal -0.286974 0.957939 0
    outer loop
      vertex -2.27787 -19.3962 10.8017
      vertex -2.56194 -19.4813 11.2568
      vertex -2.27787 -19.3962 20.99
    endloop
  endfacet
  facet normal -0.283495 0.958971 0.00236436
    outer loop
      vertex -2.56194 -19.4813 11.2568
      vertex -2.27787 -19.3962 10.8017
      vertex -2.48707 -19.4588 11.1081
    endloop
  endfacet
  facet normal -0.304726 0.952345 -0.0134852
    outer loop
      vertex -2.48707 -19.4588 11.1081
      vertex -2.27787 -19.3962 10.8017
      vertex -2.28908 -19.3996 10.8149
    endloop
  endfacet
  facet normal 0.352318 -0.610083 0.709698
    outer loop
      vertex -38.8535 18.5278 6.15
      vertex -39.1444 19.2788 6.94
      vertex -39.4012 19.1305 6.94
    endloop
  endfacet
  facet normal 0.391964 -0.579927 0.714178
    outer loop
      vertex -39.0994 18.3616 6.15
      vertex -38.8535 18.5278 6.15
      vertex -39.4012 19.1305 6.94
    endloop
  endfacet
  facet normal 0.802172 0.597094 0
    outer loop
      vertex 1.1966 -18.6391 8.97484
      vertex 1.01952 -18.4012 8.62063
      vertex 1.01952 -18.4012 20.99
    endloop
  endfacet
  facet normal 0.80459 0.593821 -0.00340683
    outer loop
      vertex 1.01952 -18.4012 8.62063
      vertex 1.1966 -18.6391 8.97484
      vertex 1.03469 -18.4216 8.64754
    endloop
  endfacet
  facet normal 0.802172 0.597094 -0
    outer loop
      vertex 1.1966 -18.6391 8.97484
      vertex 1.01952 -18.4012 20.99
      vertex 1.1966 -18.6391 20.99
    endloop
  endfacet
  facet normal 0.806396 0.591347 -0.00594442
    outer loop
      vertex 1.03469 -18.4216 8.64754
      vertex 1.1966 -18.6391 8.97484
      vertex 1.16015 -18.5902 8.89472
    endloop
  endfacet
  facet normal -0.693887 -0.122101 0.709656
    outer loop
      vertex 40.5327 17.296 6.94
      vertex 40.4813 17.5881 6.94
      vertex 39.7248 17.2957 6.15
    endloop
  endfacet
  facet normal -0.0612946 -0.701324 0.710202
    outer loop
      vertex 38.4428 19.5113 6.94
      vertex 38 19.55 6.94
      vertex 38 18.75 6.15
    endloop
  endfacet
  facet normal 0.0594637 -0.69785 0.713772
    outer loop
      vertex 2.85427 18.7248 6.15
      vertex 3.15001 18.75 6.15
      vertex 2.85398 19.5328 6.94
    endloop
  endfacet
  facet normal 1 0 0
    outer loop
      vertex 0.600009 17 20.99
      vertex 0.600009 -16.5223 6.94
      vertex 0.600009 17 6.94
    endloop
  endfacet
  facet normal 1 -0 0
    outer loop
      vertex 0.600009 -17 20.99
      vertex 0.600009 -16.5223 6.94
      vertex 0.600009 17 20.99
    endloop
  endfacet
  facet normal 1 -0 0
    outer loop
      vertex 0.600009 -17 7.24295
      vertex 0.600009 -16.5223 6.94
      vertex 0.600009 -17 20.99
    endloop
  endfacet
  facet normal 1 0 0
    outer loop
      vertex 0.600009 -16.5223 6.94
      vertex 0.600009 -17 7.24295
      vertex 0.600009 -16.6786 7.03025
    endloop
  endfacet
  facet normal 1 0 0
    outer loop
      vertex 0.600009 -16.6786 7.03025
      vertex 0.600009 -17 7.24295
      vertex 0.600009 -16.9299 7.19257
    endloop
  endfacet
  facet normal 0.642751 0.766075 -0
    outer loop
      vertex 1.62726 -19.0454 9.74485
      vertex 1.40009 -18.8548 20.99
      vertex 1.62726 -19.0454 20.99
    endloop
  endfacet
  facet normal 0.63979 0.768545 0.0028925
    outer loop
      vertex 1.40009 -18.8548 9.3495
      vertex 1.62726 -19.0454 9.74485
      vertex 1.59583 -19.019 9.68228
    endloop
  endfacet
  facet normal 0.639492 0.768791 0.00318886
    outer loop
      vertex 1.40009 -18.8548 9.3495
      vertex 1.59583 -19.019 9.68228
      vertex 1.44113 -18.8892 9.41273
    endloop
  endfacet
  facet normal 0.642751 0.766075 0
    outer loop
      vertex 1.62726 -19.0454 9.74485
      vertex 1.40009 -18.8548 9.3495
      vertex 1.40009 -18.8548 20.99
    endloop
  endfacet
  facet normal 0 -0.702646 0.71154
    outer loop
      vertex 3.15001 19.55 6.94
      vertex 38 18.75 6.15
      vertex 38 19.55 6.94
    endloop
  endfacet
  facet normal 0 -0.702646 0.71154
    outer loop
      vertex 38 18.75 6.15
      vertex 3.15001 19.55 6.94
      vertex 3.15001 18.75 6.15
    endloop
  endfacet
  facet normal 0.549617 0.835417 -0
    outer loop
      vertex 1.87502 -19.2084 10.1588
      vertex 1.62726 -19.0454 20.99
      vertex 1.87502 -19.2084 20.99
    endloop
  endfacet
  facet normal 0.545608 0.838034 0.00342979
    outer loop
      vertex 1.62726 -19.0454 9.74485
      vertex 1.87502 -19.2084 10.1588
      vertex 1.76385 -19.1352 9.95795
    endloop
  endfacet
  facet normal 0.549617 0.835417 0
    outer loop
      vertex 1.87502 -19.2084 10.1588
      vertex 1.62726 -19.0454 9.74485
      vertex 1.62726 -19.0454 20.99
    endloop
  endfacet
  facet normal 0.0888077 0.996049 -3.01384e-07
    outer loop
      vertex 3.12867 -19.5481 12.15
      vertex 3.15001 -19.55 20.99
      vertex 3.14998 -19.55 12.15
    endloop
  endfacet
  facet normal 0 1 -0
    outer loop
      vertex 3.15001 -19.55 6.94
      vertex 3.14998 -19.55 12.15
      vertex 3.15001 -19.55 20.99
    endloop
  endfacet
  facet normal 0 1 0
    outer loop
      vertex 3.14998 -19.55 12.15
      vertex 3.15001 -19.55 6.94
      vertex 3.14998 -19.55 6.94
    endloop
  endfacet
  facet normal 0.0870645 0.996203 3.93983e-06
    outer loop
      vertex 3.15001 -19.55 20.99
      vertex 3.12867 -19.5481 12.15
      vertex 2.7072 -19.5113 20.99
    endloop
  endfacet
  facet normal 0.0870836 0.996201 0
    outer loop
      vertex 2.95822 -19.5332 11.7016
      vertex 3.12867 -19.5481 12.15
      vertex 3.12867 -19.5481 12.0004
    endloop
  endfacet
  facet normal 0.0868294 0.996223 9.73505e-05
    outer loop
      vertex 3.12867 -19.5481 12.15
      vertex 2.95822 -19.5332 11.7016
      vertex 2.7072 -19.5113 11.4821
    endloop
  endfacet
  facet normal 0.0869825 0.99621 0
    outer loop
      vertex 3.12867 -19.5481 12.15
      vertex 2.7072 -19.5113 11.4821
      vertex 2.7072 -19.5113 20.99
    endloop
  endfacet
  facet normal 0.727395 0.686219 0
    outer loop
      vertex 1.40009 -18.8548 9.3495
      vertex 1.1966 -18.6391 8.97484
      vertex 1.1966 -18.6391 20.99
    endloop
  endfacet
  facet normal 0.727395 0.686219 -0
    outer loop
      vertex 1.40009 -18.8548 9.3495
      vertex 1.1966 -18.6391 20.99
      vertex 1.40009 -18.8548 20.99
    endloop
  endfacet
  facet normal 0.730149 0.68328 -0.00318838
    outer loop
      vertex 1.1966 -18.6391 8.97484
      vertex 1.40009 -18.8548 9.3495
      vertex 1.29759 -18.7462 9.15
    endloop
  endfacet
  facet normal 0.342247 0.93961 -0
    outer loop
      vertex 2.41866 -19.4429 11.0291
      vertex 2.14 -19.3414 20.99
      vertex 2.41866 -19.4429 20.99
    endloop
  endfacet
  facet normal 0.344017 0.938963 -0.00126315
    outer loop
      vertex 2.14 -19.3414 10.5866
      vertex 2.41866 -19.4429 11.0291
      vertex 2.29969 -19.3996 10.8149
    endloop
  endfacet
  facet normal 0.342247 0.93961 0
    outer loop
      vertex 2.41866 -19.4429 11.0291
      vertex 2.14 -19.3414 10.5866
      vertex 2.14 -19.3414 20.99
    endloop
  endfacet
  facet normal -0.957919 -0.287038 0
    outer loop
      vertex 40.4813 17.5881 6.94
      vertex 40.3962 17.8721 20.99
      vertex 40.3962 17.8721 6.94
    endloop
  endfacet
  facet normal -0.957919 -0.287038 0
    outer loop
      vertex 40.3962 17.8721 20.99
      vertex 40.4813 17.5881 6.94
      vertex 40.4813 17.5881 20.99
    endloop
  endfacet
  facet normal -0.64536 -0.278242 0.711402
    outer loop
      vertex 40.3962 17.8721 6.94
      vertex 40.2788 18.1444 6.94
      vertex 39.65 17.583 6.15
    endloop
  endfacet
  facet normal -0.802139 -0.597137 0
    outer loop
      vertex 40.1305 18.4012 6.94
      vertex 39.9534 18.6391 20.99
      vertex 39.9534 18.6391 6.94
    endloop
  endfacet
  facet normal -0.802139 -0.597137 0
    outer loop
      vertex 39.9534 18.6391 20.99
      vertex 40.1305 18.4012 6.94
      vertex 40.1305 18.4012 20.99
    endloop
  endfacet
  facet normal 0.626495 -0.315943 0.712519
    outer loop
      vertex 1.5262 17.6525 6.15
      vertex 1.65984 17.9175 6.15
      vertex 0.941653 18.275 6.94
    endloop
  endfacet
  facet normal -0.727378 -0.686237 0
    outer loop
      vertex 39.9534 18.6391 6.94
      vertex 39.7499 18.8548 20.99
      vertex 39.7499 18.8548 6.94
    endloop
  endfacet
  facet normal -0.727378 -0.686237 0
    outer loop
      vertex 39.7499 18.8548 20.99
      vertex 39.9534 18.6391 6.94
      vertex 39.9534 18.6391 20.99
    endloop
  endfacet
  facet normal 0.288527 -0.638632 0.713374
    outer loop
      vertex 2.29654 18.5278 6.15
      vertex 2.56702 18.65 6.15
      vertex 2.00557 19.2788 6.94
    endloop
  endfacet
  facet normal 0.701321 -0.0613609 0.7102
    outer loop
      vertex 1.40001 17 6.15
      vertex 0.638751 17.4428 6.94
      vertex 0.600009 17 6.94
    endloop
  endfacet
  facet normal 0.696976 -0.0742534 0.713239
    outer loop
      vertex 1.40001 17 6.15
      vertex 1.43929 17.3687 6.15
      vertex 0.638751 17.4428 6.94
    endloop
  endfacet
  facet normal 0.230663 0.973034 -0
    outer loop
      vertex 2.7072 -19.5113 11.4821
      vertex 2.41866 -19.4429 20.99
      vertex 2.7072 -19.5113 20.99
    endloop
  endfacet
  facet normal 0.226576 0.97399 0.00275242
    outer loop
      vertex 2.48606 -19.4588 11.1081
      vertex 2.7072 -19.5113 11.4821
      vertex 2.67419 -19.5034 11.4039
    endloop
  endfacet
  facet normal 0.226473 0.974013 0.00281647
    outer loop
      vertex 2.7072 -19.5113 11.4821
      vertex 2.48606 -19.4588 11.1081
      vertex 2.41866 -19.4429 11.0291
    endloop
  endfacet
  facet normal 0.230663 0.973034 0
    outer loop
      vertex 2.7072 -19.5113 11.4821
      vertex 2.41866 -19.4429 11.0291
      vertex 2.41866 -19.4429 20.99
    endloop
  endfacet
  facet normal 0.448589 0.893738 -0
    outer loop
      vertex 2.14 -19.3414 10.5866
      vertex 1.87502 -19.2084 20.99
      vertex 2.14 -19.3414 20.99
    endloop
  endfacet
  facet normal 0.44757 0.894249 0.00079004
    outer loop
      vertex 1.87502 -19.2084 10.1588
      vertex 2.14 -19.3414 10.5866
      vertex 2.10874 -19.3257 10.525
    endloop
  endfacet
  facet normal 0.450163 0.892945 -0.00128244
    outer loop
      vertex 1.87502 -19.2084 10.1588
      vertex 2.10874 -19.3257 10.525
      vertex 1.93317 -19.2376 10.2391
    endloop
  endfacet
  facet normal 0.448589 0.893738 0
    outer loop
      vertex 2.14 -19.3414 10.5866
      vertex 1.87502 -19.2084 10.1588
      vertex 1.87502 -19.2084 20.99
    endloop
  endfacet
  facet normal -0.506411 -0.485143 0.71287
    outer loop
      vertex 39.3615 18.0994 6.15
      vertex 39.7499 18.8548 6.94
      vertex 39.1562 18.3137 6.15
    endloop
  endfacet
  facet normal -0.677501 -0.176391 0.714058
    outer loop
      vertex 39.7248 17.2957 6.15
      vertex 40.4813 17.5881 6.94
      vertex 39.65 17.583 6.15
    endloop
  endfacet
  facet normal -0.702646 0 0.71154
    outer loop
      vertex 39.75 -13.55 6.15
      vertex 40.55 -16.5223 6.94
      vertex 40.55 17 6.94
    endloop
  endfacet
  facet normal -0.702605 2.17677e-05 0.71158
    outer loop
      vertex 40.3517 -16.1533 6.74419
      vertex 40.55 -16.5223 6.94
      vertex 39.75 -13.55 6.15
    endloop
  endfacet
  facet normal -0.701484 0.00121004 0.712684
    outer loop
      vertex 40.55 -16.5223 6.94
      vertex 40.3517 -16.1533 6.74419
      vertex 40.4899 -16.4195 6.88067
    endloop
  endfacet
  facet normal -0.702683 -1.38095e-05 0.711503
    outer loop
      vertex 40.3517 -16.1533 6.74419
      vertex 39.75 -13.55 6.15
      vertex 40.2271 -15.8806 6.62114
    endloop
  endfacet
  facet normal -0.702534 4.64556e-05 0.711651
    outer loop
      vertex 40.2271 -15.8806 6.62114
      vertex 39.75 -13.55 6.15
      vertex 40.1164 -15.6021 6.51184
    endloop
  endfacet
  facet normal -0.702516 5.26889e-05 0.711668
    outer loop
      vertex 40.1164 -15.6021 6.51184
      vertex 39.75 -13.55 6.15
      vertex 40.0199 -15.3185 6.41656
    endloop
  endfacet
  facet normal -0.703019 -9.91198e-05 0.711171
    outer loop
      vertex 40.0199 -15.3185 6.41656
      vertex 39.75 -13.55 6.15
      vertex 39.9379 -15.0305 6.33554
    endloop
  endfacet
  facet normal -0.702938 -7.8817e-05 0.711251
    outer loop
      vertex 39.9379 -15.0305 6.33554
      vertex 39.75 -13.55 6.15
      vertex 39.8705 -14.7389 6.26896
    endloop
  endfacet
  facet normal -0.702897 -7.04798e-05 0.711292
    outer loop
      vertex 39.8705 -14.7389 6.26896
      vertex 39.75 -13.55 6.15
      vertex 39.8179 -14.4443 6.21701
    endloop
  endfacet
  facet normal -0.702288 2.08491e-05 0.711893
    outer loop
      vertex 39.8179 -14.4443 6.21701
      vertex 39.75 -13.55 6.15
      vertex 39.7802 -14.1474 6.17981
    endloop
  endfacet
  facet normal -0.702646 0 0.71154
    outer loop
      vertex 39.75 -13.55 6.15
      vertex 40.55 17 6.94
      vertex 39.75 17 6.15
    endloop
  endfacet
  facet normal -0.699792 0.00026943 0.714347
    outer loop
      vertex 39.7802 -14.1474 6.17981
      vertex 39.75 -13.55 6.15
      vertex 39.7575 -13.8491 6.15746
    endloop
  endfacet
  facet normal 0 0 0
    outer loop
      vertex 39.75 17 6.15
      vertex 39.75 -17 6.15
      vertex 39.75 -13.55 6.15
    endloop
  endfacet
  facet normal 0.562715 -0.416084 0.714301
    outer loop
      vertex 1.65984 17.9175 6.15
      vertex 1.83634 18.1562 6.15
      vertex 1.1046 18.5228 6.94
    endloop
  endfacet
  facet normal 0.669191 -0.204931 0.714273
    outer loop
      vertex 1.43929 17.3687 6.15
      vertex 1.5262 17.6525 6.15
      vertex 0.707141 17.7314 6.94
    endloop
  endfacet
  facet normal 0.485274 -0.506277 0.712877
    outer loop
      vertex 1.83634 18.1562 6.15
      vertex 2.05063 18.3616 6.15
      vertex 1.29521 18.7499 6.94
    endloop
  endfacet
  facet normal 0 0 0
    outer loop
      vertex 1.40001 17 6.15
      vertex 1.40001 -13.55 6.15
      vertex 1.40001 -17 6.15
    endloop
  endfacet
  facet normal 0.702645 0 0.71154
    outer loop
      vertex 0.600009 17 6.94
      vertex 1.40001 -13.55 6.15
      vertex 1.40001 17 6.15
    endloop
  endfacet
  facet normal 0.702645 -0 0.71154
    outer loop
      vertex 0.600009 -16.5223 6.94
      vertex 1.40001 -13.55 6.15
      vertex 0.600009 17 6.94
    endloop
  endfacet
  facet normal 0.702624 1.15098e-05 0.711562
    outer loop
      vertex 1.40001 -13.55 6.15
      vertex 0.600009 -16.5223 6.94
      vertex 1.39246 -13.8491 6.15746
    endloop
  endfacet
  facet normal 0.702681 -2.1951e-05 0.711505
    outer loop
      vertex 1.39246 -13.8491 6.15746
      vertex 0.600009 -16.5223 6.94
      vertex 1.36982 -14.1474 6.17981
    endloop
  endfacet
  facet normal 0.702642 3.1302e-06 0.711544
    outer loop
      vertex 1.36982 -14.1474 6.17981
      vertex 0.600009 -16.5223 6.94
      vertex 1.33215 -14.4443 6.21701
    endloop
  endfacet
  facet normal 0.702663 -1.19002e-05 0.711523
    outer loop
      vertex 1.33215 -14.4443 6.21701
      vertex 0.600009 -16.5223 6.94
      vertex 1.27954 -14.7389 6.26896
    endloop
  endfacet
  facet normal 0.702546 7.64086e-05 0.711639
    outer loop
      vertex 1.27954 -14.7389 6.26896
      vertex 0.600009 -16.5223 6.94
      vertex 1.21213 -15.0305 6.33554
    endloop
  endfacet
  facet normal 0.70277 -0.000104905 0.711418
    outer loop
      vertex 1.21213 -15.0305 6.33554
      vertex 0.600009 -16.5223 6.94
      vertex 1.13007 -15.3185 6.41656
    endloop
  endfacet
  facet normal 0.702584 5.66422e-05 0.711601
    outer loop
      vertex 1.13007 -15.3185 6.41656
      vertex 0.600009 -16.5223 6.94
      vertex 1.03359 -15.6021 6.51184
    endloop
  endfacet
  facet normal 0.702682 -3.44272e-05 0.711504
    outer loop
      vertex 1.03359 -15.6021 6.51184
      vertex 0.600009 -16.5223 6.94
      vertex 0.922904 -15.8806 6.62114
    endloop
  endfacet
  facet normal 0.70253 0.000115786 0.711654
    outer loop
      vertex 0.922904 -15.8806 6.62114
      vertex 0.600009 -16.5223 6.94
      vertex 0.798301 -16.1533 6.74419
    endloop
  endfacet
  facet normal 0.702716 -8.11898e-05 0.71147
    outer loop
      vertex 0.798301 -16.1533 6.74419
      vertex 0.600009 -16.5223 6.94
      vertex 0.66009 -16.4195 6.88067
    endloop
  endfacet
  facet normal 0.661661 -0.240879 0.710057
    outer loop
      vertex 1.5262 17.6525 6.15
      vertex 0.808566 18.01 6.94
      vertex 0.707141 17.7314 6.94
    endloop
  endfacet
  facet normal 0 0 1
    outer loop
      vertex 1.62224 -17.8535 6.15
      vertex 1.78845 -18.0994 6.15
      vertex 1.78846 -18.0994 6.15
    endloop
  endfacet
  facet normal -0.416108 -0.562748 0.714261
    outer loop
      vertex 39.1562 18.3137 6.15
      vertex 39.5227 19.0454 6.94
      vertex 38.9175 18.4902 6.15
    endloop
  endfacet
  facet normal -0.549709 -0.835356 0
    outer loop
      vertex 39.275 19.2084 6.94
      vertex 39.5227 19.0454 20.99
      vertex 39.275 19.2084 20.99
    endloop
  endfacet
  facet normal -0.549709 -0.835356 -0
    outer loop
      vertex 39.5227 19.0454 20.99
      vertex 39.275 19.2084 6.94
      vertex 39.5227 19.0454 6.94
    endloop
  endfacet
  facet normal -0.579805 -0.392117 0.714192
    outer loop
      vertex 39.5278 17.8535 6.15
      vertex 40.1305 18.4012 6.94
      vertex 39.3615 18.0994 6.15
    endloop
  endfacet
  facet normal -1 0 0
    outer loop
      vertex 40.55 -16.5223 6.94
      vertex 40.55 17 20.99
      vertex 40.55 17 6.94
    endloop
  endfacet
  facet normal -1 0 0
    outer loop
      vertex 40.55 -17 7.24295
      vertex 40.55 -16.5223 6.94
      vertex 40.55 -16.6786 7.03025
    endloop
  endfacet
  facet normal -1 0 0
    outer loop
      vertex 40.55 -17 7.24295
      vertex 40.55 -16.6786 7.03025
      vertex 40.55 -16.9299 7.19257
    endloop
  endfacet
  facet normal -1 0 0
    outer loop
      vertex 40.55 -16.5223 6.94
      vertex 40.55 -17 7.24295
      vertex 40.55 -17 20.99
    endloop
  endfacet
  facet normal -1 0 0
    outer loop
      vertex 40.55 -16.5223 6.94
      vertex 40.55 -17 20.99
      vertex 40.55 17 20.99
    endloop
  endfacet
  facet normal 0.685421 -0.162425 0.7098
    outer loop
      vertex 1.43929 17.3687 6.15
      vertex 0.707141 17.7314 6.94
      vertex 0.638751 17.4428 6.94
    endloop
  endfacet
  facet normal -0.638651 -0.288514 0.713361
    outer loop
      vertex 39.65 17.583 6.15
      vertex 40.2788 18.1444 6.94
      vertex 39.5278 17.8535 6.15
    endloop
  endfacet
  facet normal 0.278238 -0.645352 0.71141
    outer loop
      vertex 2.56702 18.65 6.15
      vertex 2.27787 19.3962 6.94
      vertex 2.00557 19.2788 6.94
    endloop
  endfacet
  facet normal 0.996194 -0.0871603 0
    outer loop
      vertex 0.600009 17 20.99
      vertex 0.638751 17.4428 6.94
      vertex 0.638751 17.4428 20.99
    endloop
  endfacet
  facet normal 0.996194 -0.0871603 0
    outer loop
      vertex 0.638751 17.4428 6.94
      vertex 0.600009 17 20.99
      vertex 0.600009 17 6.94
    endloop
  endfacet
  facet normal -0.686237 0.727378 0
    outer loop
      vertex 39.8548 -18.7499 20.99
      vertex 39.6391 -18.9534 9.54601
      vertex 39.6391 -18.9534 20.99
    endloop
  endfacet
  facet normal -0.686237 0.727378 0
    outer loop
      vertex 39.8548 -18.7499 9.15692
      vertex 39.6391 -18.9534 9.54601
      vertex 39.8548 -18.7499 20.99
    endloop
  endfacet
  facet normal -0.683203 0.730221 0.00316909
    outer loop
      vertex 39.6391 -18.9534 9.54601
      vertex 39.8548 -18.7499 9.15692
      vertex 39.7071 -18.8892 9.41273
    endloop
  endfacet
  facet normal -0.702054 -0.0410322 0.710941
    outer loop
      vertex 40.55 17 6.94
      vertex 40.5327 17.296 6.94
      vertex 39.75 17 6.15
    endloop
  endfacet
  facet normal -0.315865 -0.626528 0.712525
    outer loop
      vertex 38.9175 18.4902 6.15
      vertex 39.275 19.2084 6.94
      vertex 38.6525 18.6238 6.15
    endloop
  endfacet
  facet normal 0.201923 -0.674033 0.710568
    outer loop
      vertex 2.56702 18.65 6.15
      vertex 2.56194 19.4813 6.94
      vertex 2.27787 19.3962 6.94
    endloop
  endfacet
  facet normal -0.984868 -0.173304 0
    outer loop
      vertex 40.5327 17.296 6.94
      vertex 40.4813 17.5881 20.99
      vertex 40.4813 17.5881 6.94
    endloop
  endfacet
  facet normal -0.984868 -0.173304 0
    outer loop
      vertex 40.4813 17.5881 20.99
      vertex 40.5327 17.296 6.94
      vertex 40.5327 17.296 20.99
    endloop
  endfacet
  facet normal 0.0407913 -0.702061 0.710948
    outer loop
      vertex 3.15001 18.75 6.15
      vertex 3.15001 19.55 6.94
      vertex 2.85398 19.5328 6.94
    endloop
  endfacet
  facet normal -0.342203 -0.939626 0
    outer loop
      vertex 38.7313 19.4429 6.94
      vertex 39.01 19.3414 20.99
      vertex 38.7313 19.4429 20.99
    endloop
  endfacet
  facet normal -0.342203 -0.939626 -0
    outer loop
      vertex 39.01 19.3414 20.99
      vertex 38.7313 19.4429 6.94
      vertex 39.01 19.3414 6.94
    endloop
  endfacet
  facet normal -0.230693 -0.973027 0
    outer loop
      vertex 38.4428 19.5113 6.94
      vertex 38.7313 19.4429 20.99
      vertex 38.4428 19.5113 20.99
    endloop
  endfacet
  facet normal -0.230693 -0.973027 -0
    outer loop
      vertex 38.7313 19.4429 20.99
      vertex 38.4428 19.5113 6.94
      vertex 38.7313 19.4429 6.94
    endloop
  endfacet
  facet normal 0.173666 -0.984805 0
    outer loop
      vertex 2.56194 19.4813 6.94
      vertex 2.85398 19.5328 20.99
      vertex 2.56194 19.4813 20.99
    endloop
  endfacet
  facet normal 0.173666 -0.984805 0
    outer loop
      vertex 2.85398 19.5328 20.99
      vertex 2.56194 19.4813 6.94
      vertex 2.85398 19.5328 6.94
    endloop
  endfacet
  facet normal 0.539506 -0.452819 0.70985
    outer loop
      vertex 1.83634 18.1562 6.15
      vertex 1.29521 18.7499 6.94
      vertex 1.1046 18.5228 6.94
    endloop
  endfacet
  facet normal -0.998296 -0.0583464 0
    outer loop
      vertex 40.55 17 6.94
      vertex 40.5327 17.296 20.99
      vertex 40.5327 17.296 6.94
    endloop
  endfacet
  facet normal -0.998296 -0.0583464 0
    outer loop
      vertex 40.5327 17.296 20.99
      vertex 40.55 17 6.94
      vertex 40.55 17 20.99
    endloop
  endfacet
  facet normal 0 0 1
    outer loop
      vertex 38 18.75 6.15
      vertex 39.75 17 6.15
      vertex 39.7248 17.2957 6.15
    endloop
  endfacet
  facet normal 0 0 1
    outer loop
      vertex 39.75 17 6.15
      vertex 38 18.75 6.15
      vertex 39.75 -17 6.15
    endloop
  endfacet
  facet normal 0 0 1
    outer loop
      vertex 38 18.75 6.15
      vertex 39.7248 17.2957 6.15
      vertex 39.65 17.583 6.15
    endloop
  endfacet
  facet normal 0 0 1
    outer loop
      vertex 39.75 -17 6.15
      vertex 38 18.75 6.15
      vertex 38 -18.75 6.15
    endloop
  endfacet
  facet normal 0 0 1
    outer loop
      vertex 38 18.75 6.15
      vertex 39.65 17.583 6.15
      vertex 39.5278 17.8535 6.15
    endloop
  endfacet
  facet normal 0 0 1
    outer loop
      vertex 39.75 -17 6.15
      vertex 38 -18.75 6.15
      vertex 39.7107 -17.3687 6.15
    endloop
  endfacet
  facet normal 0 0 1
    outer loop
      vertex 38 18.75 6.15
      vertex 39.5278 17.8535 6.15
      vertex 39.3615 18.0994 6.15
    endloop
  endfacet
  facet normal 0 0 1
    outer loop
      vertex 39.7107 -17.3687 6.15
      vertex 38 -18.75 6.15
      vertex 39.6238 -17.6525 6.15
    endloop
  endfacet
  facet normal 0 0 1
    outer loop
      vertex 38 18.75 6.15
      vertex 39.3615 18.0994 6.15
      vertex 39.1562 18.3137 6.15
    endloop
  endfacet
  facet normal 0 0 1
    outer loop
      vertex 39.6238 -17.6525 6.15
      vertex 38 -18.75 6.15
      vertex 39.4902 -17.9175 6.15
    endloop
  endfacet
  facet normal 0 0 1
    outer loop
      vertex 38 18.75 6.15
      vertex 39.1562 18.3137 6.15
      vertex 38.9175 18.4902 6.15
    endloop
  endfacet
  facet normal 0 0 1
    outer loop
      vertex 39.4902 -17.9175 6.15
      vertex 38 -18.75 6.15
      vertex 39.3137 -18.1562 6.15
    endloop
  endfacet
  facet normal 0 0 1
    outer loop
      vertex 38 18.75 6.15
      vertex 38.9175 18.4902 6.15
      vertex 38.6525 18.6238 6.15
    endloop
  endfacet
  facet normal 0 0 1
    outer loop
      vertex 39.3137 -18.1562 6.15
      vertex 38 -18.75 6.15
      vertex 39.0994 -18.3616 6.15
    endloop
  endfacet
  facet normal 0 0 1
    outer loop
      vertex 38 18.75 6.15
      vertex 38.6525 18.6238 6.15
      vertex 38.3687 18.7107 6.15
    endloop
  endfacet
  facet normal 0 0 1
    outer loop
      vertex 39.0994 -18.3616 6.15
      vertex 38 -18.75 6.15
      vertex 38.8535 -18.5278 6.15
    endloop
  endfacet
  facet normal 0 0 1
    outer loop
      vertex 38.8535 -18.5278 6.15
      vertex 38 -18.75 6.15
      vertex 38.583 -18.65 6.15
    endloop
  endfacet
  facet normal 0 0 1
    outer loop
      vertex 38.583 -18.65 6.15
      vertex 38 -18.75 6.15
      vertex 38.2957 -18.7248 6.15
    endloop
  endfacet
  facet normal -0 0 1
    outer loop
      vertex 3.15001 18.75 6.15
      vertex 38 -18.75 6.15
      vertex 38 18.75 6.15
    endloop
  endfacet
  facet normal 0 0 1
    outer loop
      vertex 3.15001 18.75 6.15
      vertex 3.15001 -18.75 6.15
      vertex 38 -18.75 6.15
    endloop
  endfacet
  facet normal 0 0 1
    outer loop
      vertex 1.40001 17 6.15
      vertex 3.15001 18.75 6.15
      vertex 2.85427 18.7248 6.15
    endloop
  endfacet
  facet normal 0 0 1
    outer loop
      vertex 3.15001 18.75 6.15
      vertex 1.40001 17 6.15
      vertex 3.15001 -18.75 6.15
    endloop
  endfacet
  facet normal 0 0 1
    outer loop
      vertex 1.40001 17 6.15
      vertex 2.85427 18.7248 6.15
      vertex 2.56702 18.65 6.15
    endloop
  endfacet
  facet normal 0 0 1
    outer loop
      vertex 3.15001 -18.75 6.15
      vertex 1.40001 17 6.15
      vertex 1.40001 -17 6.15
    endloop
  endfacet
  facet normal 0 0 1
    outer loop
      vertex 1.40001 17 6.15
      vertex 2.56702 18.65 6.15
      vertex 2.29654 18.5278 6.15
    endloop
  endfacet
  facet normal 0 0 1
    outer loop
      vertex 3.15001 -18.75 6.15
      vertex 1.40001 -17 6.15
      vertex 2.78133 -18.7107 6.15
    endloop
  endfacet
  facet normal 0 0 1
    outer loop
      vertex 1.40001 17 6.15
      vertex 2.29654 18.5278 6.15
      vertex 2.05063 18.3616 6.15
    endloop
  endfacet
  facet normal 0 0 1
    outer loop
      vertex 2.78133 -18.7107 6.15
      vertex 1.40001 -17 6.15
      vertex 2.49752 -18.6238 6.15
    endloop
  endfacet
  facet normal 0 0 1
    outer loop
      vertex 1.40001 17 6.15
      vertex 2.05063 18.3616 6.15
      vertex 1.83634 18.1562 6.15
    endloop
  endfacet
  facet normal 0 0 1
    outer loop
      vertex 2.49752 -18.6238 6.15
      vertex 1.40001 -17 6.15
      vertex 2.23247 -18.4902 6.15
    endloop
  endfacet
  facet normal 0 0 1
    outer loop
      vertex 1.40001 17 6.15
      vertex 1.83634 18.1562 6.15
      vertex 1.65984 17.9175 6.15
    endloop
  endfacet
  facet normal 0 0 1
    outer loop
      vertex 2.23247 -18.4902 6.15
      vertex 1.40001 -17 6.15
      vertex 1.99384 -18.3137 6.15
    endloop
  endfacet
  facet normal 0 0 1
    outer loop
      vertex 1.40001 17 6.15
      vertex 1.65984 17.9175 6.15
      vertex 1.5262 17.6525 6.15
    endloop
  endfacet
  facet normal 0 0 1
    outer loop
      vertex 1.99384 -18.3137 6.15
      vertex 1.40001 -17 6.15
      vertex 1.78846 -18.0994 6.15
    endloop
  endfacet
  facet normal 0 0 1
    outer loop
      vertex 1.40001 17 6.15
      vertex 1.5262 17.6525 6.15
      vertex 1.43929 17.3687 6.15
    endloop
  endfacet
  facet normal 0 0 1
    outer loop
      vertex 1.78846 -18.0994 6.15
      vertex 1.40001 -17 6.15
      vertex 1.62224 -17.8535 6.15
    endloop
  endfacet
  facet normal 0 0 1
    outer loop
      vertex 1.62224 -17.8535 6.15
      vertex 1.40001 -17 6.15
      vertex 1.49997 -17.583 6.15
    endloop
  endfacet
  facet normal 0 0 1
    outer loop
      vertex 1.49997 -17.583 6.15
      vertex 1.40001 -17 6.15
      vertex 1.42519 -17.2957 6.15
    endloop
  endfacet
  facet normal -0.173631 0.984811 0
    outer loop
      vertex 38.5881 -19.4813 20.99
      vertex 38.296 -19.5328 11.697
      vertex 38.296 -19.5328 20.99
    endloop
  endfacet
  facet normal -0.173631 0.984811 0
    outer loop
      vertex 38.5881 -19.4813 11.2568
      vertex 38.296 -19.5328 11.697
      vertex 38.5881 -19.4813 20.99
    endloop
  endfacet
  facet normal -0.170928 0.985282 0.0018492
    outer loop
      vertex 38.296 -19.5328 11.697
      vertex 38.5881 -19.4813 11.2568
      vertex 38.4623 -19.5034 11.4039
    endloop
  endfacet
  facet normal -0.697893 -0.0594755 0.713728
    outer loop
      vertex 39.75 17 6.15
      vertex 40.5327 17.296 6.94
      vertex 39.7248 17.2957 6.15
    endloop
  endfacet
  facet normal -0.97103 0.238756 0.00978836
    outer loop
      vertex 40.4429 -17.7314 7.84953
      vertex 40.5112 -17.4428 7.58558
      vertex 40.4666 -17.631 7.75169
    endloop
  endfacet
  facet normal -0.97312 0.230298 0
    outer loop
      vertex 40.5112 -17.4428 7.58558
      vertex 40.4429 -17.7314 7.84953
      vertex 40.5112 -17.4428 20.99
    endloop
  endfacet
  facet normal -0.97312 0.230298 0
    outer loop
      vertex 40.5112 -17.4428 20.99
      vertex 40.4429 -17.7314 7.84953
      vertex 40.4429 -17.7314 20.99
    endloop
  endfacet
  facet normal -0.674023 -0.20197 0.710564
    outer loop
      vertex 40.4813 17.5881 6.94
      vertex 40.3962 17.8721 6.94
      vertex 39.65 17.583 6.15
    endloop
  endfacet
  facet normal -0.564669 -0.420357 0.710246
    outer loop
      vertex 40.1305 18.4012 6.94
      vertex 39.9534 18.6391 6.94
      vertex 39.3615 18.0994 6.15
    endloop
  endfacet
  facet normal -0.510799 -0.481908 0.711934
    outer loop
      vertex 39.9534 18.6391 6.94
      vertex 39.7499 18.8548 6.94
      vertex 39.3615 18.0994 6.15
    endloop
  endfacet
  facet normal -0.865972 -0.500092 0
    outer loop
      vertex 40.2788 18.1444 6.94
      vertex 40.1305 18.4012 20.99
      vertex 40.1305 18.4012 6.94
    endloop
  endfacet
  facet normal -0.865972 -0.500092 0
    outer loop
      vertex 40.1305 18.4012 20.99
      vertex 40.2788 18.1444 6.94
      vertex 40.2788 18.1444 20.99
    endloop
  endfacet
  facet normal -0.610083 -0.352318 0.709698
    outer loop
      vertex 40.2788 18.1444 6.94
      vertex 40.1305 18.4012 6.94
      vertex 39.5278 17.8535 6.15
    endloop
  endfacet
  facet normal -0.763615 0.645665 0.0030069
    outer loop
      vertex 39.8548 -18.7499 9.15692
      vertex 40.0454 -18.5228 8.79586
      vertex 39.9888 -18.5902 8.89472
    endloop
  endfacet
  facet normal -0.762703 0.646736 0.00412473
    outer loop
      vertex 39.8548 -18.7499 9.15692
      vertex 39.9888 -18.5902 8.89472
      vertex 39.8579 -18.7462 9.15
    endloop
  endfacet
  facet normal -0.765977 0.642868 0
    outer loop
      vertex 40.0454 -18.5228 8.79586
      vertex 39.8548 -18.7499 9.15692
      vertex 40.0454 -18.5228 20.99
    endloop
  endfacet
  facet normal -0.765977 0.642868 0
    outer loop
      vertex 40.0454 -18.5228 20.99
      vertex 39.8548 -18.7499 9.15692
      vertex 39.8548 -18.7499 20.99
    endloop
  endfacet
  facet normal 0.866015 0.500019 0
    outer loop
      vertex 1.01952 -18.4012 8.62063
      vertex 0.871249 -18.1444 8.294
      vertex 0.871249 -18.1444 20.99
    endloop
  endfacet
  facet normal 0.866015 0.500019 -0
    outer loop
      vertex 1.01952 -18.4012 8.62063
      vertex 0.871249 -18.1444 20.99
      vertex 1.01952 -18.4012 20.99
    endloop
  endfacet
  facet normal 0.867831 0.496849 -0.00331655
    outer loop
      vertex 0.871249 -18.1444 8.294
      vertex 1.01952 -18.4012 8.62063
      vertex 0.926994 -18.241 8.40906
    endloop
  endfacet
  facet normal -0.897201 0.441556 -0.00761722
    outer loop
      vertex 40.2083 -18.275 8.45395
      vertex 40.3414 -18.01 8.1382
      vertex 40.322 -18.0487 8.17988
    endloop
  endfacet
  facet normal -0.895575 0.444891 -0.00418888
    outer loop
      vertex 40.2083 -18.275 8.45395
      vertex 40.322 -18.0487 8.17988
      vertex 40.2254 -18.241 8.40906
    endloop
  endfacet
  facet normal -0.893616 0.448831 0
    outer loop
      vertex 40.3414 -18.01 8.1382
      vertex 40.2083 -18.275 8.45395
      vertex 40.3414 -18.01 20.99
    endloop
  endfacet
  facet normal -0.893616 0.448831 0
    outer loop
      vertex 40.3414 -18.01 20.99
      vertex 40.2083 -18.275 8.45395
      vertex 40.2083 -18.275 20.99
    endloop
  endfacet
  facet normal 0.588392 -0.386912 0.709996
    outer loop
      vertex 1.65984 17.9175 6.15
      vertex 1.1046 18.5228 6.94
      vertex 0.941653 18.275 6.94
    endloop
  endfacet
  facet normal -0.074288 -0.696946 0.713265
    outer loop
      vertex 38.3687 18.7107 6.15
      vertex 38.4428 19.5113 6.94
      vertex 38 18.75 6.15
    endloop
  endfacet
  facet normal 0.122353 -0.693823 0.709676
    outer loop
      vertex 2.85427 18.7248 6.15
      vertex 2.85398 19.5328 6.94
      vertex 2.56194 19.4813 6.94
    endloop
  endfacet
  facet normal -0.918288 -0.395913 0
    outer loop
      vertex 40.3962 17.8721 6.94
      vertex 40.2788 18.1444 20.99
      vertex 40.2788 18.1444 6.94
    endloop
  endfacet
  facet normal -0.918288 -0.395913 0
    outer loop
      vertex 40.2788 18.1444 20.99
      vertex 40.3962 17.8721 6.94
      vertex 40.3962 17.8721 20.99
    endloop
  endfacet
  facet normal -0.0870665 -0.996203 0
    outer loop
      vertex 38 19.55 6.94
      vertex 38.4428 19.5113 20.99
      vertex 38 19.55 20.99
    endloop
  endfacet
  facet normal -0.0870665 -0.996203 -0
    outer loop
      vertex 38.4428 19.5113 20.99
      vertex 38 19.55 6.94
      vertex 38.4428 19.5113 6.94
    endloop
  endfacet
  facet normal 0.481936 -0.510805 0.711911
    outer loop
      vertex 2.05063 18.3616 6.15
      vertex 1.5109 18.9534 6.94
      vertex 1.29521 18.7499 6.94
    endloop
  endfacet
  facet normal 0.998308 0.0581548 0
    outer loop
      vertex 0.617252 -17.296 7.46546
      vertex 0.600009 -17 7.24295
      vertex 0.600009 -17 20.99
    endloop
  endfacet
  facet normal 0.998308 0.0581548 -0
    outer loop
      vertex 0.617252 -17.296 7.46546
      vertex 0.600009 -17 20.99
      vertex 0.617252 -17.296 20.99
    endloop
  endfacet
  facet normal 0.998309 0.0581305 -3.24862e-05
    outer loop
      vertex 0.600009 -17 7.24295
      vertex 0.617252 -17.296 7.46546
      vertex 0.610075 -17.1728 7.3672
    endloop
  endfacet
  facet normal 0.973052 -0.230586 0
    outer loop
      vertex 0.638751 17.4428 20.99
      vertex 0.707141 17.7314 6.94
      vertex 0.707141 17.7314 20.99
    endloop
  endfacet
  facet normal 0.973052 -0.230586 0
    outer loop
      vertex 0.707141 17.7314 6.94
      vertex 0.638751 17.4428 20.99
      vertex 0.638751 17.4428 6.94
    endloop
  endfacet
  facet normal -0.0580103 0.998316 3.92209e-06
    outer loop
      vertex 38.296 -19.5328 20.99
      vertex 38.0321 -19.5481 12.15
      vertex 38 -19.55 20.99
    endloop
  endfacet
  facet normal -0.0578793 0.998324 0
    outer loop
      vertex 38.296 -19.5328 11.697
      vertex 38.0321 -19.5481 12.15
      vertex 38.296 -19.5328 20.99
    endloop
  endfacet
  facet normal -0.0468108 0.998883 0.006467
    outer loop
      vertex 38.2881 -19.5332 11.7016
      vertex 38.0321 -19.5481 12.15
      vertex 38.296 -19.5328 11.697
    endloop
  endfacet
  facet normal -0.0581048 0.99831 0
    outer loop
      vertex 38.0321 -19.5481 12.15
      vertex 38.2881 -19.5332 11.7016
      vertex 38.0321 -19.5481 12.0004
    endloop
  endfacet
  facet normal -0.0590866 0.998253 0
    outer loop
      vertex 38 -19.55 12.15
      vertex 38 -19.55 20.99
      vertex 38.0321 -19.5481 12.15
    endloop
  endfacet
  facet normal 0 -0 0
    outer loop
      vertex 38 -19.55 12.15
      vertex 38 -19.55 6.94
      vertex 38 -19.55 20.99
    endloop
  endfacet
  facet normal 0.627214 -0.314996 0.712306
    outer loop
      vertex 1.5262 17.6525 6.15
      vertex 0.941653 18.275 6.94
      vertex 0.808566 18.01 6.94
    endloop
  endfacet
  facet normal -0.996462 0.0839344 -0.00436785
    outer loop
      vertex 40.5112 -17.4428 7.58558
      vertex 40.55 -17 7.24295
      vertex 40.5349 -17.1728 7.3672
    endloop
  endfacet
  facet normal -0.996883 0.0780109 -0.0117373
    outer loop
      vertex 40.5112 -17.4428 7.58558
      vertex 40.5349 -17.1728 7.3672
      vertex 40.5144 -17.4067 7.55373
    endloop
  endfacet
  facet normal -0.996183 0.0872897 0
    outer loop
      vertex 40.55 -17 7.24295
      vertex 40.5112 -17.4428 7.58558
      vertex 40.55 -17 20.99
    endloop
  endfacet
  facet normal -0.996183 0.0872897 0
    outer loop
      vertex 40.55 -17 20.99
      vertex 40.5112 -17.4428 7.58558
      vertex 40.5112 -17.4428 20.99
    endloop
  endfacet
  facet normal -0.204907 -0.669191 0.71428
    outer loop
      vertex 38.6525 18.6238 6.15
      vertex 38.7313 19.4429 6.94
      vertex 38.3687 18.7107 6.15
    endloop
  endfacet
  facet normal 0.0580044 -0.998316 0
    outer loop
      vertex 2.85398 19.5328 6.94
      vertex 3.15001 19.55 20.99
      vertex 2.85398 19.5328 20.99
    endloop
  endfacet
  facet normal 0.0580044 -0.998316 0
    outer loop
      vertex 3.15001 19.55 20.99
      vertex 2.85398 19.5328 6.94
      vertex 3.15001 19.55 6.94
    endloop
  endfacet
  facet normal 0.765961 -0.642888 0
    outer loop
      vertex 1.1046 18.5228 20.99
      vertex 1.29521 18.7499 6.94
      vertex 1.29521 18.7499 20.99
    endloop
  endfacet
  facet normal 0.765961 -0.642888 0
    outer loop
      vertex 1.29521 18.7499 6.94
      vertex 1.1046 18.5228 20.99
      vertex 1.1046 18.5228 6.94
    endloop
  endfacet
  facet normal -0.395913 0.918288 0
    outer loop
      vertex 39.1444 -19.2788 20.99
      vertex 38.8721 -19.3962 10.8017
      vertex 38.8721 -19.3962 20.99
    endloop
  endfacet
  facet normal -0.395913 0.918288 0
    outer loop
      vertex 39.1444 -19.2788 10.3726
      vertex 38.8721 -19.3962 10.8017
      vertex 39.1444 -19.2788 20.99
    endloop
  endfacet
  facet normal -0.39264 0.919689 0.0024599
    outer loop
      vertex 38.8721 -19.3962 10.8017
      vertex 39.1444 -19.2788 10.3726
      vertex 39.0355 -19.3257 10.525
    endloop
  endfacet
  facet normal 0.939668 -0.342088 0
    outer loop
      vertex 0.707141 17.7314 20.99
      vertex 0.808566 18.01 6.94
      vertex 0.808566 18.01 20.99
    endloop
  endfacet
  facet normal 0.939668 -0.342088 0
    outer loop
      vertex 0.808566 18.01 6.94
      vertex 0.707141 17.7314 20.99
      vertex 0.707141 17.7314 6.94
    endloop
  endfacet
  facet normal -0.833942 0.551846 0.00262689
    outer loop
      vertex 40.0454 -18.5228 8.79586
      vertex 40.2083 -18.275 8.45395
      vertex 40.1119 -18.4216 8.64754
    endloop
  endfacet
  facet normal -0.835613 0.549319 0
    outer loop
      vertex 40.2083 -18.275 8.45395
      vertex 40.0454 -18.5228 8.79586
      vertex 40.2083 -18.275 20.99
    endloop
  endfacet
  facet normal -0.835613 0.549319 0
    outer loop
      vertex 40.2083 -18.275 20.99
      vertex 40.0454 -18.5228 8.79586
      vertex 40.0454 -18.5228 20.99
    endloop
  endfacet
  facet normal 0.395913 -0.918288 0
    outer loop
      vertex 2.00557 19.2788 6.94
      vertex 2.27787 19.3962 20.99
      vertex 2.00557 19.2788 20.99
    endloop
  endfacet
  facet normal 0.395913 -0.918288 0
    outer loop
      vertex 2.27787 19.3962 20.99
      vertex 2.00557 19.2788 6.94
      vertex 2.27787 19.3962 6.94
    endloop
  endfacet
  facet normal -0.597137 0.802139 0
    outer loop
      vertex 39.6391 -18.9534 20.99
      vertex 39.4012 -19.1305 9.94669
      vertex 39.4012 -19.1305 20.99
    endloop
  endfacet
  facet normal -0.597137 0.802139 0
    outer loop
      vertex 39.6391 -18.9534 9.54601
      vertex 39.4012 -19.1305 9.94669
      vertex 39.6391 -18.9534 20.99
    endloop
  endfacet
  facet normal -0.59826 0.801301 -0.00103734
    outer loop
      vertex 39.4012 -19.1305 9.94669
      vertex 39.6391 -18.9534 9.54601
      vertex 39.551 -19.019 9.68228
    endloop
  endfacet
  facet normal 0.893634 -0.448796 0
    outer loop
      vertex 0.808566 18.01 20.99
      vertex 0.941653 18.275 6.94
      vertex 0.941653 18.275 20.99
    endloop
  endfacet
  facet normal 0.893634 -0.448796 0
    outer loop
      vertex 0.941653 18.275 6.94
      vertex 0.808566 18.01 20.99
      vertex 0.808566 18.01 6.94
    endloop
  endfacet
  facet normal 0.176421 -0.677499 0.714052
    outer loop
      vertex 2.56702 18.65 6.15
      vertex 2.85427 18.7248 6.15
      vertex 2.56194 19.4813 6.94
    endloop
  endfacet
  facet normal 0.686254 -0.727362 0
    outer loop
      vertex 1.29521 18.7499 6.94
      vertex 1.5109 18.9534 20.99
      vertex 1.29521 18.7499 20.99
    endloop
  endfacet
  facet normal 0.686254 -0.727362 0
    outer loop
      vertex 1.5109 18.9534 20.99
      vertex 1.29521 18.7499 6.94
      vertex 1.5109 18.9534 6.94
    endloop
  endfacet
  facet normal -0.240964 -0.661641 0.710048
    outer loop
      vertex 39.01 19.3414 6.94
      vertex 38.7313 19.4429 6.94
      vertex 38.6525 18.6238 6.15
    endloop
  endfacet
  facet normal 0.83554 -0.54943 0
    outer loop
      vertex 0.941653 18.275 20.99
      vertex 1.1046 18.5228 6.94
      vertex 1.1046 18.5228 20.99
    endloop
  endfacet
  facet normal 0.83554 -0.54943 0
    outer loop
      vertex 1.1046 18.5228 6.94
      vertex 0.941653 18.275 20.99
      vertex 0.941653 18.275 6.94
    endloop
  endfacet
  facet normal -0.937728 0.347326 0.00549264
    outer loop
      vertex 40.3414 -18.01 8.1382
      vertex 40.4429 -17.7314 7.84953
      vertex 40.4014 -17.8452 7.96058
    endloop
  endfacet
  facet normal -0.939586 0.342312 0
    outer loop
      vertex 40.4429 -17.7314 7.84953
      vertex 40.3414 -18.01 8.1382
      vertex 40.4429 -17.7314 20.99
    endloop
  endfacet
  facet normal -0.939586 0.342312 0
    outer loop
      vertex 40.4429 -17.7314 20.99
      vertex 40.3414 -18.01 8.1382
      vertex 40.3414 -18.01 20.99
    endloop
  endfacet
  facet normal -0.387114 -0.588271 0.709986
    outer loop
      vertex 39.5227 19.0454 6.94
      vertex 39.275 19.2084 6.94
      vertex 38.9175 18.4902 6.15
    endloop
  endfacet
  facet normal 0.918231 0.396046 0
    outer loop
      vertex 0.871249 -18.1444 8.294
      vertex 0.753802 -17.8721 7.98962
      vertex 0.753802 -17.8721 20.99
    endloop
  endfacet
  facet normal 0.918231 0.396046 -0
    outer loop
      vertex 0.871249 -18.1444 8.294
      vertex 0.753802 -17.8721 20.99
      vertex 0.871249 -18.1444 20.99
    endloop
  endfacet
  facet normal 0.919435 0.393232 -0.00298275
    outer loop
      vertex 0.753802 -17.8721 7.98962
      vertex 0.871249 -18.1444 8.294
      vertex 0.829949 -18.0487 8.17988
    endloop
  endfacet
  facet normal -0.162496 -0.685383 0.709821
    outer loop
      vertex 38.7313 19.4429 6.94
      vertex 38.4428 19.5113 6.94
      vertex 38.3687 18.7107 6.15
    endloop
  endfacet
  facet normal -0.314838 -0.627309 0.712293
    outer loop
      vertex 39.275 19.2084 6.94
      vertex 39.01 19.3414 6.94
      vertex 38.6525 18.6238 6.15
    endloop
  endfacet
  facet normal -0.642702 -0.766117 0
    outer loop
      vertex 39.5227 19.0454 6.94
      vertex 39.7499 18.8548 20.99
      vertex 39.5227 19.0454 20.99
    endloop
  endfacet
  facet normal -0.642702 -0.766117 -0
    outer loop
      vertex 39.7499 18.8548 20.99
      vertex 39.5227 19.0454 6.94
      vertex 39.7499 18.8548 6.94
    endloop
  endfacet
  facet normal 0.420406 -0.564664 0.71022
    outer loop
      vertex 2.05063 18.3616 6.15
      vertex 1.74877 19.1305 6.94
      vertex 1.5109 18.9534 6.94
    endloop
  endfacet
  facet normal 0.597185 -0.802103 0
    outer loop
      vertex 1.5109 18.9534 6.94
      vertex 1.74877 19.1305 20.99
      vertex 1.5109 18.9534 20.99
    endloop
  endfacet
  facet normal 0.597185 -0.802103 0
    outer loop
      vertex 1.74877 19.1305 20.99
      vertex 1.5109 18.9534 6.94
      vertex 1.74877 19.1305 6.94
    endloop
  endfacet
  facet normal 0.286974 -0.957939 0
    outer loop
      vertex 2.27787 19.3962 6.94
      vertex 2.56194 19.4813 20.99
      vertex 2.27787 19.3962 20.99
    endloop
  endfacet
  facet normal 0.286974 -0.957939 0
    outer loop
      vertex 2.56194 19.4813 20.99
      vertex 2.27787 19.3962 6.94
      vertex 2.56194 19.4813 6.94
    endloop
  endfacet
  facet normal 0.500092 -0.865972 0
    outer loop
      vertex 1.74877 19.1305 6.94
      vertex 2.00557 19.2788 20.99
      vertex 1.74877 19.1305 20.99
    endloop
  endfacet
  facet normal 0.500092 -0.865972 0
    outer loop
      vertex 2.00557 19.2788 20.99
      vertex 1.74877 19.1305 6.94
      vertex 2.00557 19.2788 6.94
    endloop
  endfacet
  facet normal -0.452702 -0.539633 0.709829
    outer loop
      vertex 39.7499 18.8548 6.94
      vertex 39.5227 19.0454 6.94
      vertex 39.1562 18.3137 6.15
    endloop
  endfacet
  facet normal -0.448562 -0.893752 0
    outer loop
      vertex 39.01 19.3414 6.94
      vertex 39.275 19.2084 20.99
      vertex 39.01 19.3414 20.99
    endloop
  endfacet
  facet normal -0.448562 -0.893752 -0
    outer loop
      vertex 39.275 19.2084 20.99
      vertex 39.01 19.3414 6.94
      vertex 39.275 19.2084 6.94
    endloop
  endfacet
  facet normal -0.500092 0.865972 0
    outer loop
      vertex 39.4012 -19.1305 20.99
      vertex 39.1444 -19.2788 10.3726
      vertex 39.1444 -19.2788 20.99
    endloop
  endfacet
  facet normal -0.500092 0.865972 0
    outer loop
      vertex 39.4012 -19.1305 9.94669
      vertex 39.1444 -19.2788 10.3726
      vertex 39.4012 -19.1305 20.99
    endloop
  endfacet
  facet normal -0.502439 0.864611 -0.0018887
    outer loop
      vertex 39.1444 -19.2788 10.3726
      vertex 39.4012 -19.1305 9.94669
      vertex 39.2158 -19.2376 10.2391
    endloop
  endfacet
  facet normal -0.477023 0.878677 0.0193777
    outer loop
      vertex 39.2158 -19.2376 10.2391
      vertex 39.4012 -19.1305 9.94669
      vertex 39.393 -19.1352 9.95795
    endloop
  endfacet
  facet normal 0.984812 0.173625 0
    outer loop
      vertex 0.66875 -17.5881 7.71377
      vertex 0.617252 -17.296 7.46546
      vertex 0.617252 -17.296 20.99
    endloop
  endfacet
  facet normal 0.984812 0.173625 -0
    outer loop
      vertex 0.66875 -17.5881 7.71377
      vertex 0.617252 -17.296 20.99
      vertex 0.66875 -17.5881 20.99
    endloop
  endfacet
  facet normal 0.984755 0.173945 0.000387893
    outer loop
      vertex 0.617252 -17.296 7.46546
      vertex 0.66875 -17.5881 7.71377
      vertex 0.636771 -17.4067 7.55373
    endloop
  endfacet
  facet normal 0.957964 0.28689 0
    outer loop
      vertex 0.753802 -17.8721 7.98962
      vertex 0.66875 -17.5881 7.71377
      vertex 0.66875 -17.5881 20.99
    endloop
  endfacet
  facet normal 0.956904 0.29038 0.0039197
    outer loop
      vertex 0.66875 -17.5881 7.71377
      vertex 0.753802 -17.8721 7.98962
      vertex 0.681613 -17.631 7.75169
    endloop
  endfacet
  facet normal 0.957964 0.28689 -0
    outer loop
      vertex 0.753802 -17.8721 7.98962
      vertex 0.66875 -17.5881 20.99
      vertex 0.753802 -17.8721 20.99
    endloop
  endfacet
  facet normal 0.959287 0.282392 -0.00489769
    outer loop
      vertex 0.681613 -17.631 7.75169
      vertex 0.753802 -17.8721 7.98962
      vertex 0.745735 -17.8452 7.96058
    endloop
  endfacet
  facet normal -0.287038 0.957919 0
    outer loop
      vertex 38.8721 -19.3962 20.99
      vertex 38.5881 -19.4813 11.2568
      vertex 38.5881 -19.4813 20.99
    endloop
  endfacet
  facet normal -0.287038 0.957919 0
    outer loop
      vertex 38.8721 -19.3962 10.8017
      vertex 38.5881 -19.4813 11.2568
      vertex 38.8721 -19.3962 20.99
    endloop
  endfacet
  facet normal -0.282812 0.959171 0.0028719
    outer loop
      vertex 38.5881 -19.4813 11.2568
      vertex 38.8721 -19.3962 10.8017
      vertex 38.6629 -19.4588 11.1081
    endloop
  endfacet
  facet normal -0.305985 0.951927 -0.01443
    outer loop
      vertex 38.6629 -19.4588 11.1081
      vertex 38.8721 -19.3962 10.8017
      vertex 38.8609 -19.3996 10.8149
    endloop
  endfacet
  facet normal 0.35231 -0.610069 0.709713
    outer loop
      vertex 2.29654 18.5278 6.15
      vertex 2.00557 19.2788 6.94
      vertex 1.74877 19.1305 6.94
    endloop
  endfacet
  facet normal 0.391943 -0.579921 0.714194
    outer loop
      vertex 2.05063 18.3616 6.15
      vertex 2.29654 18.5278 6.15
      vertex 1.74877 19.1305 6.94
    endloop
  endfacet
  facet normal -0 0 1
    outer loop
      vertex -38.0213 -19.5481 12.15
      vertex -3.14996 -19.55 12.15
      vertex -3.11795 -19.5481 12.15
    endloop
  endfacet
  facet normal 0 0 1
    outer loop
      vertex -3.14996 -19.55 12.15
      vertex -38.0213 -19.5481 12.15
      vertex -38 -19.55 12.15
    endloop
  endfacet
  facet normal 0 0 -1
    outer loop
      vertex -3.15001 -18.75 6.15
      vertex -1.40001 -17 6.15
      vertex -1.43929 -17.3687 6.15
    endloop
  endfacet
  facet normal 0 0 -1
    outer loop
      vertex -3.15001 -18.75 6.15
      vertex -1.43929 -17.3687 6.15
      vertex -1.5262 -17.6525 6.15
    endloop
  endfacet
  facet normal 0 0 -1
    outer loop
      vertex -3.15001 -18.75 6.15
      vertex -1.5262 -17.6525 6.15
      vertex -1.65984 -17.9175 6.15
    endloop
  endfacet
  facet normal 0 0 -1
    outer loop
      vertex -3.15001 -18.75 6.15
      vertex -1.65984 -17.9175 6.15
      vertex -1.83634 -18.1562 6.15
    endloop
  endfacet
  facet normal 0 0 -1
    outer loop
      vertex -3.15001 -18.75 6.15
      vertex -1.83634 -18.1562 6.15
      vertex -2.05063 -18.3616 6.15
    endloop
  endfacet
  facet normal 0 0 -1
    outer loop
      vertex -3.15001 -18.75 6.15
      vertex -2.05063 -18.3616 6.15
      vertex -2.29654 -18.5278 6.15
    endloop
  endfacet
  facet normal 0 0 -1
    outer loop
      vertex -3.15001 -18.75 6.15
      vertex -2.29654 -18.5278 6.15
      vertex -2.56702 -18.65 6.15
    endloop
  endfacet
  facet normal 0 0 -1
    outer loop
      vertex -3.15001 -18.75 6.15
      vertex -2.56702 -18.65 6.15
      vertex -2.85427 -18.7248 6.15
    endloop
  endfacet
  facet normal -0 0 -1
    outer loop
      vertex -1.40001 -17 6.15
      vertex -3.15001 -18.75 6.15
      vertex -1.40001 -13.55 6.15
    endloop
  endfacet
  facet normal 0 0 -1
    outer loop
      vertex -38 -18.75 6.15
      vertex -1.40001 -13.55 6.15
      vertex -3.15001 -18.75 6.15
    endloop
  endfacet
  facet normal 0 0 -1
    outer loop
      vertex -39.75 -17 6.15
      vertex -38 -18.75 6.15
      vertex -38.3687 -18.7107 6.15
    endloop
  endfacet
  facet normal 0 0 -1
    outer loop
      vertex -39.75 -17 6.15
      vertex -38.3687 -18.7107 6.15
      vertex -38.6525 -18.6238 6.15
    endloop
  endfacet
  facet normal 0 0 -1
    outer loop
      vertex -39.75 -17 6.15
      vertex -38.6525 -18.6238 6.15
      vertex -38.9175 -18.4902 6.15
    endloop
  endfacet
  facet normal 0 0 -1
    outer loop
      vertex -39.75 -17 6.15
      vertex -38.9175 -18.4902 6.15
      vertex -39.1562 -18.3137 6.15
    endloop
  endfacet
  facet normal 0 0 -1
    outer loop
      vertex -39.75 -17 6.15
      vertex -39.1562 -18.3137 6.15
      vertex -39.3615 -18.0994 6.15
    endloop
  endfacet
  facet normal 0 0 -1
    outer loop
      vertex -39.75 -17 6.15
      vertex -39.3615 -18.0994 6.15
      vertex -39.5278 -17.8535 6.15
    endloop
  endfacet
  facet normal 0 0 -1
    outer loop
      vertex -39.75 -17 6.15
      vertex -39.5278 -17.8535 6.15
      vertex -39.65 -17.583 6.15
    endloop
  endfacet
  facet normal 0 0 -1
    outer loop
      vertex -39.75 -17 6.15
      vertex -39.65 -17.583 6.15
      vertex -39.7248 -17.2957 6.15
    endloop
  endfacet
  facet normal 0 0 -1
    outer loop
      vertex -38 -18.75 6.15
      vertex -39.75 -17 6.15
      vertex -39.75 -13.55 6.15
    endloop
  endfacet
  facet normal 0 0 -1
    outer loop
      vertex -38 -18.75 6.15
      vertex -39.75 -13.55 6.15
      vertex -1.40001 -13.55 6.15
    endloop
  endfacet
  facet normal 0 -1 0
    outer loop
      vertex -38 -19.55 12.15
      vertex -38 -19.55 6.94
      vertex -3.14996 -19.55 12.15
    endloop
  endfacet
  facet normal 0 -1 0
    outer loop
      vertex -3.14996 -19.55 12.15
      vertex -38 -19.55 6.94
      vertex -3.15001 -19.55 6.94
    endloop
  endfacet
  facet normal 0 -1 -0
    outer loop
      vertex -3.14996 -19.55 12.15
      vertex -3.15001 -19.55 6.94
      vertex -3.14996 -19.55 6.94
    endloop
  endfacet
  facet normal -0 0.998759 0.0498042
    outer loop
      vertex -38.1918 -19.5332 11.7016
      vertex -3.11795 -19.5481 12.0004
      vertex -2.86191 -19.5332 11.7016
    endloop
  endfacet
  facet normal 0 0.998759 0.0498042
    outer loop
      vertex -3.11795 -19.5481 12.0004
      vertex -38.1918 -19.5332 11.7016
      vertex -38.0213 -19.5481 12.0004
    endloop
  endfacet
  facet normal -0 0.173661 0.984805
    outer loop
      vertex -39.8179 -14.4443 6.21701
      vertex -1.27954 -14.7389 6.26896
      vertex -1.33215 -14.4443 6.21701
    endloop
  endfacet
  facet normal 0 0.173661 0.984805
    outer loop
      vertex -1.27954 -14.7389 6.26896
      vertex -39.8179 -14.4443 6.21701
      vertex -39.8705 -14.7389 6.26896
    endloop
  endfacet
  facet normal 0.00357815 0.825286 0.564704
    outer loop
      vertex -1.03809 -18.4216 8.64754
      vertex -1.16116 -18.5902 8.89472
      vertex -1.1046 -18.5228 8.79586
    endloop
  endfacet
  facet normal 0 0.826121 0.563492
    outer loop
      vertex -1.16116 -18.5902 8.89472
      vertex -1.03809 -18.4216 8.64754
      vertex -39.9898 -18.5902 8.89472
    endloop
  endfacet
  facet normal 0 0.826121 0.563492
    outer loop
      vertex -39.9898 -18.5902 8.89472
      vertex -1.03809 -18.4216 8.64754
      vertex -40.1153 -18.4216 8.64754
    endloop
  endfacet
  facet normal 0 0.939618 0.342226
    outer loop
      vertex -39.3862 -19.1352 9.95795
      vertex -39.2168 -19.2376 10.2391
      vertex -1.93422 -19.2376 10.2391
    endloop
  endfacet
  facet normal -0 0.939618 0.342226
    outer loop
      vertex -39.3862 -19.1352 9.95795
      vertex -1.93422 -19.2376 10.2391
      vertex -1.75699 -19.1352 9.95795
    endloop
  endfacet
  facet normal -0.00446904 0.938739 0.344599
    outer loop
      vertex -39.2168 -19.2376 10.2391
      vertex -39.3862 -19.1352 9.95795
      vertex -39.275 -19.2084 10.1588
    endloop
  endfacet
  facet normal -0 0.0249337 0.999689
    outer loop
      vertex -39.75 -13.55 6.15
      vertex -1.39246 -13.8491 6.15746
      vertex -1.40001 -13.55 6.15
    endloop
  endfacet
  facet normal 0 0.0249337 0.999689
    outer loop
      vertex -1.39246 -13.8491 6.15746
      vertex -39.75 -13.55 6.15
      vertex -39.7575 -13.8491 6.15746
    endloop
  endfacet
  facet normal 0 0.980219 0.197916
    outer loop
      vertex -38.8503 -19.3996 10.8149
      vertex -38.6639 -19.4588 11.1081
      vertex -2.48707 -19.4588 11.1081
    endloop
  endfacet
  facet normal -0 0.980219 0.197916
    outer loop
      vertex -38.8503 -19.3996 10.8149
      vertex -2.48707 -19.4588 11.1081
      vertex -2.28908 -19.3996 10.8149
    endloop
  endfacet
  facet normal -0.00290294 0.979855 0.199688
    outer loop
      vertex -38.6639 -19.4588 11.1081
      vertex -38.8503 -19.3996 10.8149
      vertex -38.7313 -19.4429 11.0291
    endloop
  endfacet
  facet normal 0.000407702 0.500042 0.866001
    outer loop
      vertex -0.66009 -16.4195 6.88067
      vertex -0.600009 -16.6786 7.03025
      vertex -0.600009 -16.5223 6.94
    endloop
  endfacet
  facet normal -0 0.499971 0.866042
    outer loop
      vertex -40.4899 -16.4195 6.88067
      vertex -0.600009 -16.6786 7.03025
      vertex -0.66009 -16.4195 6.88067
    endloop
  endfacet
  facet normal -0.000407573 0.500042 0.866001
    outer loop
      vertex -40.55 -16.6786 7.03025
      vertex -40.4899 -16.4195 6.88067
      vertex -40.55 -16.5223 6.94
    endloop
  endfacet
  facet normal 0 0.499971 0.866042
    outer loop
      vertex -40.4899 -16.4195 6.88067
      vertex -40.55 -16.6786 7.03025
      vertex -0.600009 -16.6786 7.03025
    endloop
  endfacet
  facet normal -0 0.124323 0.992242
    outer loop
      vertex -39.7802 -14.1474 6.17981
      vertex -1.33215 -14.4443 6.21701
      vertex -1.36982 -14.1474 6.17981
    endloop
  endfacet
  facet normal 0 0.124323 0.992242
    outer loop
      vertex -1.33215 -14.4443 6.21701
      vertex -39.7802 -14.1474 6.17981
      vertex -39.8179 -14.4443 6.21701
    endloop
  endfacet
  facet normal -0 0.411296 0.911502
    outer loop
      vertex -40.2271 -15.8806 6.62114
      vertex -0.798301 -16.1533 6.74419
      vertex -0.922904 -15.8806 6.62114
    endloop
  endfacet
  facet normal 0 0.411296 0.911502
    outer loop
      vertex -0.798301 -16.1533 6.74419
      vertex -40.2271 -15.8806 6.62114
      vertex -40.3517 -16.1533 6.74419
    endloop
  endfacet
  facet normal 0 1 -0
    outer loop
      vertex -3.11795 -19.5481 12.0004
      vertex -38.0213 -19.5481 12.15
      vertex -3.11795 -19.5481 12.15
    endloop
  endfacet
  facet normal 0 1 0
    outer loop
      vertex -38.0213 -19.5481 12.15
      vertex -3.11795 -19.5481 12.0004
      vertex -38.0213 -19.5481 12.0004
    endloop
  endfacet
  facet normal -0 0.318473 0.947932
    outer loop
      vertex -40.0199 -15.3185 6.41656
      vertex -1.03359 -15.6021 6.51184
      vertex -1.13007 -15.3185 6.41656
    endloop
  endfacet
  facet normal 0 0.318473 0.947932
    outer loop
      vertex -1.03359 -15.6021 6.51184
      vertex -40.0199 -15.3185 6.41656
      vertex -40.1164 -15.6021 6.51184
    endloop
  endfacet
  facet normal -0 0.365332 0.930877
    outer loop
      vertex -40.1164 -15.6021 6.51184
      vertex -0.922904 -15.8806 6.62114
      vertex -1.03359 -15.6021 6.51184
    endloop
  endfacet
  facet normal 0 0.365332 0.930877
    outer loop
      vertex -0.922904 -15.8806 6.62114
      vertex -40.1164 -15.6021 6.51184
      vertex -40.2271 -15.8806 6.62114
    endloop
  endfacet
  facet normal 0 0.797199 0.603716
    outer loop
      vertex -40.223 -18.241 8.40906
      vertex -40.1153 -18.4216 8.64754
      vertex -1.03809 -18.4216 8.64754
    endloop
  endfacet
  facet normal 0.000924042 0.796987 0.603995
    outer loop
      vertex -0.924575 -18.241 8.40906
      vertex -1.03809 -18.4216 8.64754
      vertex -0.941653 -18.275 8.45395
    endloop
  endfacet
  facet normal -0 0.797199 0.603716
    outer loop
      vertex -40.223 -18.241 8.40906
      vertex -1.03809 -18.4216 8.64754
      vertex -0.924575 -18.241 8.40906
    endloop
  endfacet
  facet normal 0.00554388 0.798391 0.602114
    outer loop
      vertex -40.1153 -18.4216 8.64754
      vertex -40.223 -18.241 8.40906
      vertex -40.1305 -18.4012 8.62063
    endloop
  endfacet
  facet normal -0 0.222598 0.97491
    outer loop
      vertex -39.8705 -14.7389 6.26896
      vertex -1.21213 -15.0305 6.33554
      vertex -1.27954 -14.7389 6.26896
    endloop
  endfacet
  facet normal 0 0.222598 0.97491
    outer loop
      vertex -1.21213 -15.0305 6.33554
      vertex -39.8705 -14.7389 6.26896
      vertex -39.9379 -15.0305 6.33554
    endloop
  endfacet
  facet normal 0.0239822 0.916225 0.399946
    outer loop
      vertex -1.59905 -19.019 9.68228
      vertex -1.75699 -19.1352 9.95795
      vertex -1.74877 -19.1305 9.94669
    endloop
  endfacet
  facet normal 0 0.921482 0.388422
    outer loop
      vertex -1.75699 -19.1352 9.95795
      vertex -1.59905 -19.019 9.68228
      vertex -39.3862 -19.1352 9.95795
    endloop
  endfacet
  facet normal 0 0.921482 0.388422
    outer loop
      vertex -39.3862 -19.1352 9.95795
      vertex -1.59905 -19.019 9.68228
      vertex -39.5542 -19.019 9.68228
    endloop
  endfacet
  facet normal -0.00355255 0.920699 0.390257
    outer loop
      vertex -39.3862 -19.1352 9.95795
      vertex -39.5542 -19.019 9.68228
      vertex -39.5227 -19.0454 9.74485
    endloop
  endfacet
  facet normal -0 0.0747152 0.997205
    outer loop
      vertex -39.7575 -13.8491 6.15746
      vertex -1.36982 -14.1474 6.17981
      vertex -1.39246 -13.8491 6.15746
    endloop
  endfacet
  facet normal 0 0.0747152 0.997205
    outer loop
      vertex -1.36982 -14.1474 6.17981
      vertex -39.7575 -13.8491 6.15746
      vertex -39.7802 -14.1474 6.17981
    endloop
  endfacet
  facet normal -0 0.270808 0.962634
    outer loop
      vertex -39.9379 -15.0305 6.33554
      vertex -1.13007 -15.3185 6.41656
      vertex -1.21213 -15.0305 6.33554
    endloop
  endfacet
  facet normal 0 0.270808 0.962634
    outer loop
      vertex -1.13007 -15.3185 6.41656
      vertex -39.9379 -15.0305 6.33554
      vertex -40.0199 -15.3185 6.41656
    endloop
  endfacet
  facet normal 0.00194993 0.900536 0.434777
    outer loop
      vertex -1.44287 -18.8892 9.41273
      vertex -1.59905 -19.019 9.68228
      vertex -1.5109 -18.9534 9.54601
    endloop
  endfacet
  facet normal 0 0.90098 0.433861
    outer loop
      vertex -1.59905 -19.019 9.68228
      vertex -1.44287 -18.8892 9.41273
      vertex -39.5542 -19.019 9.68228
    endloop
  endfacet
  facet normal 0 0.90098 0.433861
    outer loop
      vertex -39.5542 -19.019 9.68228
      vertex -1.44287 -18.8892 9.41273
      vertex -39.7089 -18.8892 9.41273
    endloop
  endfacet
  facet normal 0.00302054 0.988515 0.151094
    outer loop
      vertex -2.48707 -19.4588 11.1081
      vertex -2.68768 -19.5034 11.4039
      vertex -2.56194 -19.4813 11.2568
    endloop
  endfacet
  facet normal -0 0.988823 0.149092
    outer loop
      vertex -38.6639 -19.4588 11.1081
      vertex -2.68768 -19.5034 11.4039
      vertex -2.48707 -19.4588 11.1081
    endloop
  endfacet
  facet normal 0 0.988823 0.149092
    outer loop
      vertex -2.68768 -19.5034 11.4039
      vertex -38.6639 -19.4588 11.1081
      vertex -38.4758 -19.5034 11.4039
    endloop
  endfacet
  facet normal 0.0114775 0.994274 0.106245
    outer loop
      vertex -2.68768 -19.5034 11.4039
      vertex -2.86191 -19.5332 11.7016
      vertex -2.85398 -19.5328 11.697
    endloop
  endfacet
  facet normal 0 0.995027 0.099603
    outer loop
      vertex -2.86191 -19.5332 11.7016
      vertex -2.68768 -19.5034 11.4039
      vertex -38.1918 -19.5332 11.7016
    endloop
  endfacet
  facet normal 0 0.995027 0.099603
    outer loop
      vertex -38.1918 -19.5332 11.7016
      vertex -2.68768 -19.5034 11.4039
      vertex -38.4758 -19.5034 11.4039
    endloop
  endfacet
  facet normal -0.00172468 0.994861 0.101232
    outer loop
      vertex -38.1918 -19.5332 11.7016
      vertex -38.4758 -19.5034 11.4039
      vertex -38.4428 -19.5113 11.4821
    endloop
  endfacet
  facet normal -0 0.45623 0.889862
    outer loop
      vertex -40.3517 -16.1533 6.74419
      vertex -0.66009 -16.4195 6.88067
      vertex -0.798301 -16.1533 6.74419
    endloop
  endfacet
  facet normal 0 0.45623 0.889862
    outer loop
      vertex -0.66009 -16.4195 6.88067
      vertex -40.3517 -16.1533 6.74419
      vertex -40.4899 -16.4195 6.88067
    endloop
  endfacet
  facet normal 0.0046148 0.954823 0.297138
    outer loop
      vertex -1.93422 -19.2376 10.2391
      vertex -2.1145 -19.3257 10.525
      vertex -2.00557 -19.2788 10.3726
    endloop
  endfacet
  facet normal -0 0.955656 0.294485
    outer loop
      vertex -39.2168 -19.2376 10.2391
      vertex -2.1145 -19.3257 10.525
      vertex -1.93422 -19.2376 10.2391
    endloop
  endfacet
  facet normal 0 0.955656 0.294485
    outer loop
      vertex -2.1145 -19.3257 10.525
      vertex -39.2168 -19.2376 10.2391
      vertex -39.0413 -19.3257 10.525
    endloop
  endfacet
  facet normal 0.00177159 0.661499 0.749944
    outer loop
      vertex -0.635594 -17.4067 7.55373
      vertex -0.683364 -17.631 7.75169
      vertex -0.638751 -17.4428 7.58558
    endloop
  endfacet
  facet normal -0 0.661712 0.749758
    outer loop
      vertex -40.5132 -17.4067 7.55373
      vertex -0.683364 -17.631 7.75169
      vertex -0.635594 -17.4067 7.55373
    endloop
  endfacet
  facet normal 0 0.661712 0.749758
    outer loop
      vertex -0.683364 -17.631 7.75169
      vertex -40.5132 -17.4067 7.55373
      vertex -40.4684 -17.631 7.75169
    endloop
  endfacet
  facet normal -0.0100234 0.660553 0.750713
    outer loop
      vertex -40.4684 -17.631 7.75169
      vertex -40.5132 -17.4067 7.55373
      vertex -40.4813 -17.5881 7.71377
    endloop
  endfacet
  facet normal 0 0.878327 0.47806
    outer loop
      vertex -39.8524 -18.7462 9.15
      vertex -39.7089 -18.8892 9.41273
      vertex -1.44287 -18.8892 9.41273
    endloop
  endfacet
  facet normal -0.0730423 0.89299 0.444111
    outer loop
      vertex -1.29205 -18.7462 9.15
      vertex -1.44287 -18.8892 9.41273
      vertex -1.29521 -18.7499 9.15692
    endloop
  endfacet
  facet normal -0 0.878327 0.47806
    outer loop
      vertex -39.8524 -18.7462 9.15
      vertex -1.44287 -18.8892 9.41273
      vertex -1.29205 -18.7462 9.15
    endloop
  endfacet
  facet normal -0.00205608 0.877853 0.478925
    outer loop
      vertex -39.7089 -18.8892 9.41273
      vertex -39.8524 -18.7462 9.15
      vertex -39.7499 -18.8548 9.3495
    endloop
  endfacet
  facet normal -0 0.542578 0.840006
    outer loop
      vertex -40.55 -16.6786 7.03025
      vertex -0.600009 -16.9299 7.19257
      vertex -0.600009 -16.6786 7.03025
    endloop
  endfacet
  facet normal 0 0.542578 0.840006
    outer loop
      vertex -0.600009 -16.9299 7.19257
      vertex -40.55 -16.6786 7.03025
      vertex -40.55 -16.9299 7.19257
    endloop
  endfacet
  facet normal 0.00326428 0.5836 0.812035
    outer loop
      vertex -0.600009 -16.9299 7.19257
      vertex -0.61513 -17.1728 7.3672
      vertex -0.600009 -17 7.24295
    endloop
  endfacet
  facet normal -0 0.583737 0.811943
    outer loop
      vertex -40.55 -16.9299 7.19257
      vertex -0.61513 -17.1728 7.3672
      vertex -0.600009 -16.9299 7.19257
    endloop
  endfacet
  facet normal 0 0.583737 0.811943
    outer loop
      vertex -0.61513 -17.1728 7.3672
      vertex -40.55 -16.9299 7.19257
      vertex -40.5399 -17.1728 7.3672
    endloop
  endfacet
  facet normal -0.00488702 0.583596 0.81203
    outer loop
      vertex -40.5399 -17.1728 7.3672
      vertex -40.55 -16.9299 7.19257
      vertex -40.55 -17 7.24295
    endloop
  endfacet
  facet normal 0 0.766052 0.642778
    outer loop
      vertex -40.32 -18.0487 8.17988
      vertex -40.223 -18.241 8.40906
      vertex -0.924575 -18.241 8.40906
    endloop
  endfacet
  facet normal -0 0.766052 0.642778
    outer loop
      vertex -40.32 -18.0487 8.17988
      vertex -0.924575 -18.241 8.40906
      vertex -0.827992 -18.0487 8.17988
    endloop
  endfacet
  facet normal 0.00601131 0.76729 0.641272
    outer loop
      vertex -40.223 -18.241 8.40906
      vertex -40.32 -18.0487 8.17988
      vertex -40.2788 -18.1444 8.294
    endloop
  endfacet
  facet normal -0.00388406 0.733715 0.679446
    outer loop
      vertex -0.748579 -17.8452 7.96058
      vertex -0.827992 -18.0487 8.17988
      vertex -0.808566 -18.01 8.1382
    endloop
  endfacet
  facet normal 0 0.73302 0.680207
    outer loop
      vertex -0.827992 -18.0487 8.17988
      vertex -0.748579 -17.8452 7.96058
      vertex -40.32 -18.0487 8.17988
    endloop
  endfacet
  facet normal 0 0.73302 0.680207
    outer loop
      vertex -40.32 -18.0487 8.17988
      vertex -0.748579 -17.8452 7.96058
      vertex -40.4043 -17.8452 7.96058
    endloop
  endfacet
  facet normal 0.0114585 0.735164 0.677793
    outer loop
      vertex -40.32 -18.0487 8.17988
      vertex -40.4043 -17.8452 7.96058
      vertex -40.3962 -17.8721 7.98962
    endloop
  endfacet
  facet normal 0.0075069 0.696985 0.717046
    outer loop
      vertex -0.683364 -17.631 7.75169
      vertex -0.748579 -17.8452 7.96058
      vertex -0.707141 -17.7314 7.84953
    endloop
  endfacet
  facet normal 0 0.698177 0.715925
    outer loop
      vertex -0.683364 -17.631 7.75169
      vertex -40.4043 -17.8452 7.96058
      vertex -0.748579 -17.8452 7.96058
    endloop
  endfacet
  facet normal 0 0.698177 0.715925
    outer loop
      vertex -40.4043 -17.8452 7.96058
      vertex -0.683364 -17.631 7.75169
      vertex -40.4684 -17.631 7.75169
    endloop
  endfacet
  facet normal 0 0.853288 0.521439
    outer loop
      vertex -1.16116 -18.5902 8.89472
      vertex -39.8524 -18.7462 9.15
      vertex -1.29205 -18.7462 9.15
    endloop
  endfacet
  facet normal 0 0.853288 0.521439
    outer loop
      vertex -39.8524 -18.7462 9.15
      vertex -1.16116 -18.5902 8.89472
      vertex -39.9898 -18.5902 8.89472
    endloop
  endfacet
  facet normal 0.00773652 0.85511 0.518388
    outer loop
      vertex -39.8524 -18.7462 9.15
      vertex -39.9898 -18.5902 8.89472
      vertex -39.9534 -18.6391 8.97484
    endloop
  endfacet
  facet normal 0 0.623492 0.78183
    outer loop
      vertex -0.61513 -17.1728 7.3672
      vertex -40.5132 -17.4067 7.55373
      vertex -0.635594 -17.4067 7.55373
    endloop
  endfacet
  facet normal -0 0.623492 0.78183
    outer loop
      vertex -40.5399 -17.1728 7.3672
      vertex -40.5132 -17.4067 7.55373
      vertex -0.61513 -17.1728 7.3672
    endloop
  endfacet
  facet normal 0.00122619 0.623577 0.781761
    outer loop
      vertex -40.5132 -17.4067 7.55373
      vertex -40.5399 -17.1728 7.3672
      vertex -40.5327 -17.296 7.46546
    endloop
  endfacet
  facet normal -0.0104506 0.970447 0.241089
    outer loop
      vertex -2.1145 -19.3257 10.525
      vertex -2.28908 -19.3996 10.8149
      vertex -2.27787 -19.3962 10.8017
    endloop
  endfacet
  facet normal 0 0.969011 0.247016
    outer loop
      vertex -2.28908 -19.3996 10.8149
      vertex -2.1145 -19.3257 10.525
      vertex -38.8503 -19.3996 10.8149
    endloop
  endfacet
  facet normal 0 0.969011 0.247016
    outer loop
      vertex -38.8503 -19.3996 10.8149
      vertex -2.1145 -19.3257 10.525
      vertex -39.0413 -19.3257 10.525
    endloop
  endfacet
  facet normal 0.00029161 0.969057 0.246836
    outer loop
      vertex -38.8503 -19.3996 10.8149
      vertex -39.0413 -19.3257 10.525
      vertex -39.01 -19.3414 10.5866
    endloop
  endfacet
  facet normal -0 0 1
    outer loop
      vertex 3.12867 -19.5481 12.15
      vertex 38 -19.55 12.15
      vertex 38.0321 -19.5481 12.15
    endloop
  endfacet
  facet normal 0 0 1
    outer loop
      vertex 38 -19.55 12.15
      vertex 3.12867 -19.5481 12.15
      vertex 3.14998 -19.55 12.15
    endloop
  endfacet
  facet normal 0 0 -1
    outer loop
      vertex 38 -18.75 6.15
      vertex 39.75 -17 6.15
      vertex 39.7107 -17.3687 6.15
    endloop
  endfacet
  facet normal 0 0 -1
    outer loop
      vertex 38 -18.75 6.15
      vertex 39.7107 -17.3687 6.15
      vertex 39.6238 -17.6525 6.15
    endloop
  endfacet
  facet normal 0 0 -1
    outer loop
      vertex 38 -18.75 6.15
      vertex 39.6238 -17.6525 6.15
      vertex 39.4902 -17.9175 6.15
    endloop
  endfacet
  facet normal 0 0 -1
    outer loop
      vertex 38 -18.75 6.15
      vertex 39.4902 -17.9175 6.15
      vertex 39.3137 -18.1562 6.15
    endloop
  endfacet
  facet normal 0 0 -1
    outer loop
      vertex 38 -18.75 6.15
      vertex 39.3137 -18.1562 6.15
      vertex 39.0994 -18.3616 6.15
    endloop
  endfacet
  facet normal 0 0 -1
    outer loop
      vertex 38 -18.75 6.15
      vertex 39.0994 -18.3616 6.15
      vertex 38.8535 -18.5278 6.15
    endloop
  endfacet
  facet normal 0 0 -1
    outer loop
      vertex 38 -18.75 6.15
      vertex 38.8535 -18.5278 6.15
      vertex 38.583 -18.65 6.15
    endloop
  endfacet
  facet normal 0 0 -1
    outer loop
      vertex 38 -18.75 6.15
      vertex 38.583 -18.65 6.15
      vertex 38.2957 -18.7248 6.15
    endloop
  endfacet
  facet normal -0 0 -1
    outer loop
      vertex 39.75 -17 6.15
      vertex 38 -18.75 6.15
      vertex 39.75 -13.55 6.15
    endloop
  endfacet
  facet normal 0 0 -1
    outer loop
      vertex 3.15001 -18.75 6.15
      vertex 39.75 -13.55 6.15
      vertex 38 -18.75 6.15
    endloop
  endfacet
  facet normal 0 0 -1
    outer loop
      vertex 1.40001 -17 6.15
      vertex 3.15001 -18.75 6.15
      vertex 2.78133 -18.7107 6.15
    endloop
  endfacet
  facet normal 0 0 -1
    outer loop
      vertex 2.78133 -18.7107 6.15
      vertex 2.49752 -18.6238 6.15
      vertex 1.40001 -17 6.15
    endloop
  endfacet
  facet normal 0 0 -1
    outer loop
      vertex 2.49752 -18.6238 6.15
      vertex 2.23247 -18.4902 6.15
      vertex 1.40001 -17 6.15
    endloop
  endfacet
  facet normal 0 0 -1
    outer loop
      vertex 1.40001 -17 6.15
      vertex 2.23247 -18.4902 6.15
      vertex 1.99384 -18.3137 6.15
    endloop
  endfacet
  facet normal 0 0 -1
    outer loop
      vertex 1.99384 -18.3137 6.15
      vertex 1.78846 -18.0994 6.15
      vertex 1.40001 -17 6.15
    endloop
  endfacet
  facet normal 0 0 -1
    outer loop
      vertex 1.62224 -17.8535 6.15
      vertex 1.78846 -18.0994 6.15
      vertex 1.78845 -18.0994 6.15
    endloop
  endfacet
  facet normal 0 0 -1
    outer loop
      vertex 1.78846 -18.0994 6.15
      vertex 1.62224 -17.8535 6.15
      vertex 1.40001 -17 6.15
    endloop
  endfacet
  facet normal 0 0 -1
    outer loop
      vertex 1.40001 -17 6.15
      vertex 1.62224 -17.8535 6.15
      vertex 1.49997 -17.583 6.15
    endloop
  endfacet
  facet normal 0 0 -1
    outer loop
      vertex 1.49997 -17.583 6.15
      vertex 1.42519 -17.2957 6.15
      vertex 1.40001 -17 6.15
    endloop
  endfacet
  facet normal 0 0 -1
    outer loop
      vertex 3.15001 -18.75 6.15
      vertex 1.40001 -17 6.15
      vertex 1.40001 -13.55 6.15
    endloop
  endfacet
  facet normal 0 0 -1
    outer loop
      vertex 3.15001 -18.75 6.15
      vertex 1.40001 -13.55 6.15
      vertex 39.75 -13.55 6.15
    endloop
  endfacet
  facet normal 0 -1 0
    outer loop
      vertex 3.15001 -19.55 6.94
      vertex 3.14998 -19.55 12.15
      vertex 3.14998 -19.55 6.94
    endloop
  endfacet
  facet normal 0 -1 0
    outer loop
      vertex 3.14998 -19.55 12.15
      vertex 3.15001 -19.55 6.94
      vertex 38 -19.55 12.15
    endloop
  endfacet
  facet normal 0 -1 -0
    outer loop
      vertex 38 -19.55 12.15
      vertex 3.15001 -19.55 6.94
      vertex 38 -19.55 6.94
    endloop
  endfacet
  facet normal -0 0.998759 0.0498042
    outer loop
      vertex 2.95822 -19.5332 11.7016
      vertex 38.0321 -19.5481 12.0004
      vertex 38.2881 -19.5332 11.7016
    endloop
  endfacet
  facet normal 0 0.998759 0.0498042
    outer loop
      vertex 38.0321 -19.5481 12.0004
      vertex 2.95822 -19.5332 11.7016
      vertex 3.12867 -19.5481 12.0004
    endloop
  endfacet
  facet normal -0 0.173661 0.984805
    outer loop
      vertex 1.33215 -14.4443 6.21701
      vertex 39.8705 -14.7389 6.26896
      vertex 39.8179 -14.4443 6.21701
    endloop
  endfacet
  facet normal 0 0.173661 0.984805
    outer loop
      vertex 39.8705 -14.7389 6.26896
      vertex 1.33215 -14.4443 6.21701
      vertex 1.27954 -14.7389 6.26896
    endloop
  endfacet
  facet normal 0.00356456 0.825289 0.5647
    outer loop
      vertex 40.1119 -18.4216 8.64754
      vertex 39.9888 -18.5902 8.89472
      vertex 40.0454 -18.5228 8.79586
    endloop
  endfacet
  facet normal 0 0.826121 0.563492
    outer loop
      vertex 39.9888 -18.5902 8.89472
      vertex 40.1119 -18.4216 8.64754
      vertex 1.16015 -18.5902 8.89472
    endloop
  endfacet
  facet normal 0 0.826121 0.563492
    outer loop
      vertex 1.16015 -18.5902 8.89472
      vertex 40.1119 -18.4216 8.64754
      vertex 1.03469 -18.4216 8.64754
    endloop
  endfacet
  facet normal 0 0.939618 0.342226
    outer loop
      vertex 1.76385 -19.1352 9.95795
      vertex 1.93317 -19.2376 10.2391
      vertex 39.2158 -19.2376 10.2391
    endloop
  endfacet
  facet normal -0 0.939618 0.342226
    outer loop
      vertex 1.76385 -19.1352 9.95795
      vertex 39.2158 -19.2376 10.2391
      vertex 39.393 -19.1352 9.95795
    endloop
  endfacet
  facet normal -0.00448142 0.938737 0.344604
    outer loop
      vertex 1.93317 -19.2376 10.2391
      vertex 1.76385 -19.1352 9.95795
      vertex 1.87502 -19.2084 10.1588
    endloop
  endfacet
  facet normal -0 0.0249337 0.999689
    outer loop
      vertex 1.40001 -13.55 6.15
      vertex 39.7575 -13.8491 6.15746
      vertex 39.75 -13.55 6.15
    endloop
  endfacet
  facet normal 0 0.0249337 0.999689
    outer loop
      vertex 39.7575 -13.8491 6.15746
      vertex 1.40001 -13.55 6.15
      vertex 1.39246 -13.8491 6.15746
    endloop
  endfacet
  facet normal 0 0.980219 0.197916
    outer loop
      vertex 2.29969 -19.3996 10.8149
      vertex 2.48606 -19.4588 11.1081
      vertex 38.6629 -19.4588 11.1081
    endloop
  endfacet
  facet normal -0 0.980219 0.197916
    outer loop
      vertex 2.29969 -19.3996 10.8149
      vertex 38.6629 -19.4588 11.1081
      vertex 38.8609 -19.3996 10.8149
    endloop
  endfacet
  facet normal -0.00290158 0.979855 0.199687
    outer loop
      vertex 2.48606 -19.4588 11.1081
      vertex 2.29969 -19.3996 10.8149
      vertex 2.41866 -19.4429 11.0291
    endloop
  endfacet
  facet normal 0.000407573 0.500042 0.866001
    outer loop
      vertex 40.4899 -16.4195 6.88067
      vertex 40.55 -16.6786 7.03025
      vertex 40.55 -16.5223 6.94
    endloop
  endfacet
  facet normal -0 0.499971 0.866042
    outer loop
      vertex 0.66009 -16.4195 6.88067
      vertex 40.55 -16.6786 7.03025
      vertex 40.4899 -16.4195 6.88067
    endloop
  endfacet
  facet normal -0.000407702 0.500042 0.866001
    outer loop
      vertex 0.600009 -16.6786 7.03025
      vertex 0.66009 -16.4195 6.88067
      vertex 0.600009 -16.5223 6.94
    endloop
  endfacet
  facet normal 0 0.499971 0.866042
    outer loop
      vertex 0.66009 -16.4195 6.88067
      vertex 0.600009 -16.6786 7.03025
      vertex 40.55 -16.6786 7.03025
    endloop
  endfacet
  facet normal -0 0.124323 0.992242
    outer loop
      vertex 1.36982 -14.1474 6.17981
      vertex 39.8179 -14.4443 6.21701
      vertex 39.7802 -14.1474 6.17981
    endloop
  endfacet
  facet normal 0 0.124323 0.992242
    outer loop
      vertex 39.8179 -14.4443 6.21701
      vertex 1.36982 -14.1474 6.17981
      vertex 1.33215 -14.4443 6.21701
    endloop
  endfacet
  facet normal -0 0.411296 0.911502
    outer loop
      vertex 0.922904 -15.8806 6.62114
      vertex 40.3517 -16.1533 6.74419
      vertex 40.2271 -15.8806 6.62114
    endloop
  endfacet
  facet normal 0 0.411296 0.911502
    outer loop
      vertex 40.3517 -16.1533 6.74419
      vertex 0.922904 -15.8806 6.62114
      vertex 0.798301 -16.1533 6.74419
    endloop
  endfacet
  facet normal 0 1 -0
    outer loop
      vertex 38.0321 -19.5481 12.0004
      vertex 3.12867 -19.5481 12.15
      vertex 38.0321 -19.5481 12.15
    endloop
  endfacet
  facet normal 0 1 0
    outer loop
      vertex 3.12867 -19.5481 12.15
      vertex 38.0321 -19.5481 12.0004
      vertex 3.12867 -19.5481 12.0004
    endloop
  endfacet
  facet normal -0 0.318473 0.947932
    outer loop
      vertex 1.13007 -15.3185 6.41656
      vertex 40.1164 -15.6021 6.51184
      vertex 40.0199 -15.3185 6.41656
    endloop
  endfacet
  facet normal 0 0.318473 0.947932
    outer loop
      vertex 40.1164 -15.6021 6.51184
      vertex 1.13007 -15.3185 6.41656
      vertex 1.03359 -15.6021 6.51184
    endloop
  endfacet
  facet normal -0 0.365332 0.930877
    outer loop
      vertex 1.03359 -15.6021 6.51184
      vertex 40.2271 -15.8806 6.62114
      vertex 40.1164 -15.6021 6.51184
    endloop
  endfacet
  facet normal 0 0.365332 0.930877
    outer loop
      vertex 40.2271 -15.8806 6.62114
      vertex 1.03359 -15.6021 6.51184
      vertex 0.922904 -15.8806 6.62114
    endloop
  endfacet
  facet normal 0 0.797199 0.603716
    outer loop
      vertex 0.926994 -18.241 8.40906
      vertex 1.03469 -18.4216 8.64754
      vertex 40.1119 -18.4216 8.64754
    endloop
  endfacet
  facet normal 0.000929419 0.796986 0.603997
    outer loop
      vertex 40.2254 -18.241 8.40906
      vertex 40.1119 -18.4216 8.64754
      vertex 40.2083 -18.275 8.45395
    endloop
  endfacet
  facet normal -0 0.797199 0.603716
    outer loop
      vertex 0.926994 -18.241 8.40906
      vertex 40.1119 -18.4216 8.64754
      vertex 40.2254 -18.241 8.40906
    endloop
  endfacet
  facet normal 0.00559825 0.798402 0.602099
    outer loop
      vertex 1.03469 -18.4216 8.64754
      vertex 0.926994 -18.241 8.40906
      vertex 1.01952 -18.4012 8.62063
    endloop
  endfacet
  facet normal -0 0.222598 0.97491
    outer loop
      vertex 1.27954 -14.7389 6.26896
      vertex 39.9379 -15.0305 6.33554
      vertex 39.8705 -14.7389 6.26896
    endloop
  endfacet
  facet normal 0 0.222598 0.97491
    outer loop
      vertex 39.9379 -15.0305 6.33554
      vertex 1.27954 -14.7389 6.26896
      vertex 1.21213 -15.0305 6.33554
    endloop
  endfacet
  facet normal 0.0242885 0.916151 0.400096
    outer loop
      vertex 39.551 -19.019 9.68228
      vertex 39.393 -19.1352 9.95795
      vertex 39.4012 -19.1305 9.94669
    endloop
  endfacet
  facet normal 0 0.921482 0.388422
    outer loop
      vertex 39.393 -19.1352 9.95795
      vertex 39.551 -19.019 9.68228
      vertex 1.76385 -19.1352 9.95795
    endloop
  endfacet
  facet normal 0 0.921482 0.388422
    outer loop
      vertex 1.76385 -19.1352 9.95795
      vertex 39.551 -19.019 9.68228
      vertex 1.59583 -19.019 9.68228
    endloop
  endfacet
  facet normal -0.0035131 0.920708 0.390237
    outer loop
      vertex 1.76385 -19.1352 9.95795
      vertex 1.59583 -19.019 9.68228
      vertex 1.62726 -19.0454 9.74485
    endloop
  endfacet
  facet normal -0 0.0747152 0.997205
    outer loop
      vertex 1.39246 -13.8491 6.15746
      vertex 39.7802 -14.1474 6.17981
      vertex 39.7575 -13.8491 6.15746
    endloop
  endfacet
  facet normal 0 0.0747152 0.997205
    outer loop
      vertex 39.7802 -14.1474 6.17981
      vertex 1.39246 -13.8491 6.15746
      vertex 1.36982 -14.1474 6.17981
    endloop
  endfacet
  facet normal -0 0.270808 0.962634
    outer loop
      vertex 1.21213 -15.0305 6.33554
      vertex 40.0199 -15.3185 6.41656
      vertex 39.9379 -15.0305 6.33554
    endloop
  endfacet
  facet normal 0 0.270808 0.962634
    outer loop
      vertex 40.0199 -15.3185 6.41656
      vertex 1.21213 -15.0305 6.33554
      vertex 1.13007 -15.3185 6.41656
    endloop
  endfacet
  facet normal 0.00195195 0.900536 0.434777
    outer loop
      vertex 39.7071 -18.8892 9.41273
      vertex 39.551 -19.019 9.68228
      vertex 39.6391 -18.9534 9.54601
    endloop
  endfacet
  facet normal 0 0.90098 0.433861
    outer loop
      vertex 39.551 -19.019 9.68228
      vertex 39.7071 -18.8892 9.41273
      vertex 1.59583 -19.019 9.68228
    endloop
  endfacet
  facet normal 0 0.90098 0.433861
    outer loop
      vertex 1.59583 -19.019 9.68228
      vertex 39.7071 -18.8892 9.41273
      vertex 1.44113 -18.8892 9.41273
    endloop
  endfacet
  facet normal 0.00301301 0.988516 0.151089
    outer loop
      vertex 38.6629 -19.4588 11.1081
      vertex 38.4623 -19.5034 11.4039
      vertex 38.5881 -19.4813 11.2568
    endloop
  endfacet
  facet normal -0 0.988823 0.149092
    outer loop
      vertex 2.48606 -19.4588 11.1081
      vertex 38.4623 -19.5034 11.4039
      vertex 38.6629 -19.4588 11.1081
    endloop
  endfacet
  facet normal 0 0.988823 0.149092
    outer loop
      vertex 38.4623 -19.5034 11.4039
      vertex 2.48606 -19.4588 11.1081
      vertex 2.67419 -19.5034 11.4039
    endloop
  endfacet
  facet normal 0.0115426 0.994269 0.106281
    outer loop
      vertex 38.4623 -19.5034 11.4039
      vertex 38.2881 -19.5332 11.7016
      vertex 38.296 -19.5328 11.697
    endloop
  endfacet
  facet normal 0 0.995027 0.099603
    outer loop
      vertex 38.2881 -19.5332 11.7016
      vertex 38.4623 -19.5034 11.4039
      vertex 2.95822 -19.5332 11.7016
    endloop
  endfacet
  facet normal 0 0.995027 0.099603
    outer loop
      vertex 2.95822 -19.5332 11.7016
      vertex 38.4623 -19.5034 11.4039
      vertex 2.67419 -19.5034 11.4039
    endloop
  endfacet
  facet normal -0.00172477 0.994861 0.101232
    outer loop
      vertex 2.95822 -19.5332 11.7016
      vertex 2.67419 -19.5034 11.4039
      vertex 2.7072 -19.5113 11.4821
    endloop
  endfacet
  facet normal -0 0.45623 0.889862
    outer loop
      vertex 0.798301 -16.1533 6.74419
      vertex 40.4899 -16.4195 6.88067
      vertex 40.3517 -16.1533 6.74419
    endloop
  endfacet
  facet normal 0 0.45623 0.889862
    outer loop
      vertex 40.4899 -16.4195 6.88067
      vertex 0.798301 -16.1533 6.74419
      vertex 0.66009 -16.4195 6.88067
    endloop
  endfacet
  facet normal 0.00462946 0.95482 0.297147
    outer loop
      vertex 39.2158 -19.2376 10.2391
      vertex 39.0355 -19.3257 10.525
      vertex 39.1444 -19.2788 10.3726
    endloop
  endfacet
  facet normal -0 0.955656 0.294485
    outer loop
      vertex 1.93317 -19.2376 10.2391
      vertex 39.0355 -19.3257 10.525
      vertex 39.2158 -19.2376 10.2391
    endloop
  endfacet
  facet normal 0 0.955656 0.294485
    outer loop
      vertex 39.0355 -19.3257 10.525
      vertex 1.93317 -19.2376 10.2391
      vertex 2.10874 -19.3257 10.525
    endloop
  endfacet
  facet normal 0.00178665 0.661497 0.749946
    outer loop
      vertex 40.5144 -17.4067 7.55373
      vertex 40.4666 -17.631 7.75169
      vertex 40.5112 -17.4428 7.58558
    endloop
  endfacet
  facet normal -0 0.661712 0.749758
    outer loop
      vertex 0.636771 -17.4067 7.55373
      vertex 40.4666 -17.631 7.75169
      vertex 40.5144 -17.4067 7.55373
    endloop
  endfacet
  facet normal 0 0.661712 0.749758
    outer loop
      vertex 40.4666 -17.631 7.75169
      vertex 0.636771 -17.4067 7.55373
      vertex 0.681613 -17.631 7.75169
    endloop
  endfacet
  facet normal -0.0101289 0.660539 0.750723
    outer loop
      vertex 0.681613 -17.631 7.75169
      vertex 0.636771 -17.4067 7.55373
      vertex 0.66875 -17.5881 7.71377
    endloop
  endfacet
  facet normal 0 0.878327 0.47806
    outer loop
      vertex 1.29759 -18.7462 9.15
      vertex 1.44113 -18.8892 9.41273
      vertex 39.7071 -18.8892 9.41273
    endloop
  endfacet
  facet normal -0.0679971 0.892165 0.446563
    outer loop
      vertex 39.8579 -18.7462 9.15
      vertex 39.7071 -18.8892 9.41273
      vertex 39.8548 -18.7499 9.15692
    endloop
  endfacet
  facet normal -0 0.878327 0.47806
    outer loop
      vertex 1.29759 -18.7462 9.15
      vertex 39.7071 -18.8892 9.41273
      vertex 39.8579 -18.7462 9.15
    endloop
  endfacet
  facet normal -0.00204647 0.877855 0.478922
    outer loop
      vertex 1.44113 -18.8892 9.41273
      vertex 1.29759 -18.7462 9.15
      vertex 1.40009 -18.8548 9.3495
    endloop
  endfacet
  facet normal -0 0.542578 0.840006
    outer loop
      vertex 0.600009 -16.6786 7.03025
      vertex 40.55 -16.9299 7.19257
      vertex 40.55 -16.6786 7.03025
    endloop
  endfacet
  facet normal 0 0.542578 0.840006
    outer loop
      vertex 40.55 -16.9299 7.19257
      vertex 0.600009 -16.6786 7.03025
      vertex 0.600009 -16.9299 7.19257
    endloop
  endfacet
  facet normal 0.00326882 0.5836 0.812035
    outer loop
      vertex 40.55 -16.9299 7.19257
      vertex 40.5349 -17.1728 7.3672
      vertex 40.55 -17 7.24295
    endloop
  endfacet
  facet normal -0 0.583737 0.811943
    outer loop
      vertex 0.600009 -16.9299 7.19257
      vertex 40.5349 -17.1728 7.3672
      vertex 40.55 -16.9299 7.19257
    endloop
  endfacet
  facet normal 0 0.583737 0.811943
    outer loop
      vertex 40.5349 -17.1728 7.3672
      vertex 0.600009 -16.9299 7.19257
      vertex 0.610075 -17.1728 7.3672
    endloop
  endfacet
  facet normal -0.00490353 0.583596 0.81203
    outer loop
      vertex 0.610075 -17.1728 7.3672
      vertex 0.600009 -16.9299 7.19257
      vertex 0.600009 -17 7.24295
    endloop
  endfacet
  facet normal 0 0.766052 0.642778
    outer loop
      vertex 0.829949 -18.0487 8.17988
      vertex 0.926994 -18.241 8.40906
      vertex 40.2254 -18.241 8.40906
    endloop
  endfacet
  facet normal -0 0.766052 0.642778
    outer loop
      vertex 0.829949 -18.0487 8.17988
      vertex 40.2254 -18.241 8.40906
      vertex 40.322 -18.0487 8.17988
    endloop
  endfacet
  facet normal 0.00607783 0.767304 0.641255
    outer loop
      vertex 0.926994 -18.241 8.40906
      vertex 0.829949 -18.0487 8.17988
      vertex 0.871249 -18.1444 8.294
    endloop
  endfacet
  facet normal -0.00390529 0.733719 0.679442
    outer loop
      vertex 40.4014 -17.8452 7.96058
      vertex 40.322 -18.0487 8.17988
      vertex 40.3414 -18.01 8.1382
    endloop
  endfacet
  facet normal 0 0.73302 0.680207
    outer loop
      vertex 40.322 -18.0487 8.17988
      vertex 40.4014 -17.8452 7.96058
      vertex 0.829949 -18.0487 8.17988
    endloop
  endfacet
  facet normal 0 0.73302 0.680207
    outer loop
      vertex 0.829949 -18.0487 8.17988
      vertex 40.4014 -17.8452 7.96058
      vertex 0.745735 -17.8452 7.96058
    endloop
  endfacet
  facet normal 0.011378 0.735147 0.677812
    outer loop
      vertex 0.829949 -18.0487 8.17988
      vertex 0.745735 -17.8452 7.96058
      vertex 0.753802 -17.8721 7.98962
    endloop
  endfacet
  facet normal 0.00743022 0.696998 0.717035
    outer loop
      vertex 40.4666 -17.631 7.75169
      vertex 40.4014 -17.8452 7.96058
      vertex 40.4429 -17.7314 7.84953
    endloop
  endfacet
  facet normal 0 0.698177 0.715925
    outer loop
      vertex 40.4666 -17.631 7.75169
      vertex 0.745735 -17.8452 7.96058
      vertex 40.4014 -17.8452 7.96058
    endloop
  endfacet
  facet normal 0 0.698177 0.715925
    outer loop
      vertex 0.745735 -17.8452 7.96058
      vertex 40.4666 -17.631 7.75169
      vertex 0.681613 -17.631 7.75169
    endloop
  endfacet
  facet normal 0 0.853288 0.521439
    outer loop
      vertex 39.9888 -18.5902 8.89472
      vertex 1.29759 -18.7462 9.15
      vertex 39.8579 -18.7462 9.15
    endloop
  endfacet
  facet normal 0 0.853288 0.521439
    outer loop
      vertex 1.29759 -18.7462 9.15
      vertex 39.9888 -18.5902 8.89472
      vertex 1.16015 -18.5902 8.89472
    endloop
  endfacet
  facet normal 0.00777994 0.855121 0.51837
    outer loop
      vertex 1.29759 -18.7462 9.15
      vertex 1.16015 -18.5902 8.89472
      vertex 1.1966 -18.6391 8.97484
    endloop
  endfacet
  facet normal 0 0.623492 0.78183
    outer loop
      vertex 40.5349 -17.1728 7.3672
      vertex 0.636771 -17.4067 7.55373
      vertex 40.5144 -17.4067 7.55373
    endloop
  endfacet
  facet normal -0 0.623492 0.78183
    outer loop
      vertex 0.610075 -17.1728 7.3672
      vertex 0.636771 -17.4067 7.55373
      vertex 40.5349 -17.1728 7.3672
    endloop
  endfacet
  facet normal 0.00122247 0.623577 0.781761
    outer loop
      vertex 0.636771 -17.4067 7.55373
      vertex 0.610075 -17.1728 7.3672
      vertex 0.617252 -17.296 7.46546
    endloop
  endfacet
  facet normal -0.0104857 0.970452 0.241068
    outer loop
      vertex 39.0355 -19.3257 10.525
      vertex 38.8609 -19.3996 10.8149
      vertex 38.8721 -19.3962 10.8017
    endloop
  endfacet
  facet normal 0 0.969011 0.247016
    outer loop
      vertex 38.8609 -19.3996 10.8149
      vertex 39.0355 -19.3257 10.525
      vertex 2.29969 -19.3996 10.8149
    endloop
  endfacet
  facet normal 0 0.969011 0.247016
    outer loop
      vertex 2.29969 -19.3996 10.8149
      vertex 39.0355 -19.3257 10.525
      vertex 2.10874 -19.3257 10.525
    endloop
  endfacet
  facet normal 0.000290691 0.969057 0.246836
    outer loop
      vertex 2.29969 -19.3996 10.8149
      vertex 2.10874 -19.3257 10.525
      vertex 2.14 -19.3414 10.5866
    endloop
  endfacet
  facet normal -0.865972 -0.500092 0
    outer loop
      vertex 40.2788 18.1444 20.99
      vertex 40.1305 18.4012 21.11
      vertex 40.1305 18.4012 20.99
    endloop
  endfacet
  facet normal -0.865972 -0.500092 0
    outer loop
      vertex 40.1305 18.4012 21.11
      vertex 40.2788 18.1444 20.99
      vertex 40.2788 18.1444 21.11
    endloop
  endfacet
  facet normal -0.998316 -0.0580103 0
    outer loop
      vertex 40.55 17 20.99
      vertex 40.5328 17.296 21.11
      vertex 40.5328 17.296 20.99
    endloop
  endfacet
  facet normal -0.998316 -0.0580103 0
    outer loop
      vertex 40.5328 17.296 21.11
      vertex 40.55 17 20.99
      vertex 40.55 17 21.11
    endloop
  endfacet
  facet normal -0.597137 0.802139 0
    outer loop
      vertex 39.6391 -18.9534 20.99
      vertex 39.4012 -19.1305 21.11
      vertex 39.6391 -18.9534 21.11
    endloop
  endfacet
  facet normal -0.597137 0.802139 0
    outer loop
      vertex 39.4012 -19.1305 21.11
      vertex 39.6391 -18.9534 20.99
      vertex 39.4012 -19.1305 20.99
    endloop
  endfacet
  facet normal 0.0580103 -0.998316 0
    outer loop
      vertex -38.296 19.5328 20.99
      vertex -38 19.55 21.11
      vertex -38.296 19.5328 21.11
    endloop
  endfacet
  facet normal 0.0580103 -0.998316 0
    outer loop
      vertex -38 19.55 21.11
      vertex -38.296 19.5328 20.99
      vertex -38 19.55 20.99
    endloop
  endfacet
  facet normal -0.395913 0.918288 0
    outer loop
      vertex 39.1444 -19.2788 20.99
      vertex 38.8721 -19.3962 21.11
      vertex 39.1444 -19.2788 21.11
    endloop
  endfacet
  facet normal -0.395913 0.918288 0
    outer loop
      vertex 38.8721 -19.3962 21.11
      vertex 39.1444 -19.2788 20.99
      vertex 38.8721 -19.3962 20.99
    endloop
  endfacet
  facet normal -0.0870665 -0.996203 0
    outer loop
      vertex 38 19.55 20.99
      vertex 38.4428 19.5113 21.11
      vertex 38 19.55 21.11
    endloop
  endfacet
  facet normal -0.0870665 -0.996203 -0
    outer loop
      vertex 38.4428 19.5113 21.11
      vertex 38 19.55 20.99
      vertex 38.4428 19.5113 20.99
    endloop
  endfacet
  facet normal -0.686237 0.727378 0
    outer loop
      vertex 39.8548 -18.7499 20.99
      vertex 39.6391 -18.9534 21.11
      vertex 39.8548 -18.7499 21.11
    endloop
  endfacet
  facet normal -0.686237 0.727378 0
    outer loop
      vertex 39.6391 -18.9534 21.11
      vertex 39.8548 -18.7499 20.99
      vertex 39.6391 -18.9534 20.99
    endloop
  endfacet
  facet normal -0.939586 0.342312 0
    outer loop
      vertex 40.3414 -18.01 20.99
      vertex 40.4429 -17.7314 21.11
      vertex 40.4429 -17.7314 20.99
    endloop
  endfacet
  facet normal -0.939586 0.342312 0
    outer loop
      vertex 40.4429 -17.7314 21.11
      vertex 40.3414 -18.01 20.99
      vertex 40.3414 -18.01 21.11
    endloop
  endfacet
  facet normal 1 -0 0
    outer loop
      vertex -40.55 -17 21.11
      vertex -40.55 17 20.99
      vertex -40.55 17 21.11
    endloop
  endfacet
  facet normal 1 0 0
    outer loop
      vertex -40.55 17 20.99
      vertex -40.55 -17 21.11
      vertex -40.55 -17 20.99
    endloop
  endfacet
  facet normal -0.957919 -0.287038 0
    outer loop
      vertex 40.4813 17.5881 20.99
      vertex 40.3962 17.8721 21.11
      vertex 40.3962 17.8721 20.99
    endloop
  endfacet
  facet normal -0.957919 -0.287038 0
    outer loop
      vertex 40.3962 17.8721 21.11
      vertex 40.4813 17.5881 20.99
      vertex 40.4813 17.5881 21.11
    endloop
  endfacet
  facet normal -0.802139 -0.597137 0
    outer loop
      vertex 40.1305 18.4012 20.99
      vertex 39.9534 18.6391 21.11
      vertex 39.9534 18.6391 20.99
    endloop
  endfacet
  facet normal -0.802139 -0.597137 0
    outer loop
      vertex 39.9534 18.6391 21.11
      vertex 40.1305 18.4012 20.99
      vertex 40.1305 18.4012 21.11
    endloop
  endfacet
  facet normal 0.765977 -0.642868 0
    outer loop
      vertex -40.0454 18.5228 21.11
      vertex -39.8548 18.7499 20.99
      vertex -39.8548 18.7499 21.11
    endloop
  endfacet
  facet normal 0.765977 -0.642868 0
    outer loop
      vertex -39.8548 18.7499 20.99
      vertex -40.0454 18.5228 21.11
      vertex -40.0454 18.5228 20.99
    endloop
  endfacet
  facet normal 0.173631 -0.984811 0
    outer loop
      vertex -38.5881 19.4813 20.99
      vertex -38.296 19.5328 21.11
      vertex -38.5881 19.4813 21.11
    endloop
  endfacet
  facet normal 0.173631 -0.984811 0
    outer loop
      vertex -38.296 19.5328 21.11
      vertex -38.5881 19.4813 20.99
      vertex -38.296 19.5328 20.99
    endloop
  endfacet
  facet normal -1 0 0
    outer loop
      vertex 40.55 -17 20.99
      vertex 40.55 17 21.11
      vertex 40.55 17 20.99
    endloop
  endfacet
  facet normal -1 -0 0
    outer loop
      vertex 40.55 17 21.11
      vertex 40.55 -17 20.99
      vertex 40.55 -17 21.11
    endloop
  endfacet
  facet normal 0.230618 0.973044 -0
    outer loop
      vertex -38.4428 -19.5113 20.99
      vertex -38.7314 -19.4429 21.11
      vertex -38.4428 -19.5113 21.11
    endloop
  endfacet
  facet normal 0.230618 0.973044 0
    outer loop
      vertex -38.7314 -19.4429 21.11
      vertex -38.4428 -19.5113 20.99
      vertex -38.7314 -19.4429 20.99
    endloop
  endfacet
  facet normal -0.0580103 0.998316 0
    outer loop
      vertex 38.296 -19.5328 20.99
      vertex 38 -19.55 21.11
      vertex 38.296 -19.5328 21.11
    endloop
  endfacet
  facet normal -0.0580103 0.998316 0
    outer loop
      vertex 38 -19.55 21.11
      vertex 38.296 -19.5328 20.99
      vertex 38 -19.55 20.99
    endloop
  endfacet
  facet normal 0.395913 -0.918288 0
    outer loop
      vertex -39.1444 19.2788 20.99
      vertex -38.8721 19.3962 21.11
      vertex -39.1444 19.2788 21.11
    endloop
  endfacet
  facet normal 0.395913 -0.918288 0
    outer loop
      vertex -38.8721 19.3962 21.11
      vertex -39.1444 19.2788 20.99
      vertex -38.8721 19.3962 20.99
    endloop
  endfacet
  facet normal -0.500092 0.865972 0
    outer loop
      vertex 39.4012 -19.1305 20.99
      vertex 39.1444 -19.2788 21.11
      vertex 39.4012 -19.1305 21.11
    endloop
  endfacet
  facet normal -0.500092 0.865972 0
    outer loop
      vertex 39.1444 -19.2788 21.11
      vertex 39.4012 -19.1305 20.99
      vertex 39.1444 -19.2788 20.99
    endloop
  endfacet
  facet normal -0.173631 0.984811 0
    outer loop
      vertex 38.5881 -19.4813 20.99
      vertex 38.296 -19.5328 21.11
      vertex 38.5881 -19.4813 21.11
    endloop
  endfacet
  facet normal -0.173631 0.984811 0
    outer loop
      vertex 38.296 -19.5328 21.11
      vertex 38.5881 -19.4813 20.99
      vertex 38.296 -19.5328 20.99
    endloop
  endfacet
  facet normal -0.642868 -0.765977 0
    outer loop
      vertex 39.5228 19.0454 20.99
      vertex 39.7499 18.8548 21.11
      vertex 39.5228 19.0454 21.11
    endloop
  endfacet
  facet normal -0.642868 -0.765977 -0
    outer loop
      vertex 39.7499 18.8548 21.11
      vertex 39.5228 19.0454 20.99
      vertex 39.7499 18.8548 20.99
    endloop
  endfacet
  facet normal -0.765977 0.642868 0
    outer loop
      vertex 39.8548 -18.7499 20.99
      vertex 40.0454 -18.5228 21.11
      vertex 40.0454 -18.5228 20.99
    endloop
  endfacet
  facet normal -0.765977 0.642868 0
    outer loop
      vertex 40.0454 -18.5228 21.11
      vertex 39.8548 -18.7499 20.99
      vertex 39.8548 -18.7499 21.11
    endloop
  endfacet
  facet normal 0.686237 -0.727378 0
    outer loop
      vertex -39.8548 18.7499 20.99
      vertex -39.6391 18.9534 21.11
      vertex -39.8548 18.7499 21.11
    endloop
  endfacet
  facet normal 0.686237 -0.727378 0
    outer loop
      vertex -39.6391 18.9534 21.11
      vertex -39.8548 18.7499 20.99
      vertex -39.6391 18.9534 20.99
    endloop
  endfacet
  facet normal 0.973044 -0.230618 0
    outer loop
      vertex -40.5113 17.4428 21.11
      vertex -40.4429 17.7314 20.99
      vertex -40.4429 17.7314 21.11
    endloop
  endfacet
  facet normal 0.973044 -0.230618 0
    outer loop
      vertex -40.4429 17.7314 20.99
      vertex -40.5113 17.4428 21.11
      vertex -40.5113 17.4428 20.99
    endloop
  endfacet
  facet normal 0.998316 0.0580103 0
    outer loop
      vertex -40.5328 -17.296 21.11
      vertex -40.55 -17 20.99
      vertex -40.55 -17 21.11
    endloop
  endfacet
  facet normal 0.998316 0.0580103 0
    outer loop
      vertex -40.55 -17 20.99
      vertex -40.5328 -17.296 21.11
      vertex -40.5328 -17.296 20.99
    endloop
  endfacet
  facet normal -0.287038 0.957919 0
    outer loop
      vertex 38.8721 -19.3962 20.99
      vertex 38.5881 -19.4813 21.11
      vertex 38.8721 -19.3962 21.11
    endloop
  endfacet
  facet normal -0.287038 0.957919 0
    outer loop
      vertex 38.5881 -19.4813 21.11
      vertex 38.8721 -19.3962 20.99
      vertex 38.5881 -19.4813 20.99
    endloop
  endfacet
  facet normal -0.893752 0.448562 0
    outer loop
      vertex 40.2084 -18.275 20.99
      vertex 40.3414 -18.01 21.11
      vertex 40.3414 -18.01 20.99
    endloop
  endfacet
  facet normal -0.893752 0.448562 0
    outer loop
      vertex 40.3414 -18.01 21.11
      vertex 40.2084 -18.275 20.99
      vertex 40.2084 -18.275 21.11
    endloop
  endfacet
  facet normal -0.996203 0.0870665 0
    outer loop
      vertex 40.5113 -17.4428 20.99
      vertex 40.55 -17 21.11
      vertex 40.55 -17 20.99
    endloop
  endfacet
  facet normal -0.996203 0.0870665 0
    outer loop
      vertex 40.55 -17 21.11
      vertex 40.5113 -17.4428 20.99
      vertex 40.5113 -17.4428 21.11
    endloop
  endfacet
  facet normal -0.230618 -0.973044 0
    outer loop
      vertex 38.4428 19.5113 20.99
      vertex 38.7314 19.4429 21.11
      vertex 38.4428 19.5113 21.11
    endloop
  endfacet
  facet normal -0.230618 -0.973044 -0
    outer loop
      vertex 38.7314 19.4429 21.11
      vertex 38.4428 19.5113 20.99
      vertex 38.7314 19.4429 20.99
    endloop
  endfacet
  facet normal -0.984811 -0.173631 0
    outer loop
      vertex 40.5328 17.296 20.99
      vertex 40.4813 17.5881 21.11
      vertex 40.4813 17.5881 20.99
    endloop
  endfacet
  facet normal -0.984811 -0.173631 0
    outer loop
      vertex 40.4813 17.5881 21.11
      vertex 40.5328 17.296 20.99
      vertex 40.5328 17.296 21.11
    endloop
  endfacet
  facet normal 0.802139 0.597137 0
    outer loop
      vertex -39.9534 -18.6391 21.11
      vertex -40.1305 -18.4012 20.99
      vertex -40.1305 -18.4012 21.11
    endloop
  endfacet
  facet normal 0.802139 0.597137 0
    outer loop
      vertex -40.1305 -18.4012 20.99
      vertex -39.9534 -18.6391 21.11
      vertex -39.9534 -18.6391 20.99
    endloop
  endfacet
  facet normal -0.549555 -0.835458 0
    outer loop
      vertex 39.275 19.2084 20.99
      vertex 39.5228 19.0454 21.11
      vertex 39.275 19.2084 21.11
    endloop
  endfacet
  facet normal -0.549555 -0.835458 -0
    outer loop
      vertex 39.5228 19.0454 21.11
      vertex 39.275 19.2084 20.99
      vertex 39.5228 19.0454 20.99
    endloop
  endfacet
  facet normal 0.984811 0.173631 0
    outer loop
      vertex -40.4813 -17.5881 21.11
      vertex -40.5328 -17.296 20.99
      vertex -40.5328 -17.296 21.11
    endloop
  endfacet
  facet normal 0.984811 0.173631 0
    outer loop
      vertex -40.5328 -17.296 20.99
      vertex -40.4813 -17.5881 21.11
      vertex -40.4813 -17.5881 20.99
    endloop
  endfacet
  facet normal 0.597137 -0.802139 0
    outer loop
      vertex -39.6391 18.9534 20.99
      vertex -39.4012 19.1305 21.11
      vertex -39.6391 18.9534 21.11
    endloop
  endfacet
  facet normal 0.597137 -0.802139 0
    outer loop
      vertex -39.4012 19.1305 21.11
      vertex -39.6391 18.9534 20.99
      vertex -39.4012 19.1305 20.99
    endloop
  endfacet
  facet normal -0.342312 -0.939586 0
    outer loop
      vertex 38.7314 19.4429 20.99
      vertex 39.01 19.3414 21.11
      vertex 38.7314 19.4429 21.11
    endloop
  endfacet
  facet normal -0.342312 -0.939586 -0
    outer loop
      vertex 39.01 19.3414 21.11
      vertex 38.7314 19.4429 20.99
      vertex 39.01 19.3414 20.99
    endloop
  endfacet
  facet normal 0.342312 0.939586 -0
    outer loop
      vertex -38.7314 -19.4429 20.99
      vertex -39.01 -19.3414 21.11
      vertex -38.7314 -19.4429 21.11
    endloop
  endfacet
  facet normal 0.342312 0.939586 0
    outer loop
      vertex -39.01 -19.3414 21.11
      vertex -38.7314 -19.4429 20.99
      vertex -39.01 -19.3414 20.99
    endloop
  endfacet
  facet normal 0.918288 0.395913 0
    outer loop
      vertex -40.2788 -18.1444 21.11
      vertex -40.3962 -17.8721 20.99
      vertex -40.3962 -17.8721 21.11
    endloop
  endfacet
  facet normal 0.918288 0.395913 0
    outer loop
      vertex -40.3962 -17.8721 20.99
      vertex -40.2788 -18.1444 21.11
      vertex -40.2788 -18.1444 20.99
    endloop
  endfacet
  facet normal -0.448562 -0.893752 0
    outer loop
      vertex 39.01 19.3414 20.99
      vertex 39.275 19.2084 21.11
      vertex 39.01 19.3414 21.11
    endloop
  endfacet
  facet normal -0.448562 -0.893752 -0
    outer loop
      vertex 39.275 19.2084 21.11
      vertex 39.01 19.3414 20.99
      vertex 39.275 19.2084 20.99
    endloop
  endfacet
  facet normal -0.727378 -0.686237 0
    outer loop
      vertex 39.9534 18.6391 20.99
      vertex 39.7499 18.8548 21.11
      vertex 39.7499 18.8548 20.99
    endloop
  endfacet
  facet normal -0.727378 -0.686237 0
    outer loop
      vertex 39.7499 18.8548 21.11
      vertex 39.9534 18.6391 20.99
      vertex 39.9534 18.6391 21.11
    endloop
  endfacet
  facet normal 0.996203 -0.0870665 0
    outer loop
      vertex -40.55 17 21.11
      vertex -40.5113 17.4428 20.99
      vertex -40.5113 17.4428 21.11
    endloop
  endfacet
  facet normal 0.996203 -0.0870665 0
    outer loop
      vertex -40.5113 17.4428 20.99
      vertex -40.55 17 21.11
      vertex -40.55 17 20.99
    endloop
  endfacet
  facet normal 0.835458 -0.549555 0
    outer loop
      vertex -40.2084 18.275 21.11
      vertex -40.0454 18.5228 20.99
      vertex -40.0454 18.5228 21.11
    endloop
  endfacet
  facet normal 0.835458 -0.549555 0
    outer loop
      vertex -40.0454 18.5228 20.99
      vertex -40.2084 18.275 21.11
      vertex -40.2084 18.275 20.99
    endloop
  endfacet
  facet normal -0.835458 0.549555 0
    outer loop
      vertex 40.0454 -18.5228 20.99
      vertex 40.2084 -18.275 21.11
      vertex 40.2084 -18.275 20.99
    endloop
  endfacet
  facet normal -0.835458 0.549555 0
    outer loop
      vertex 40.2084 -18.275 21.11
      vertex 40.0454 -18.5228 20.99
      vertex 40.0454 -18.5228 21.11
    endloop
  endfacet
  facet normal 0.549555 0.835458 -0
    outer loop
      vertex -39.275 -19.2084 20.99
      vertex -39.5228 -19.0454 21.11
      vertex -39.275 -19.2084 21.11
    endloop
  endfacet
  facet normal 0.549555 0.835458 0
    outer loop
      vertex -39.5228 -19.0454 21.11
      vertex -39.275 -19.2084 20.99
      vertex -39.5228 -19.0454 20.99
    endloop
  endfacet
  facet normal 0.500092 -0.865972 0
    outer loop
      vertex -39.4012 19.1305 20.99
      vertex -39.1444 19.2788 21.11
      vertex -39.4012 19.1305 21.11
    endloop
  endfacet
  facet normal 0.500092 -0.865972 0
    outer loop
      vertex -39.1444 19.2788 21.11
      vertex -39.4012 19.1305 20.99
      vertex -39.1444 19.2788 20.99
    endloop
  endfacet
  facet normal 0.727378 0.686237 0
    outer loop
      vertex -39.7499 -18.8548 21.11
      vertex -39.9534 -18.6391 20.99
      vertex -39.9534 -18.6391 21.11
    endloop
  endfacet
  facet normal 0.727378 0.686237 0
    outer loop
      vertex -39.9534 -18.6391 20.99
      vertex -39.7499 -18.8548 21.11
      vertex -39.7499 -18.8548 20.99
    endloop
  endfacet
  facet normal 0.939586 -0.342312 0
    outer loop
      vertex -40.4429 17.7314 21.11
      vertex -40.3414 18.01 20.99
      vertex -40.3414 18.01 21.11
    endloop
  endfacet
  facet normal 0.939586 -0.342312 0
    outer loop
      vertex -40.3414 18.01 20.99
      vertex -40.4429 17.7314 21.11
      vertex -40.4429 17.7314 20.99
    endloop
  endfacet
  facet normal 0.642868 0.765977 -0
    outer loop
      vertex -39.5228 -19.0454 20.99
      vertex -39.7499 -18.8548 21.11
      vertex -39.5228 -19.0454 21.11
    endloop
  endfacet
  facet normal 0.642868 0.765977 0
    outer loop
      vertex -39.7499 -18.8548 21.11
      vertex -39.5228 -19.0454 20.99
      vertex -39.7499 -18.8548 20.99
    endloop
  endfacet
  facet normal 0.893752 -0.448562 0
    outer loop
      vertex -40.3414 18.01 21.11
      vertex -40.2084 18.275 20.99
      vertex -40.2084 18.275 21.11
    endloop
  endfacet
  facet normal 0.893752 -0.448562 0
    outer loop
      vertex -40.2084 18.275 20.99
      vertex -40.3414 18.01 21.11
      vertex -40.3414 18.01 20.99
    endloop
  endfacet
  facet normal 0.287038 -0.957919 0
    outer loop
      vertex -38.8721 19.3962 20.99
      vertex -38.5881 19.4813 21.11
      vertex -38.8721 19.3962 21.11
    endloop
  endfacet
  facet normal 0.287038 -0.957919 0
    outer loop
      vertex -38.5881 19.4813 21.11
      vertex -38.8721 19.3962 20.99
      vertex -38.5881 19.4813 20.99
    endloop
  endfacet
  facet normal -0.918288 -0.395913 0
    outer loop
      vertex 40.3962 17.8721 20.99
      vertex 40.2788 18.1444 21.11
      vertex 40.2788 18.1444 20.99
    endloop
  endfacet
  facet normal -0.918288 -0.395913 0
    outer loop
      vertex 40.2788 18.1444 21.11
      vertex 40.3962 17.8721 20.99
      vertex 40.3962 17.8721 21.11
    endloop
  endfacet
  facet normal 0.865972 0.500092 0
    outer loop
      vertex -40.1305 -18.4012 21.11
      vertex -40.2788 -18.1444 20.99
      vertex -40.2788 -18.1444 21.11
    endloop
  endfacet
  facet normal 0.865972 0.500092 0
    outer loop
      vertex -40.2788 -18.1444 20.99
      vertex -40.1305 -18.4012 21.11
      vertex -40.1305 -18.4012 20.99
    endloop
  endfacet
  facet normal 0.0870665 0.996203 -0
    outer loop
      vertex -38 -19.55 20.99
      vertex -38.4428 -19.5113 21.11
      vertex -38 -19.55 21.11
    endloop
  endfacet
  facet normal 0.0870665 0.996203 0
    outer loop
      vertex -38.4428 -19.5113 21.11
      vertex -38 -19.55 20.99
      vertex -38.4428 -19.5113 20.99
    endloop
  endfacet
  facet normal -0.973044 0.230618 0
    outer loop
      vertex 40.4429 -17.7314 20.99
      vertex 40.5113 -17.4428 21.11
      vertex 40.5113 -17.4428 20.99
    endloop
  endfacet
  facet normal -0.973044 0.230618 0
    outer loop
      vertex 40.5113 -17.4428 21.11
      vertex 40.4429 -17.7314 20.99
      vertex 40.4429 -17.7314 21.11
    endloop
  endfacet
  facet normal 0.448562 0.893752 -0
    outer loop
      vertex -39.01 -19.3414 20.99
      vertex -39.275 -19.2084 21.11
      vertex -39.01 -19.3414 21.11
    endloop
  endfacet
  facet normal 0.448562 0.893752 0
    outer loop
      vertex -39.275 -19.2084 21.11
      vertex -39.01 -19.3414 20.99
      vertex -39.275 -19.2084 20.99
    endloop
  endfacet
  facet normal 0.957919 0.287038 0
    outer loop
      vertex -40.3962 -17.8721 21.11
      vertex -40.4813 -17.5881 20.99
      vertex -40.4813 -17.5881 21.11
    endloop
  endfacet
  facet normal 0.957919 0.287038 0
    outer loop
      vertex -40.4813 -17.5881 20.99
      vertex -40.3962 -17.8721 21.11
      vertex -40.3962 -17.8721 20.99
    endloop
  endfacet
  facet normal 0 0 1
    outer loop
      vertex 40.5328 17.296 20.99
      vertex 40.5327 17.296 20.99
      vertex 40.55 17 20.99
    endloop
  endfacet
  facet normal 0 0 1
    outer loop
      vertex 40.4813 17.5881 20.99
      vertex 40.5327 17.296 20.99
      vertex 40.5328 17.296 20.99
    endloop
  endfacet
  facet normal 0 0 1
    outer loop
      vertex 39.5228 19.0454 20.99
      vertex 39.5227 19.0454 20.99
      vertex 39.7499 18.8548 20.99
    endloop
  endfacet
  facet normal 0 0 1
    outer loop
      vertex 39.275 19.2084 20.99
      vertex 39.5227 19.0454 20.99
      vertex 39.5228 19.0454 20.99
    endloop
  endfacet
  facet normal 0 0 1
    outer loop
      vertex 38.7314 19.4429 20.99
      vertex 38.7313 19.4429 20.99
      vertex 39.01 19.3414 20.99
    endloop
  endfacet
  facet normal 0 0 1
    outer loop
      vertex 38.4428 19.5113 20.99
      vertex 38.7313 19.4429 20.99
      vertex 38.7314 19.4429 20.99
    endloop
  endfacet
  facet normal 0 0 1
    outer loop
      vertex 40.5112 -17.4428 20.99
      vertex 40.5113 -17.4428 20.99
      vertex 40.55 -17 20.99
    endloop
  endfacet
  facet normal -0 0 1
    outer loop
      vertex 40.5112 -17.4428 20.99
      vertex 40.4429 -17.7314 20.99
      vertex 40.5113 -17.4428 20.99
    endloop
  endfacet
  facet normal 0 0 1
    outer loop
      vertex 40.2083 -18.275 20.99
      vertex 40.2084 -18.275 20.99
      vertex 40.3414 -18.01 20.99
    endloop
  endfacet
  facet normal -0 0 1
    outer loop
      vertex 40.2083 -18.275 20.99
      vertex 40.0454 -18.5228 20.99
      vertex 40.2084 -18.275 20.99
    endloop
  endfacet
  facet normal 0 0 1
    outer loop
      vertex -40.2084 18.275 20.99
      vertex -40.2083 18.275 20.99
      vertex -40.0454 18.5228 20.99
    endloop
  endfacet
  facet normal -0 0 1
    outer loop
      vertex -40.2084 18.275 20.99
      vertex -40.3414 18.01 20.99
      vertex -40.2083 18.275 20.99
    endloop
  endfacet
  facet normal 0 0 1
    outer loop
      vertex -40.5113 17.4428 20.99
      vertex -40.5112 17.4428 20.99
      vertex -40.4429 17.7314 20.99
    endloop
  endfacet
  facet normal -0 0 1
    outer loop
      vertex -40.5113 17.4428 20.99
      vertex -40.55 17 20.99
      vertex -40.5112 17.4428 20.99
    endloop
  endfacet
  facet normal 0 0 1
    outer loop
      vertex -38.7313 -19.4429 20.99
      vertex -38.7314 -19.4429 20.99
      vertex -38.4428 -19.5113 20.99
    endloop
  endfacet
  facet normal 0 0 1
    outer loop
      vertex -39.01 -19.3414 20.99
      vertex -38.7314 -19.4429 20.99
      vertex -38.7313 -19.4429 20.99
    endloop
  endfacet
  facet normal 0 0 1
    outer loop
      vertex -39.5227 -19.0454 20.99
      vertex -39.5228 -19.0454 20.99
      vertex -39.275 -19.2084 20.99
    endloop
  endfacet
  facet normal 0 0 1
    outer loop
      vertex -39.7499 -18.8548 20.99
      vertex -39.5228 -19.0454 20.99
      vertex -39.5227 -19.0454 20.99
    endloop
  endfacet
  facet normal 0 0 1
    outer loop
      vertex -40.5327 -17.296 20.99
      vertex -40.5328 -17.296 20.99
      vertex -40.4813 -17.5881 20.99
    endloop
  endfacet
  facet normal 0 0 1
    outer loop
      vertex -40.55 -17 20.99
      vertex -40.5328 -17.296 20.99
      vertex -40.5327 -17.296 20.99
    endloop
  endfacet
  facet normal 0 0 1
    outer loop
      vertex 0.600009 17 20.99
      vertex -0.600009 17 20.99
      vertex 0.600009 -17 20.99
    endloop
  endfacet
  facet normal -0 0 1
    outer loop
      vertex -0.617252 17.296 20.99
      vertex 0.600009 17 20.99
      vertex 0.638751 17.4428 20.99
    endloop
  endfacet
  facet normal -0 0 1
    outer loop
      vertex -0.66875 17.5881 20.99
      vertex 0.638751 17.4428 20.99
      vertex 0.707141 17.7314 20.99
    endloop
  endfacet
  facet normal -0 0 1
    outer loop
      vertex -0.753802 17.8721 20.99
      vertex 0.707141 17.7314 20.99
      vertex 0.808566 18.01 20.99
    endloop
  endfacet
  facet normal -0 0 1
    outer loop
      vertex -0.871249 18.1444 20.99
      vertex 0.808566 18.01 20.99
      vertex 0.941653 18.275 20.99
    endloop
  endfacet
  facet normal -0 0 1
    outer loop
      vertex -1.01952 18.4012 20.99
      vertex 0.941653 18.275 20.99
      vertex 1.1046 18.5228 20.99
    endloop
  endfacet
  facet normal -0 0 1
    outer loop
      vertex -1.1966 18.6391 20.99
      vertex 1.1046 18.5228 20.99
      vertex 1.29521 18.7499 20.99
    endloop
  endfacet
  facet normal -0 0 1
    outer loop
      vertex -1.40009 18.8548 20.99
      vertex 1.29521 18.7499 20.99
      vertex 1.5109 18.9534 20.99
    endloop
  endfacet
  facet normal 0 0 1
    outer loop
      vertex 0.600009 17 20.99
      vertex -0.617252 17.296 20.99
      vertex -0.600009 17 20.99
    endloop
  endfacet
  facet normal 0 0 1
    outer loop
      vertex 0.638751 17.4428 20.99
      vertex -0.66875 17.5881 20.99
      vertex -0.617252 17.296 20.99
    endloop
  endfacet
  facet normal -0 0 1
    outer loop
      vertex -1.62726 19.0454 20.99
      vertex 1.5109 18.9534 20.99
      vertex 1.74877 19.1305 20.99
    endloop
  endfacet
  facet normal 0 0 1
    outer loop
      vertex 0.707141 17.7314 20.99
      vertex -0.753802 17.8721 20.99
      vertex -0.66875 17.5881 20.99
    endloop
  endfacet
  facet normal -0 0 1
    outer loop
      vertex -1.87502 19.2084 20.99
      vertex 1.74877 19.1305 20.99
      vertex 2.00557 19.2788 20.99
    endloop
  endfacet
  facet normal 0 0 1
    outer loop
      vertex 0.808566 18.01 20.99
      vertex -0.871249 18.1444 20.99
      vertex -0.753802 17.8721 20.99
    endloop
  endfacet
  facet normal -0 0 1
    outer loop
      vertex -2.14 19.3414 20.99
      vertex 2.00557 19.2788 20.99
      vertex 2.27787 19.3962 20.99
    endloop
  endfacet
  facet normal 0 0 1
    outer loop
      vertex 0.941653 18.275 20.99
      vertex -1.01952 18.4012 20.99
      vertex -0.871249 18.1444 20.99
    endloop
  endfacet
  facet normal 0 0 1
    outer loop
      vertex 1.1046 18.5228 20.99
      vertex -1.1966 18.6391 20.99
      vertex -1.01952 18.4012 20.99
    endloop
  endfacet
  facet normal -0 0 1
    outer loop
      vertex -2.41866 19.4429 20.99
      vertex 2.27787 19.3962 20.99
      vertex 2.56194 19.4813 20.99
    endloop
  endfacet
  facet normal 0 0 1
    outer loop
      vertex 1.29521 18.7499 20.99
      vertex -1.40009 18.8548 20.99
      vertex -1.1966 18.6391 20.99
    endloop
  endfacet
  facet normal -0 0 1
    outer loop
      vertex -2.7072 19.5113 20.99
      vertex 2.56194 19.4813 20.99
      vertex 2.85398 19.5328 20.99
    endloop
  endfacet
  facet normal 0 0 1
    outer loop
      vertex 1.5109 18.9534 20.99
      vertex -1.62726 19.0454 20.99
      vertex -1.40009 18.8548 20.99
    endloop
  endfacet
  facet normal 0 0 1
    outer loop
      vertex 1.74877 19.1305 20.99
      vertex -1.87502 19.2084 20.99
      vertex -1.62726 19.0454 20.99
    endloop
  endfacet
  facet normal 0 0 1
    outer loop
      vertex 2.00557 19.2788 20.99
      vertex -2.14 19.3414 20.99
      vertex -1.87502 19.2084 20.99
    endloop
  endfacet
  facet normal -0 0 1
    outer loop
      vertex -3.15001 19.55 20.99
      vertex 2.85398 19.5328 20.99
      vertex 3.15001 19.55 20.99
    endloop
  endfacet
  facet normal 0 0 1
    outer loop
      vertex 2.27787 19.3962 20.99
      vertex -2.41866 19.4429 20.99
      vertex -2.14 19.3414 20.99
    endloop
  endfacet
  facet normal 0 0 1
    outer loop
      vertex 2.56194 19.4813 20.99
      vertex -2.7072 19.5113 20.99
      vertex -2.41866 19.4429 20.99
    endloop
  endfacet
  facet normal 0 0 1
    outer loop
      vertex 2.85398 19.5328 20.99
      vertex -3.15001 19.55 20.99
      vertex -2.7072 19.5113 20.99
    endloop
  endfacet
  facet normal 0 0 1
    outer loop
      vertex -0.600009 -17 20.99
      vertex 0.600009 -17 20.99
      vertex -0.600009 17 20.99
    endloop
  endfacet
  facet normal -0 0 1
    outer loop
      vertex -0.600009 -17 20.99
      vertex 0.617252 -17.296 20.99
      vertex 0.600009 -17 20.99
    endloop
  endfacet
  facet normal 0 0 1
    outer loop
      vertex -0.638751 -17.4428 20.99
      vertex 0.617252 -17.296 20.99
      vertex -0.600009 -17 20.99
    endloop
  endfacet
  facet normal 0 0 1
    outer loop
      vertex 0.617252 -17.296 20.99
      vertex -0.638751 -17.4428 20.99
      vertex 0.66875 -17.5881 20.99
    endloop
  endfacet
  facet normal 0 0 1
    outer loop
      vertex -0.707141 -17.7314 20.99
      vertex 0.66875 -17.5881 20.99
      vertex -0.638751 -17.4428 20.99
    endloop
  endfacet
  facet normal 0 0 1
    outer loop
      vertex 0.66875 -17.5881 20.99
      vertex -0.707141 -17.7314 20.99
      vertex 0.753802 -17.8721 20.99
    endloop
  endfacet
  facet normal 0 0 1
    outer loop
      vertex -0.808566 -18.01 20.99
      vertex 0.753802 -17.8721 20.99
      vertex -0.707141 -17.7314 20.99
    endloop
  endfacet
  facet normal 0 0 1
    outer loop
      vertex 0.753802 -17.8721 20.99
      vertex -0.808566 -18.01 20.99
      vertex 0.871249 -18.1444 20.99
    endloop
  endfacet
  facet normal 0 0 1
    outer loop
      vertex -0.941653 -18.275 20.99
      vertex 0.871249 -18.1444 20.99
      vertex -0.808566 -18.01 20.99
    endloop
  endfacet
  facet normal 0 0 1
    outer loop
      vertex 0.871249 -18.1444 20.99
      vertex -0.941653 -18.275 20.99
      vertex 1.01952 -18.4012 20.99
    endloop
  endfacet
  facet normal 0 0 1
    outer loop
      vertex -1.1046 -18.5228 20.99
      vertex 1.01952 -18.4012 20.99
      vertex -0.941653 -18.275 20.99
    endloop
  endfacet
  facet normal 0 0 1
    outer loop
      vertex 1.01952 -18.4012 20.99
      vertex -1.1046 -18.5228 20.99
      vertex 1.1966 -18.6391 20.99
    endloop
  endfacet
  facet normal 0 0 1
    outer loop
      vertex -1.29521 -18.7499 20.99
      vertex 1.1966 -18.6391 20.99
      vertex -1.1046 -18.5228 20.99
    endloop
  endfacet
  facet normal 0 0 1
    outer loop
      vertex 1.1966 -18.6391 20.99
      vertex -1.29521 -18.7499 20.99
      vertex 1.40009 -18.8548 20.99
    endloop
  endfacet
  facet normal 0 0 1
    outer loop
      vertex -1.5109 -18.9534 20.99
      vertex 1.40009 -18.8548 20.99
      vertex -1.29521 -18.7499 20.99
    endloop
  endfacet
  facet normal 0 0 1
    outer loop
      vertex 1.40009 -18.8548 20.99
      vertex -1.5109 -18.9534 20.99
      vertex 1.62726 -19.0454 20.99
    endloop
  endfacet
  facet normal 0 0 1
    outer loop
      vertex -1.74877 -19.1305 20.99
      vertex 1.62726 -19.0454 20.99
      vertex -1.5109 -18.9534 20.99
    endloop
  endfacet
  facet normal 0 0 1
    outer loop
      vertex 1.62726 -19.0454 20.99
      vertex -1.74877 -19.1305 20.99
      vertex 1.87502 -19.2084 20.99
    endloop
  endfacet
  facet normal 0 0 1
    outer loop
      vertex -2.00557 -19.2788 20.99
      vertex 1.87502 -19.2084 20.99
      vertex -1.74877 -19.1305 20.99
    endloop
  endfacet
  facet normal 0 0 1
    outer loop
      vertex 1.87502 -19.2084 20.99
      vertex -2.00557 -19.2788 20.99
      vertex 2.14 -19.3414 20.99
    endloop
  endfacet
  facet normal 0 0 1
    outer loop
      vertex -2.27787 -19.3962 20.99
      vertex 2.14 -19.3414 20.99
      vertex -2.00557 -19.2788 20.99
    endloop
  endfacet
  facet normal 0 0 1
    outer loop
      vertex 2.14 -19.3414 20.99
      vertex -2.27787 -19.3962 20.99
      vertex 2.41866 -19.4429 20.99
    endloop
  endfacet
  facet normal 0 0 1
    outer loop
      vertex -2.56194 -19.4813 20.99
      vertex 2.41866 -19.4429 20.99
      vertex -2.27787 -19.3962 20.99
    endloop
  endfacet
  facet normal 0 0 1
    outer loop
      vertex 2.41866 -19.4429 20.99
      vertex -2.56194 -19.4813 20.99
      vertex 2.7072 -19.5113 20.99
    endloop
  endfacet
  facet normal 0 0 1
    outer loop
      vertex -2.85398 -19.5328 20.99
      vertex 2.7072 -19.5113 20.99
      vertex -2.56194 -19.4813 20.99
    endloop
  endfacet
  facet normal 0 0 1
    outer loop
      vertex 2.7072 -19.5113 20.99
      vertex -2.85398 -19.5328 20.99
      vertex 3.15001 -19.55 20.99
    endloop
  endfacet
  facet normal 0 0 1
    outer loop
      vertex 3.15001 -19.55 20.99
      vertex -2.85398 -19.5328 20.99
      vertex -3.15001 -19.55 20.99
    endloop
  endfacet
  facet normal -0.701418 -0.0407581 -0.711584
    outer loop
      vertex 40.5328 17.296 21.11
      vertex 40.55 17 21.11
      vertex 39.85 17 21.8
    endloop
  endfacet
  facet normal -0.0563994 0.697472 -0.714389
    outer loop
      vertex 38.2968 -18.826 21.8
      vertex 38.296 -19.5328 21.11
      vertex 38 -18.85 21.8
    endloop
  endfacet
  facet normal 0.697472 0.0563994 -0.714389
    outer loop
      vertex -39.85 -17 21.8
      vertex -39.826 -17.2968 21.8
      vertex -40.5328 -17.296 21.11
    endloop
  endfacet
  facet normal 0.702002 0 -0.712175
    outer loop
      vertex -40.55 -17 21.11
      vertex -39.85 17 21.8
      vertex -39.85 -17 21.8
    endloop
  endfacet
  facet normal 0.702002 0 -0.712175
    outer loop
      vertex -39.85 17 21.8
      vertex -40.55 -17 21.11
      vertex -40.55 17 21.11
    endloop
  endfacet
  facet normal -0.697472 -0.0563994 -0.714389
    outer loop
      vertex 40.5328 17.296 21.11
      vertex 39.85 17 21.8
      vertex 39.826 17.2968 21.8
    endloop
  endfacet
  facet normal -0.674125 -0.202 -0.710459
    outer loop
      vertex 40.3962 17.8721 21.11
      vertex 40.4813 17.5881 21.11
      vertex 39.7548 17.5858 21.8
    endloop
  endfacet
  facet normal 0.678684 0.167205 -0.715143
    outer loop
      vertex -39.826 -17.2968 21.8
      vertex -39.7548 -17.5858 21.8
      vertex -40.4813 -17.5881 21.11
    endloop
  endfacet
  facet normal -0.24836 -0.654768 -0.71386
    outer loop
      vertex 39.01 19.3414 21.11
      vertex 38.7931 18.6714 21.8
      vertex 38.5147 18.777 21.8
    endloop
  endfacet
  facet normal 0.701368 -0.0424595 -0.711533
    outer loop
      vertex -39.8365 17.223 21.8
      vertex -39.85 17 21.8
      vertex -40.55 17 21.11
    endloop
  endfacet
  facet normal 0 -0.702002 -0.712175
    outer loop
      vertex -38 18.85 21.8
      vertex 38 19.55 21.11
      vertex 38 18.85 21.8
    endloop
  endfacet
  facet normal -0 -0.702002 -0.712175
    outer loop
      vertex 38 19.55 21.11
      vertex -38 18.85 21.8
      vertex -38 19.55 21.11
    endloop
  endfacet
  facet normal -0.588112 0.386853 -0.71026
    outer loop
      vertex 40.2084 -18.275 21.11
      vertex 40.0454 -18.5228 21.11
      vertex 39.5225 -18.0509 21.8
    endloop
  endfacet
  facet normal -0.60524 0.349574 -0.71518
    outer loop
      vertex 39.6714 -17.7931 21.8
      vertex 40.2084 -18.275 21.11
      vertex 39.5225 -18.0509 21.8
    endloop
  endfacet
  facet normal -0.629187 0.315781 -0.710215
    outer loop
      vertex 40.3414 -18.01 21.11
      vertex 40.2084 -18.275 21.11
      vertex 39.6714 -17.7931 21.8
    endloop
  endfacet
  facet normal -0.702002 0 -0.712175
    outer loop
      vertex 39.85 -17 21.8
      vertex 40.55 17 21.11
      vertex 40.55 -17 21.11
    endloop
  endfacet
  facet normal -0.702002 0 -0.712175
    outer loop
      vertex 40.55 17 21.11
      vertex 39.85 -17 21.8
      vertex 39.85 17 21.8
    endloop
  endfacet
  facet normal -0.277717 0.644143 -0.712708
    outer loop
      vertex 39.1444 -19.2788 21.11
      vertex 38.8721 -19.3962 21.11
      vertex 38.8597 -18.6381 21.8
    endloop
  endfacet
  facet normal 0.442885 0.542375 -0.713921
    outer loop
      vertex -39.2815 -18.3342 21.8
      vertex -39.0509 -18.5225 21.8
      vertex -39.5228 -19.0454 21.11
    endloop
  endfacet
  facet normal -0.678684 -0.167205 -0.715143
    outer loop
      vertex 40.4813 17.5881 21.11
      vertex 39.826 17.2968 21.8
      vertex 39.7548 17.5858 21.8
    endloop
  endfacet
  facet normal 0.274708 -0.644752 -0.713323
    outer loop
      vertex -38.5858 18.7548 21.8
      vertex -38.8597 18.6381 21.8
      vertex -38.8721 19.3962 21.11
    endloop
  endfacet
  facet normal -0.542375 0.442885 -0.713921
    outer loop
      vertex 39.5225 -18.0509 21.8
      vertex 40.0454 -18.5228 21.11
      vertex 39.3342 -18.2815 21.8
    endloop
  endfacet
  facet normal -0.511376 -0.482453 -0.71115
    outer loop
      vertex 39.7499 18.8548 21.11
      vertex 39.9534 18.6391 21.11
      vertex 39.2815 18.3342 21.8
    endloop
  endfacet
  facet normal -0.644143 -0.277717 -0.712708
    outer loop
      vertex 40.2788 18.1444 21.11
      vertex 40.3962 17.8721 21.11
      vertex 39.6381 17.8597 21.8
    endloop
  endfacet
  facet normal -0.644752 -0.274708 -0.713323
    outer loop
      vertex 40.3962 17.8721 21.11
      vertex 39.7548 17.5858 21.8
      vertex 39.6381 17.8597 21.8
    endloop
  endfacet
  facet normal -0.70372 0.061504 -0.70781
    outer loop
      vertex 40.55 -17 21.11
      vertex 40.5113 -17.4428 21.11
      vertex 39.8365 -17.223 21.8
    endloop
  endfacet
  facet normal -0.0424595 -0.701368 -0.711533
    outer loop
      vertex 38 19.55 21.11
      vertex 38.223 18.8365 21.8
      vertex 38 18.85 21.8
    endloop
  endfacet
  facet normal 0.24836 0.654768 -0.71386
    outer loop
      vertex -38.7931 -18.6714 21.8
      vertex -38.5147 -18.777 21.8
      vertex -39.01 -19.3414 21.11
    endloop
  endfacet
  facet normal 0.167205 -0.678684 -0.715143
    outer loop
      vertex -38.2968 18.826 21.8
      vertex -38.5858 18.7548 21.8
      vertex -38.5881 19.4813 21.11
    endloop
  endfacet
  facet normal 0.654768 -0.24836 -0.71386
    outer loop
      vertex -39.6714 17.7931 21.8
      vertex -39.777 17.5147 21.8
      vertex -40.3414 18.01 21.11
    endloop
  endfacet
  facet normal -0.693383 -0.12225 -0.710123
    outer loop
      vertex 40.4813 17.5881 21.11
      vertex 40.5328 17.296 21.11
      vertex 39.826 17.2968 21.8
    endloop
  endfacet
  facet normal -0.167205 0.678684 -0.715143
    outer loop
      vertex 38.5858 -18.7548 21.8
      vertex 38.5881 -19.4813 21.11
      vertex 38.2968 -18.826 21.8
    endloop
  endfacet
  facet normal -0.537761 0.451331 -0.712119
    outer loop
      vertex 40.0454 -18.5228 21.11
      vertex 39.8548 -18.7499 21.11
      vertex 39.3342 -18.2815 21.8
    endloop
  endfacet
  facet normal -0.061504 -0.70372 -0.70781
    outer loop
      vertex 38.4428 19.5113 21.11
      vertex 38.223 18.8365 21.8
      vertex 38 19.55 21.11
    endloop
  endfacet
  facet normal 0 0.702002 -0.712175
    outer loop
      vertex -38 -19.55 21.11
      vertex 38 -18.85 21.8
      vertex 38 -19.55 21.11
    endloop
  endfacet
  facet normal 0 0.702002 -0.712175
    outer loop
      vertex 38 -18.85 21.8
      vertex -38 -19.55 21.11
      vertex -38 -18.85 21.8
    endloop
  endfacet
  facet normal 0.061504 0.70372 -0.70781
    outer loop
      vertex -38.223 -18.8365 21.8
      vertex -38 -19.55 21.11
      vertex -38.4428 -19.5113 21.11
    endloop
  endfacet
  facet normal 0.451331 0.537761 -0.712119
    outer loop
      vertex -39.2815 -18.3342 21.8
      vertex -39.5228 -19.0454 21.11
      vertex -39.7499 -18.8548 21.11
    endloop
  endfacet
  facet normal 0.629187 -0.315781 -0.710215
    outer loop
      vertex -40.2084 18.275 21.11
      vertex -39.6714 17.7931 21.8
      vertex -40.3414 18.01 21.11
    endloop
  endfacet
  facet normal -0.523402 -0.463967 -0.714692
    outer loop
      vertex 39.9534 18.6391 21.11
      vertex 39.479 18.1114 21.8
      vertex 39.2815 18.3342 21.8
    endloop
  endfacet
  facet normal -0.274708 0.644752 -0.713323
    outer loop
      vertex 38.8597 -18.6381 21.8
      vertex 38.8721 -19.3962 21.11
      vertex 38.5858 -18.7548 21.8
    endloop
  endfacet
  facet normal -0.386853 -0.588112 -0.71026
    outer loop
      vertex 39.275 19.2084 21.11
      vertex 39.5228 19.0454 21.11
      vertex 39.0509 18.5225 21.8
    endloop
  endfacet
  facet normal -0.591014 -0.373581 -0.714941
    outer loop
      vertex 40.1305 18.4012 21.11
      vertex 39.6381 17.8597 21.8
      vertex 39.479 18.1114 21.8
    endloop
  endfacet
  facet normal 0.315781 0.629187 -0.710215
    outer loop
      vertex -38.7931 -18.6714 21.8
      vertex -39.01 -19.3414 21.11
      vertex -39.275 -19.2084 21.11
    endloop
  endfacet
  facet normal -0.202 0.674125 -0.710459
    outer loop
      vertex 38.8721 -19.3962 21.11
      vertex 38.5881 -19.4813 21.11
      vertex 38.5858 -18.7548 21.8
    endloop
  endfacet
  facet normal -0.609146 -0.351777 -0.71077
    outer loop
      vertex 40.1305 18.4012 21.11
      vertex 40.2788 18.1444 21.11
      vertex 39.6381 17.8597 21.8
    endloop
  endfacet
  facet normal 0.0424595 0.701368 -0.711533
    outer loop
      vertex -38 -18.85 21.8
      vertex -38 -19.55 21.11
      vertex -38.223 -18.8365 21.8
    endloop
  endfacet
  facet normal -0.139784 -0.685294 -0.714726
    outer loop
      vertex 38.4428 19.5113 21.11
      vertex 38.5147 18.777 21.8
      vertex 38.223 18.8365 21.8
    endloop
  endfacet
  facet normal 0.12225 -0.693383 -0.710123
    outer loop
      vertex -38.296 19.5328 21.11
      vertex -38.2968 18.826 21.8
      vertex -38.5881 19.4813 21.11
    endloop
  endfacet
  facet normal -0.654768 0.24836 -0.71386
    outer loop
      vertex 39.777 -17.5147 21.8
      vertex 40.3414 -18.01 21.11
      vertex 39.6714 -17.7931 21.8
    endloop
  endfacet
  facet normal -0.564883 -0.420516 -0.709981
    outer loop
      vertex 39.9534 18.6391 21.11
      vertex 40.1305 18.4012 21.11
      vertex 39.479 18.1114 21.8
    endloop
  endfacet
  facet normal -0.351777 0.609146 -0.71077
    outer loop
      vertex 39.4012 -19.1305 21.11
      vertex 39.1444 -19.2788 21.11
      vertex 38.8597 -18.6381 21.8
    endloop
  endfacet
  facet normal -0.12225 0.693383 -0.710123
    outer loop
      vertex 38.2968 -18.826 21.8
      vertex 38.5881 -19.4813 21.11
      vertex 38.296 -19.5328 21.11
    endloop
  endfacet
  facet normal 0.674125 0.202 -0.710459
    outer loop
      vertex -39.7548 -17.5858 21.8
      vertex -40.3962 -17.8721 21.11
      vertex -40.4813 -17.5881 21.11
    endloop
  endfacet
  facet normal -0.349574 -0.60524 -0.71518
    outer loop
      vertex 39.275 19.2084 21.11
      vertex 39.0509 18.5225 21.8
      vertex 38.7931 18.6714 21.8
    endloop
  endfacet
  facet normal 0.644752 0.274708 -0.713323
    outer loop
      vertex -39.7548 -17.5858 21.8
      vertex -39.6381 -17.8597 21.8
      vertex -40.3962 -17.8721 21.11
    endloop
  endfacet
  facet normal 0.162137 0.684106 -0.711133
    outer loop
      vertex -38.5147 -18.777 21.8
      vertex -38.4428 -19.5113 21.11
      vertex -38.7314 -19.4429 21.11
    endloop
  endfacet
  facet normal 0.685294 -0.139784 -0.714726
    outer loop
      vertex -39.777 17.5147 21.8
      vertex -39.8365 17.223 21.8
      vertex -40.5113 17.4428 21.11
    endloop
  endfacet
  facet normal 0.644143 0.277717 -0.712708
    outer loop
      vertex -39.6381 -17.8597 21.8
      vertex -40.2788 -18.1444 21.11
      vertex -40.3962 -17.8721 21.11
    endloop
  endfacet
  facet normal 0.60524 -0.349574 -0.71518
    outer loop
      vertex -39.5225 18.0509 21.8
      vertex -39.6714 17.7931 21.8
      vertex -40.2084 18.275 21.11
    endloop
  endfacet
  facet normal -0.162137 -0.684106 -0.711133
    outer loop
      vertex 38.7314 19.4429 21.11
      vertex 38.5147 18.777 21.8
      vertex 38.4428 19.5113 21.11
    endloop
  endfacet
  facet normal -0.701368 0.0424595 -0.711533
    outer loop
      vertex 39.85 -17 21.8
      vertex 40.55 -17 21.11
      vertex 39.8365 -17.223 21.8
    endloop
  endfacet
  facet normal -0.685294 0.139784 -0.714726
    outer loop
      vertex 39.8365 -17.223 21.8
      vertex 40.5113 -17.4428 21.11
      vertex 39.777 -17.5147 21.8
    endloop
  endfacet
  facet normal 0.0563994 -0.697472 -0.714389
    outer loop
      vertex -38.296 19.5328 21.11
      vertex -38 18.85 21.8
      vertex -38.2968 18.826 21.8
    endloop
  endfacet
  facet normal 0.373581 -0.591014 -0.714941
    outer loop
      vertex -38.8597 18.6381 21.8
      vertex -39.1114 18.479 21.8
      vertex -39.4012 19.1305 21.11
    endloop
  endfacet
  facet normal 0.542375 -0.442885 -0.713921
    outer loop
      vertex -39.3342 18.2815 21.8
      vertex -39.5225 18.0509 21.8
      vertex -40.0454 18.5228 21.11
    endloop
  endfacet
  facet normal 0.240329 0.659663 -0.7121
    outer loop
      vertex -38.5147 -18.777 21.8
      vertex -38.7314 -19.4429 21.11
      vertex -39.01 -19.3414 21.11
    endloop
  endfacet
  facet normal 0.511376 0.482453 -0.71115
    outer loop
      vertex -39.2815 -18.3342 21.8
      vertex -39.7499 -18.8548 21.11
      vertex -39.9534 -18.6391 21.11
    endloop
  endfacet
  facet normal -0.315781 -0.629187 -0.710215
    outer loop
      vertex 39.01 19.3414 21.11
      vertex 39.275 19.2084 21.11
      vertex 38.7931 18.6714 21.8
    endloop
  endfacet
  facet normal 0.139784 0.685294 -0.714726
    outer loop
      vertex -38.223 -18.8365 21.8
      vertex -38.4428 -19.5113 21.11
      vertex -38.5147 -18.777 21.8
    endloop
  endfacet
  facet normal -0.442885 -0.542375 -0.713921
    outer loop
      vertex 39.5228 19.0454 21.11
      vertex 39.2815 18.3342 21.8
      vertex 39.0509 18.5225 21.8
    endloop
  endfacet
  facet normal -0.451331 -0.537761 -0.712119
    outer loop
      vertex 39.5228 19.0454 21.11
      vertex 39.7499 18.8548 21.11
      vertex 39.2815 18.3342 21.8
    endloop
  endfacet
  facet normal 0.0407581 -0.701418 -0.711584
    outer loop
      vertex -38 19.55 21.11
      vertex -38 18.85 21.8
      vertex -38.296 19.5328 21.11
    endloop
  endfacet
  facet normal 0.202 -0.674125 -0.710459
    outer loop
      vertex -38.5881 19.4813 21.11
      vertex -38.5858 18.7548 21.8
      vertex -38.8721 19.3962 21.11
    endloop
  endfacet
  facet normal 0.386853 0.588112 -0.71026
    outer loop
      vertex -39.0509 -18.5225 21.8
      vertex -39.275 -19.2084 21.11
      vertex -39.5228 -19.0454 21.11
    endloop
  endfacet
  facet normal 0.349574 0.60524 -0.71518
    outer loop
      vertex -39.0509 -18.5225 21.8
      vertex -38.7931 -18.6714 21.8
      vertex -39.275 -19.2084 21.11
    endloop
  endfacet
  facet normal 0.591014 0.373581 -0.714941
    outer loop
      vertex -39.6381 -17.8597 21.8
      vertex -39.479 -18.1114 21.8
      vertex -40.1305 -18.4012 21.11
    endloop
  endfacet
  facet normal -0.482453 0.511376 -0.71115
    outer loop
      vertex 39.8548 -18.7499 21.11
      vertex 39.6391 -18.9534 21.11
      vertex 39.3342 -18.2815 21.8
    endloop
  endfacet
  facet normal -0.463967 0.523402 -0.714692
    outer loop
      vertex 39.3342 -18.2815 21.8
      vertex 39.6391 -18.9534 21.11
      vertex 39.1114 -18.479 21.8
    endloop
  endfacet
  facet normal -0.0407581 0.701418 -0.711584
    outer loop
      vertex 38 -18.85 21.8
      vertex 38.296 -19.5328 21.11
      vertex 38 -19.55 21.11
    endloop
  endfacet
  facet normal -0.684106 0.162137 -0.711133
    outer loop
      vertex 40.5113 -17.4428 21.11
      vertex 40.4429 -17.7314 21.11
      vertex 39.777 -17.5147 21.8
    endloop
  endfacet
  facet normal -0.659663 0.240329 -0.7121
    outer loop
      vertex 40.4429 -17.7314 21.11
      vertex 40.3414 -18.01 21.11
      vertex 39.777 -17.5147 21.8
    endloop
  endfacet
  facet normal 0.693383 0.12225 -0.710123
    outer loop
      vertex -39.826 -17.2968 21.8
      vertex -40.4813 -17.5881 21.11
      vertex -40.5328 -17.296 21.11
    endloop
  endfacet
  facet normal -0.240329 -0.659663 -0.7121
    outer loop
      vertex 38.7314 19.4429 21.11
      vertex 39.01 19.3414 21.11
      vertex 38.5147 18.777 21.8
    endloop
  endfacet
  facet normal 0.564883 0.420516 -0.709981
    outer loop
      vertex -39.479 -18.1114 21.8
      vertex -39.9534 -18.6391 21.11
      vertex -40.1305 -18.4012 21.11
    endloop
  endfacet
  facet normal 0.523402 0.463967 -0.714692
    outer loop
      vertex -39.479 -18.1114 21.8
      vertex -39.2815 -18.3342 21.8
      vertex -39.9534 -18.6391 21.11
    endloop
  endfacet
  facet normal -0.420516 0.564883 -0.709981
    outer loop
      vertex 39.6391 -18.9534 21.11
      vertex 39.4012 -19.1305 21.11
      vertex 39.1114 -18.479 21.8
    endloop
  endfacet
  facet normal -0.373581 0.591014 -0.714941
    outer loop
      vertex 39.1114 -18.479 21.8
      vertex 39.4012 -19.1305 21.11
      vertex 38.8597 -18.6381 21.8
    endloop
  endfacet
  facet normal 0.420516 -0.564883 -0.709981
    outer loop
      vertex -39.4012 19.1305 21.11
      vertex -39.1114 18.479 21.8
      vertex -39.6391 18.9534 21.11
    endloop
  endfacet
  facet normal 0.701418 0.0407581 -0.711584
    outer loop
      vertex -39.85 -17 21.8
      vertex -40.5328 -17.296 21.11
      vertex -40.55 -17 21.11
    endloop
  endfacet
  facet normal 0.588112 -0.386853 -0.71026
    outer loop
      vertex -40.0454 18.5228 21.11
      vertex -39.5225 18.0509 21.8
      vertex -40.2084 18.275 21.11
    endloop
  endfacet
  facet normal 0.351777 -0.609146 -0.71077
    outer loop
      vertex -39.1444 19.2788 21.11
      vertex -38.8597 18.6381 21.8
      vertex -39.4012 19.1305 21.11
    endloop
  endfacet
  facet normal 0.537761 -0.451331 -0.712119
    outer loop
      vertex -39.8548 18.7499 21.11
      vertex -39.3342 18.2815 21.8
      vertex -40.0454 18.5228 21.11
    endloop
  endfacet
  facet normal 0.277717 -0.644143 -0.712708
    outer loop
      vertex -38.8721 19.3962 21.11
      vertex -38.8597 18.6381 21.8
      vertex -39.1444 19.2788 21.11
    endloop
  endfacet
  facet normal 0.70372 -0.061504 -0.70781
    outer loop
      vertex -40.5113 17.4428 21.11
      vertex -39.8365 17.223 21.8
      vertex -40.55 17 21.11
    endloop
  endfacet
  facet normal 0.482453 -0.511376 -0.71115
    outer loop
      vertex -39.6391 18.9534 21.11
      vertex -39.3342 18.2815 21.8
      vertex -39.8548 18.7499 21.11
    endloop
  endfacet
  facet normal 0.463967 -0.523402 -0.714692
    outer loop
      vertex -39.1114 18.479 21.8
      vertex -39.3342 18.2815 21.8
      vertex -39.6391 18.9534 21.11
    endloop
  endfacet
  facet normal 0.609146 0.351777 -0.71077
    outer loop
      vertex -39.6381 -17.8597 21.8
      vertex -40.1305 -18.4012 21.11
      vertex -40.2788 -18.1444 21.11
    endloop
  endfacet
  facet normal 0.684106 -0.162137 -0.711133
    outer loop
      vertex -40.4429 17.7314 21.11
      vertex -39.777 17.5147 21.8
      vertex -40.5113 17.4428 21.11
    endloop
  endfacet
  facet normal 0.659663 -0.240329 -0.7121
    outer loop
      vertex -40.3414 18.01 21.11
      vertex -39.777 17.5147 21.8
      vertex -40.4429 17.7314 21.11
    endloop
  endfacet
  facet normal 0.865939 -0.500149 0
    outer loop
      vertex -39.6714 17.7931 23.6
      vertex -39.5225 18.0509 21.8
      vertex -39.5225 18.0509 23.6
    endloop
  endfacet
  facet normal 0.865939 -0.500149 0
    outer loop
      vertex -39.5225 18.0509 21.8
      vertex -39.6714 17.7931 23.6
      vertex -39.6714 17.7931 21.8
    endloop
  endfacet
  facet normal -0.534309 0.845289 0
    outer loop
      vertex 39.1114 -18.479 21.8
      vertex 38.8597 -18.6381 23.6
      vertex 39.1114 -18.479 23.6
    endloop
  endfacet
  facet normal -0.534309 0.845289 0
    outer loop
      vertex 38.8597 -18.6381 23.6
      vertex 39.1114 -18.479 21.8
      vertex 38.8597 -18.6381 21.8
    endloop
  endfacet
  facet normal 0 -1 0
    outer loop
      vertex -38 18.85 21.8
      vertex 38 18.85 23.6
      vertex -38 18.85 23.6
    endloop
  endfacet
  facet normal 0 -1 -0
    outer loop
      vertex 38 18.85 23.6
      vertex -38 18.85 21.8
      vertex 38 18.85 21.8
    endloop
  endfacet
  facet normal 1 -0 0
    outer loop
      vertex -39.85 -17 23.6
      vertex -39.85 17 21.8
      vertex -39.85 17 23.6
    endloop
  endfacet
  facet normal 1 0 0
    outer loop
      vertex -39.85 17 21.8
      vertex -39.85 -17 23.6
      vertex -39.85 -17 21.8
    endloop
  endfacet
  facet normal 0.199861 0.979824 -0
    outer loop
      vertex -38.223 -18.8365 21.8
      vertex -38.5147 -18.777 23.6
      vertex -38.223 -18.8365 23.6
    endloop
  endfacet
  facet normal 0.199861 0.979824 0
    outer loop
      vertex -38.5147 -18.777 23.6
      vertex -38.223 -18.8365 21.8
      vertex -38.5147 -18.777 21.8
    endloop
  endfacet
  facet normal -0.934998 0.354654 0
    outer loop
      vertex 39.6714 -17.7931 21.8
      vertex 39.777 -17.5147 23.6
      vertex 39.777 -17.5147 21.8
    endloop
  endfacet
  facet normal -0.934998 0.354654 0
    outer loop
      vertex 39.777 -17.5147 23.6
      vertex 39.6714 -17.7931 21.8
      vertex 39.6714 -17.7931 23.6
    endloop
  endfacet
  facet normal -0.0805995 0.996747 0
    outer loop
      vertex 38.2968 -18.826 21.8
      vertex 38 -18.85 23.6
      vertex 38.2968 -18.826 23.6
    endloop
  endfacet
  facet normal -0.0805995 0.996747 0
    outer loop
      vertex 38 -18.85 23.6
      vertex 38.2968 -18.826 21.8
      vertex 38 -18.85 21.8
    endloop
  endfacet
  facet normal 0 1 -0
    outer loop
      vertex 38 -18.85 21.8
      vertex -38 -18.85 23.6
      vertex 38 -18.85 23.6
    endloop
  endfacet
  facet normal 0 1 0
    outer loop
      vertex -38 -18.85 23.6
      vertex 38 -18.85 21.8
      vertex -38 -18.85 21.8
    endloop
  endfacet
  facet normal 0.663342 -0.748317 0
    outer loop
      vertex -39.3342 18.2815 21.8
      vertex -39.1114 18.479 23.6
      vertex -39.3342 18.2815 23.6
    endloop
  endfacet
  facet normal 0.663342 -0.748317 0
    outer loop
      vertex -39.1114 18.479 23.6
      vertex -39.3342 18.2815 21.8
      vertex -39.1114 18.479 21.8
    endloop
  endfacet
  facet normal 0.934998 -0.354654 0
    outer loop
      vertex -39.777 17.5147 23.6
      vertex -39.6714 17.7931 21.8
      vertex -39.6714 17.7931 23.6
    endloop
  endfacet
  facet normal 0.934998 -0.354654 0
    outer loop
      vertex -39.6714 17.7931 21.8
      vertex -39.777 17.5147 23.6
      vertex -39.777 17.5147 21.8
    endloop
  endfacet
  facet normal -0.970967 -0.239214 0
    outer loop
      vertex 39.826 17.2968 21.8
      vertex 39.7548 17.5858 23.6
      vertex 39.7548 17.5858 21.8
    endloop
  endfacet
  facet normal -0.970967 -0.239214 0
    outer loop
      vertex 39.7548 17.5858 23.6
      vertex 39.826 17.2968 21.8
      vertex 39.826 17.2968 23.6
    endloop
  endfacet
  facet normal 0.534309 -0.845289 0
    outer loop
      vertex -39.1114 18.479 21.8
      vertex -38.8597 18.6381 23.6
      vertex -39.1114 18.479 23.6
    endloop
  endfacet
  facet normal 0.534309 -0.845289 0
    outer loop
      vertex -38.8597 18.6381 23.6
      vertex -39.1114 18.479 21.8
      vertex -38.8597 18.6381 21.8
    endloop
  endfacet
  facet normal -0.199861 -0.979824 0
    outer loop
      vertex 38.223 18.8365 21.8
      vertex 38.5147 18.777 23.6
      vertex 38.223 18.8365 23.6
    endloop
  endfacet
  facet normal -0.199861 -0.979824 -0
    outer loop
      vertex 38.5147 18.777 23.6
      vertex 38.223 18.8365 21.8
      vertex 38.5147 18.777 21.8
    endloop
  endfacet
  facet normal -1 0 0
    outer loop
      vertex 39.85 -17 21.8
      vertex 39.85 17 23.6
      vertex 39.85 17 21.8
    endloop
  endfacet
  facet normal -1 -0 0
    outer loop
      vertex 39.85 17 23.6
      vertex 39.85 -17 21.8
      vertex 39.85 -17 23.6
    endloop
  endfacet
  facet normal 0.970967 0.239214 0
    outer loop
      vertex -39.7548 -17.5858 23.6
      vertex -39.826 -17.2968 21.8
      vertex -39.826 -17.2968 23.6
    endloop
  endfacet
  facet normal 0.970967 0.239214 0
    outer loop
      vertex -39.826 -17.2968 21.8
      vertex -39.7548 -17.5858 23.6
      vertex -39.7548 -17.5858 21.8
    endloop
  endfacet
  facet normal 0.500149 0.865939 -0
    outer loop
      vertex -38.7931 -18.6714 21.8
      vertex -39.0509 -18.5225 23.6
      vertex -38.7931 -18.6714 23.6
    endloop
  endfacet
  facet normal 0.500149 0.865939 0
    outer loop
      vertex -39.0509 -18.5225 23.6
      vertex -38.7931 -18.6714 21.8
      vertex -39.0509 -18.5225 21.8
    endloop
  endfacet
  facet normal 0.774571 -0.632488 0
    outer loop
      vertex -39.5225 18.0509 23.6
      vertex -39.3342 18.2815 21.8
      vertex -39.3342 18.2815 23.6
    endloop
  endfacet
  facet normal 0.774571 -0.632488 0
    outer loop
      vertex -39.3342 18.2815 21.8
      vertex -39.5225 18.0509 23.6
      vertex -39.5225 18.0509 21.8
    endloop
  endfacet
  facet normal -0.919977 -0.391973 0
    outer loop
      vertex 39.7548 17.5858 21.8
      vertex 39.6381 17.8597 23.6
      vertex 39.6381 17.8597 21.8
    endloop
  endfacet
  facet normal -0.919977 -0.391973 0
    outer loop
      vertex 39.6381 17.8597 23.6
      vertex 39.7548 17.5858 21.8
      vertex 39.7548 17.5858 23.6
    endloop
  endfacet
  facet normal -0.663342 0.748317 0
    outer loop
      vertex 39.3342 -18.2815 21.8
      vertex 39.1114 -18.479 23.6
      vertex 39.3342 -18.2815 23.6
    endloop
  endfacet
  facet normal -0.663342 0.748317 0
    outer loop
      vertex 39.1114 -18.479 23.6
      vertex 39.3342 -18.2815 21.8
      vertex 39.1114 -18.479 21.8
    endloop
  endfacet
  facet normal -0.845289 -0.534309 0
    outer loop
      vertex 39.6381 17.8597 21.8
      vertex 39.479 18.1114 23.6
      vertex 39.479 18.1114 21.8
    endloop
  endfacet
  facet normal -0.845289 -0.534309 0
    outer loop
      vertex 39.479 18.1114 23.6
      vertex 39.6381 17.8597 21.8
      vertex 39.6381 17.8597 23.6
    endloop
  endfacet
  facet normal 0.391973 -0.919977 0
    outer loop
      vertex -38.8597 18.6381 21.8
      vertex -38.5858 18.7548 23.6
      vertex -38.8597 18.6381 23.6
    endloop
  endfacet
  facet normal 0.391973 -0.919977 0
    outer loop
      vertex -38.5858 18.7548 23.6
      vertex -38.8597 18.6381 21.8
      vertex -38.5858 18.7548 21.8
    endloop
  endfacet
  facet normal -0.500149 -0.865939 0
    outer loop
      vertex 38.7931 18.6714 21.8
      vertex 39.0509 18.5225 23.6
      vertex 38.7931 18.6714 23.6
    endloop
  endfacet
  facet normal -0.500149 -0.865939 -0
    outer loop
      vertex 39.0509 18.5225 23.6
      vertex 38.7931 18.6714 21.8
      vertex 39.0509 18.5225 21.8
    endloop
  endfacet
  facet normal -0.354654 -0.934998 0
    outer loop
      vertex 38.5147 18.777 21.8
      vertex 38.7931 18.6714 23.6
      vertex 38.5147 18.777 23.6
    endloop
  endfacet
  facet normal -0.354654 -0.934998 -0
    outer loop
      vertex 38.7931 18.6714 23.6
      vertex 38.5147 18.777 21.8
      vertex 38.7931 18.6714 21.8
    endloop
  endfacet
  facet normal 0.845289 0.534309 0
    outer loop
      vertex -39.479 -18.1114 23.6
      vertex -39.6381 -17.8597 21.8
      vertex -39.6381 -17.8597 23.6
    endloop
  endfacet
  facet normal 0.845289 0.534309 0
    outer loop
      vertex -39.6381 -17.8597 21.8
      vertex -39.479 -18.1114 23.6
      vertex -39.479 -18.1114 21.8
    endloop
  endfacet
  facet normal -0.996747 -0.0805995 0
    outer loop
      vertex 39.85 17 21.8
      vertex 39.826 17.2968 23.6
      vertex 39.826 17.2968 21.8
    endloop
  endfacet
  facet normal -0.996747 -0.0805995 0
    outer loop
      vertex 39.826 17.2968 23.6
      vertex 39.85 17 21.8
      vertex 39.85 17 23.6
    endloop
  endfacet
  facet normal 0.239214 -0.970967 0
    outer loop
      vertex -38.5858 18.7548 21.8
      vertex -38.2968 18.826 23.6
      vertex -38.5858 18.7548 23.6
    endloop
  endfacet
  facet normal 0.239214 -0.970967 0
    outer loop
      vertex -38.2968 18.826 23.6
      vertex -38.5858 18.7548 21.8
      vertex -38.2968 18.826 21.8
    endloop
  endfacet
  facet normal -0.748317 -0.663342 0
    outer loop
      vertex 39.479 18.1114 21.8
      vertex 39.2815 18.3342 23.6
      vertex 39.2815 18.3342 21.8
    endloop
  endfacet
  facet normal -0.748317 -0.663342 0
    outer loop
      vertex 39.2815 18.3342 23.6
      vertex 39.479 18.1114 21.8
      vertex 39.479 18.1114 23.6
    endloop
  endfacet
  facet normal 0.0805995 -0.996747 0
    outer loop
      vertex -38.2968 18.826 21.8
      vertex -38 18.85 23.6
      vertex -38.2968 18.826 23.6
    endloop
  endfacet
  facet normal 0.0805995 -0.996747 0
    outer loop
      vertex -38 18.85 23.6
      vertex -38.2968 18.826 21.8
      vertex -38 18.85 21.8
    endloop
  endfacet
  facet normal -0.774571 0.632488 0
    outer loop
      vertex 39.3342 -18.2815 21.8
      vertex 39.5225 -18.0509 23.6
      vertex 39.5225 -18.0509 21.8
    endloop
  endfacet
  facet normal -0.774571 0.632488 0
    outer loop
      vertex 39.5225 -18.0509 23.6
      vertex 39.3342 -18.2815 21.8
      vertex 39.3342 -18.2815 23.6
    endloop
  endfacet
  facet normal -0.865939 0.500149 0
    outer loop
      vertex 39.5225 -18.0509 21.8
      vertex 39.6714 -17.7931 23.6
      vertex 39.6714 -17.7931 21.8
    endloop
  endfacet
  facet normal -0.865939 0.500149 0
    outer loop
      vertex 39.6714 -17.7931 23.6
      vertex 39.5225 -18.0509 21.8
      vertex 39.5225 -18.0509 23.6
    endloop
  endfacet
  facet normal -0.979824 0.199861 0
    outer loop
      vertex 39.777 -17.5147 21.8
      vertex 39.8365 -17.223 23.6
      vertex 39.8365 -17.223 21.8
    endloop
  endfacet
  facet normal -0.979824 0.199861 0
    outer loop
      vertex 39.8365 -17.223 23.6
      vertex 39.777 -17.5147 21.8
      vertex 39.777 -17.5147 23.6
    endloop
  endfacet
  facet normal -0.0604275 -0.998173 0
    outer loop
      vertex 38 18.85 21.8
      vertex 38.223 18.8365 23.6
      vertex 38 18.85 23.6
    endloop
  endfacet
  facet normal -0.0604275 -0.998173 -0
    outer loop
      vertex 38.223 18.8365 23.6
      vertex 38 18.85 21.8
      vertex 38.223 18.8365 21.8
    endloop
  endfacet
  facet normal -0.239214 0.970967 0
    outer loop
      vertex 38.5858 -18.7548 21.8
      vertex 38.2968 -18.826 23.6
      vertex 38.5858 -18.7548 23.6
    endloop
  endfacet
  facet normal -0.239214 0.970967 0
    outer loop
      vertex 38.2968 -18.826 23.6
      vertex 38.5858 -18.7548 21.8
      vertex 38.2968 -18.826 21.8
    endloop
  endfacet
  facet normal -0.391973 0.919977 0
    outer loop
      vertex 38.8597 -18.6381 21.8
      vertex 38.5858 -18.7548 23.6
      vertex 38.8597 -18.6381 23.6
    endloop
  endfacet
  facet normal -0.391973 0.919977 0
    outer loop
      vertex 38.5858 -18.7548 23.6
      vertex 38.8597 -18.6381 21.8
      vertex 38.5858 -18.7548 21.8
    endloop
  endfacet
  facet normal 0.919977 0.391973 0
    outer loop
      vertex -39.6381 -17.8597 23.6
      vertex -39.7548 -17.5858 21.8
      vertex -39.7548 -17.5858 23.6
    endloop
  endfacet
  facet normal 0.919977 0.391973 0
    outer loop
      vertex -39.7548 -17.5858 21.8
      vertex -39.6381 -17.8597 23.6
      vertex -39.6381 -17.8597 21.8
    endloop
  endfacet
  facet normal 0.979824 -0.199861 0
    outer loop
      vertex -39.8365 17.223 23.6
      vertex -39.777 17.5147 21.8
      vertex -39.777 17.5147 23.6
    endloop
  endfacet
  facet normal 0.979824 -0.199861 0
    outer loop
      vertex -39.777 17.5147 21.8
      vertex -39.8365 17.223 23.6
      vertex -39.8365 17.223 21.8
    endloop
  endfacet
  facet normal -0.632488 -0.774571 0
    outer loop
      vertex 39.0509 18.5225 21.8
      vertex 39.2815 18.3342 23.6
      vertex 39.0509 18.5225 23.6
    endloop
  endfacet
  facet normal -0.632488 -0.774571 -0
    outer loop
      vertex 39.2815 18.3342 23.6
      vertex 39.0509 18.5225 21.8
      vertex 39.2815 18.3342 21.8
    endloop
  endfacet
  facet normal 0.996747 0.0805995 0
    outer loop
      vertex -39.826 -17.2968 23.6
      vertex -39.85 -17 21.8
      vertex -39.85 -17 23.6
    endloop
  endfacet
  facet normal 0.996747 0.0805995 0
    outer loop
      vertex -39.85 -17 21.8
      vertex -39.826 -17.2968 23.6
      vertex -39.826 -17.2968 21.8
    endloop
  endfacet
  facet normal 0.0604275 0.998173 -0
    outer loop
      vertex -38 -18.85 21.8
      vertex -38.223 -18.8365 23.6
      vertex -38 -18.85 23.6
    endloop
  endfacet
  facet normal 0.0604275 0.998173 0
    outer loop
      vertex -38.223 -18.8365 23.6
      vertex -38 -18.85 21.8
      vertex -38.223 -18.8365 21.8
    endloop
  endfacet
  facet normal 0.748317 0.663342 0
    outer loop
      vertex -39.2815 -18.3342 23.6
      vertex -39.479 -18.1114 21.8
      vertex -39.479 -18.1114 23.6
    endloop
  endfacet
  facet normal 0.748317 0.663342 0
    outer loop
      vertex -39.479 -18.1114 21.8
      vertex -39.2815 -18.3342 23.6
      vertex -39.2815 -18.3342 21.8
    endloop
  endfacet
  facet normal 0.354654 0.934998 -0
    outer loop
      vertex -38.5147 -18.777 21.8
      vertex -38.7931 -18.6714 23.6
      vertex -38.5147 -18.777 23.6
    endloop
  endfacet
  facet normal 0.354654 0.934998 0
    outer loop
      vertex -38.7931 -18.6714 23.6
      vertex -38.5147 -18.777 21.8
      vertex -38.7931 -18.6714 21.8
    endloop
  endfacet
  facet normal 0.632488 0.774571 -0
    outer loop
      vertex -39.0509 -18.5225 21.8
      vertex -39.2815 -18.3342 23.6
      vertex -39.0509 -18.5225 23.6
    endloop
  endfacet
  facet normal 0.632488 0.774571 0
    outer loop
      vertex -39.2815 -18.3342 23.6
      vertex -39.0509 -18.5225 21.8
      vertex -39.2815 -18.3342 21.8
    endloop
  endfacet
  facet normal -0.998173 0.0604275 0
    outer loop
      vertex 39.8365 -17.223 21.8
      vertex 39.85 -17 23.6
      vertex 39.85 -17 21.8
    endloop
  endfacet
  facet normal -0.998173 0.0604275 0
    outer loop
      vertex 39.85 -17 23.6
      vertex 39.8365 -17.223 21.8
      vertex 39.8365 -17.223 23.6
    endloop
  endfacet
  facet normal 0.998173 -0.0604275 0
    outer loop
      vertex -39.85 17 23.6
      vertex -39.8365 17.223 21.8
      vertex -39.8365 17.223 23.6
    endloop
  endfacet
  facet normal 0.998173 -0.0604275 0
    outer loop
      vertex -39.8365 17.223 21.8
      vertex -39.85 17 23.6
      vertex -39.85 17 21.8
    endloop
  endfacet
  facet normal -0 0.702002 0.712175
    outer loop
      vertex -38 -18.85 23.6
      vertex 38 -19.55 24.29
      vertex 38 -18.85 23.6
    endloop
  endfacet
  facet normal 0 0.702002 0.712175
    outer loop
      vertex 38 -19.55 24.29
      vertex -38 -18.85 23.6
      vertex -38 -19.55 24.29
    endloop
  endfacet
  facet normal 0.342312 0.939586 -0
    outer loop
      vertex -38.7314 -19.4429 24.29
      vertex -39.01 -19.3414 24.3
      vertex -38.7314 -19.4429 24.3
    endloop
  endfacet
  facet normal 0.342312 0.939586 0
    outer loop
      vertex -39.01 -19.3414 24.3
      vertex -38.7314 -19.4429 24.29
      vertex -39.01 -19.3414 24.29
    endloop
  endfacet
  facet normal -0.511376 -0.482453 0.71115
    outer loop
      vertex 39.9534 18.6391 24.29
      vertex 39.7499 18.8548 24.29
      vertex 39.2815 18.3342 23.6
    endloop
  endfacet
  facet normal -0.0580103 0.998316 0
    outer loop
      vertex 38.296 -19.5328 24.29
      vertex 38 -19.55 24.3
      vertex 38.296 -19.5328 24.3
    endloop
  endfacet
  facet normal -0.0580103 0.998316 0
    outer loop
      vertex 38 -19.55 24.3
      vertex 38.296 -19.5328 24.29
      vertex 38 -19.55 24.29
    endloop
  endfacet
  facet normal -0.893752 0.448562 0
    outer loop
      vertex 40.2084 -18.275 24.29
      vertex 40.3414 -18.01 24.3
      vertex 40.3414 -18.01 24.29
    endloop
  endfacet
  facet normal -0.893752 0.448562 0
    outer loop
      vertex 40.3414 -18.01 24.3
      vertex 40.2084 -18.275 24.29
      vertex 40.2084 -18.275 24.3
    endloop
  endfacet
  facet normal -0.591014 -0.373581 0.714941
    outer loop
      vertex 39.6381 17.8597 23.6
      vertex 40.1305 18.4012 24.29
      vertex 39.479 18.1114 23.6
    endloop
  endfacet
  facet normal -0.865972 -0.500092 0
    outer loop
      vertex 40.2788 18.1444 24.29
      vertex 40.1305 18.4012 24.3
      vertex 40.1305 18.4012 24.29
    endloop
  endfacet
  facet normal -0.865972 -0.500092 0
    outer loop
      vertex 40.1305 18.4012 24.3
      vertex 40.2788 18.1444 24.29
      vertex 40.2788 18.1444 24.3
    endloop
  endfacet
  facet normal -0.315781 -0.629187 0.710215
    outer loop
      vertex 39.275 19.2084 24.29
      vertex 39.01 19.3414 24.29
      vertex 38.7931 18.6714 23.6
    endloop
  endfacet
  facet normal 0.0424595 0.701368 0.711533
    outer loop
      vertex -38 -19.55 24.29
      vertex -38 -18.85 23.6
      vertex -38.223 -18.8365 23.6
    endloop
  endfacet
  facet normal -0.061504 -0.70372 0.70781
    outer loop
      vertex 38.223 18.8365 23.6
      vertex 38.4428 19.5113 24.29
      vertex 38 19.55 24.29
    endloop
  endfacet
  facet normal 0.957919 0.287038 0
    outer loop
      vertex -40.3962 -17.8721 24.3
      vertex -40.4813 -17.5881 24.29
      vertex -40.4813 -17.5881 24.3
    endloop
  endfacet
  facet normal 0.957919 0.287038 0
    outer loop
      vertex -40.4813 -17.5881 24.29
      vertex -40.3962 -17.8721 24.3
      vertex -40.3962 -17.8721 24.29
    endloop
  endfacet
  facet normal -0.918288 -0.395913 0
    outer loop
      vertex 40.3962 17.8721 24.29
      vertex 40.2788 18.1444 24.3
      vertex 40.2788 18.1444 24.29
    endloop
  endfacet
  facet normal -0.918288 -0.395913 0
    outer loop
      vertex 40.2788 18.1444 24.3
      vertex 40.3962 17.8721 24.29
      vertex 40.3962 17.8721 24.3
    endloop
  endfacet
  facet normal -0.998316 -0.0580103 0
    outer loop
      vertex 40.55 17 24.29
      vertex 40.5328 17.296 24.3
      vertex 40.5328 17.296 24.29
    endloop
  endfacet
  facet normal -0.998316 -0.0580103 0
    outer loop
      vertex 40.5328 17.296 24.3
      vertex 40.55 17 24.29
      vertex 40.55 17 24.3
    endloop
  endfacet
  facet normal -0.373581 0.591014 0.714941
    outer loop
      vertex 39.4012 -19.1305 24.29
      vertex 39.1114 -18.479 23.6
      vertex 38.8597 -18.6381 23.6
    endloop
  endfacet
  facet normal 0.351777 -0.609146 0.71077
    outer loop
      vertex -38.8597 18.6381 23.6
      vertex -39.1444 19.2788 24.29
      vertex -39.4012 19.1305 24.29
    endloop
  endfacet
  facet normal -0.274708 0.644752 0.713323
    outer loop
      vertex 38.8721 -19.3962 24.29
      vertex 38.8597 -18.6381 23.6
      vertex 38.5858 -18.7548 23.6
    endloop
  endfacet
  facet normal 0.451331 0.537761 0.712119
    outer loop
      vertex -39.5228 -19.0454 24.29
      vertex -39.2815 -18.3342 23.6
      vertex -39.7499 -18.8548 24.29
    endloop
  endfacet
  facet normal 0.0870665 0.996203 -0
    outer loop
      vertex -38 -19.55 24.29
      vertex -38.4428 -19.5113 24.3
      vertex -38 -19.55 24.3
    endloop
  endfacet
  facet normal 0.0870665 0.996203 0
    outer loop
      vertex -38.4428 -19.5113 24.3
      vertex -38 -19.55 24.29
      vertex -38.4428 -19.5113 24.29
    endloop
  endfacet
  facet normal -0.702002 0 0.712175
    outer loop
      vertex 39.85 17 23.6
      vertex 40.55 -17 24.29
      vertex 40.55 17 24.29
    endloop
  endfacet
  facet normal -0.702002 0 0.712175
    outer loop
      vertex 40.55 -17 24.29
      vertex 39.85 17 23.6
      vertex 39.85 -17 23.6
    endloop
  endfacet
  facet normal -0.277717 0.644143 0.712708
    outer loop
      vertex 38.8721 -19.3962 24.29
      vertex 39.1444 -19.2788 24.29
      vertex 38.8597 -18.6381 23.6
    endloop
  endfacet
  facet normal -0.0424595 -0.701368 0.711533
    outer loop
      vertex 38.223 18.8365 23.6
      vertex 38 19.55 24.29
      vertex 38 18.85 23.6
    endloop
  endfacet
  facet normal 0.0407581 -0.701418 0.711584
    outer loop
      vertex -38 18.85 23.6
      vertex -38 19.55 24.29
      vertex -38.296 19.5328 24.29
    endloop
  endfacet
  facet normal 0 -0.702002 0.712175
    outer loop
      vertex -38 19.55 24.29
      vertex 38 18.85 23.6
      vertex 38 19.55 24.29
    endloop
  endfacet
  facet normal 0 -0.702002 0.712175
    outer loop
      vertex 38 18.85 23.6
      vertex -38 19.55 24.29
      vertex -38 18.85 23.6
    endloop
  endfacet
  facet normal -0.597137 0.802139 0
    outer loop
      vertex 39.6391 -18.9534 24.29
      vertex 39.4012 -19.1305 24.3
      vertex 39.6391 -18.9534 24.3
    endloop
  endfacet
  facet normal -0.597137 0.802139 0
    outer loop
      vertex 39.4012 -19.1305 24.3
      vertex 39.6391 -18.9534 24.29
      vertex 39.4012 -19.1305 24.29
    endloop
  endfacet
  facet normal 0.835458 -0.549555 0
    outer loop
      vertex -40.2084 18.275 24.3
      vertex -40.0454 18.5228 24.29
      vertex -40.0454 18.5228 24.3
    endloop
  endfacet
  facet normal 0.835458 -0.549555 0
    outer loop
      vertex -40.0454 18.5228 24.29
      vertex -40.2084 18.275 24.3
      vertex -40.2084 18.275 24.29
    endloop
  endfacet
  facet normal -0.24836 -0.654768 0.71386
    outer loop
      vertex 38.7931 18.6714 23.6
      vertex 39.01 19.3414 24.29
      vertex 38.5147 18.777 23.6
    endloop
  endfacet
  facet normal -0.0563994 0.697472 0.714389
    outer loop
      vertex 38.296 -19.5328 24.29
      vertex 38.2968 -18.826 23.6
      vertex 38 -18.85 23.6
    endloop
  endfacet
  facet normal 0.240329 0.659663 0.7121
    outer loop
      vertex -38.7314 -19.4429 24.29
      vertex -38.5147 -18.777 23.6
      vertex -39.01 -19.3414 24.29
    endloop
  endfacet
  facet normal -0.342312 -0.939586 0
    outer loop
      vertex 38.7314 19.4429 24.29
      vertex 39.01 19.3414 24.3
      vertex 38.7314 19.4429 24.3
    endloop
  endfacet
  facet normal -0.342312 -0.939586 -0
    outer loop
      vertex 39.01 19.3414 24.3
      vertex 38.7314 19.4429 24.29
      vertex 39.01 19.3414 24.29
    endloop
  endfacet
  facet normal 0 -1 0
    outer loop
      vertex -38 19.55 24.29
      vertex 38 19.55 24.3
      vertex -38 19.55 24.3
    endloop
  endfacet
  facet normal 0 -1 -0
    outer loop
      vertex 38 19.55 24.3
      vertex -38 19.55 24.29
      vertex 38 19.55 24.29
    endloop
  endfacet
  facet normal 0.162137 0.684106 0.711133
    outer loop
      vertex -38.4428 -19.5113 24.29
      vertex -38.5147 -18.777 23.6
      vertex -38.7314 -19.4429 24.29
    endloop
  endfacet
  facet normal 0.315781 0.629187 0.710215
    outer loop
      vertex -39.01 -19.3414 24.29
      vertex -38.7931 -18.6714 23.6
      vertex -39.275 -19.2084 24.29
    endloop
  endfacet
  facet normal -0.202 0.674125 0.710459
    outer loop
      vertex 38.5881 -19.4813 24.29
      vertex 38.8721 -19.3962 24.29
      vertex 38.5858 -18.7548 23.6
    endloop
  endfacet
  facet normal -0.173631 0.984811 0
    outer loop
      vertex 38.5881 -19.4813 24.29
      vertex 38.296 -19.5328 24.3
      vertex 38.5881 -19.4813 24.3
    endloop
  endfacet
  facet normal -0.173631 0.984811 0
    outer loop
      vertex 38.296 -19.5328 24.3
      vertex 38.5881 -19.4813 24.29
      vertex 38.296 -19.5328 24.29
    endloop
  endfacet
  facet normal 0.701368 -0.0424595 0.711533
    outer loop
      vertex -39.85 17 23.6
      vertex -39.8365 17.223 23.6
      vertex -40.55 17 24.29
    endloop
  endfacet
  facet normal -0.701418 -0.0407581 0.711584
    outer loop
      vertex 40.55 17 24.29
      vertex 40.5328 17.296 24.29
      vertex 39.85 17 23.6
    endloop
  endfacet
  facet normal -0.139784 -0.685294 0.714726
    outer loop
      vertex 38.5147 18.777 23.6
      vertex 38.4428 19.5113 24.29
      vertex 38.223 18.8365 23.6
    endloop
  endfacet
  facet normal -0.12225 0.693383 0.710123
    outer loop
      vertex 38.5881 -19.4813 24.29
      vertex 38.2968 -18.826 23.6
      vertex 38.296 -19.5328 24.29
    endloop
  endfacet
  facet normal -0.448562 -0.893752 0
    outer loop
      vertex 39.01 19.3414 24.29
      vertex 39.275 19.2084 24.3
      vertex 39.01 19.3414 24.3
    endloop
  endfacet
  facet normal -0.448562 -0.893752 -0
    outer loop
      vertex 39.275 19.2084 24.3
      vertex 39.01 19.3414 24.29
      vertex 39.275 19.2084 24.29
    endloop
  endfacet
  facet normal -0.996203 0.0870665 0
    outer loop
      vertex 40.5113 -17.4428 24.29
      vertex 40.55 -17 24.3
      vertex 40.55 -17 24.29
    endloop
  endfacet
  facet normal -0.996203 0.0870665 0
    outer loop
      vertex 40.55 -17 24.3
      vertex 40.5113 -17.4428 24.29
      vertex 40.5113 -17.4428 24.3
    endloop
  endfacet
  facet normal 0.678684 0.167205 0.715143
    outer loop
      vertex -39.7548 -17.5858 23.6
      vertex -39.826 -17.2968 23.6
      vertex -40.4813 -17.5881 24.29
    endloop
  endfacet
  facet normal 0.597137 -0.802139 0
    outer loop
      vertex -39.6391 18.9534 24.29
      vertex -39.4012 19.1305 24.3
      vertex -39.6391 18.9534 24.3
    endloop
  endfacet
  facet normal 0.597137 -0.802139 0
    outer loop
      vertex -39.4012 19.1305 24.3
      vertex -39.6391 18.9534 24.29
      vertex -39.4012 19.1305 24.29
    endloop
  endfacet
  facet normal 0.702002 0 0.712175
    outer loop
      vertex -40.55 17 24.29
      vertex -39.85 -17 23.6
      vertex -39.85 17 23.6
    endloop
  endfacet
  facet normal 0.702002 0 0.712175
    outer loop
      vertex -39.85 -17 23.6
      vertex -40.55 17 24.29
      vertex -40.55 -17 24.29
    endloop
  endfacet
  facet normal -0.629187 0.315781 0.710215
    outer loop
      vertex 40.2084 -18.275 24.29
      vertex 40.3414 -18.01 24.29
      vertex 39.6714 -17.7931 23.6
    endloop
  endfacet
  facet normal -0.564883 -0.420516 0.709981
    outer loop
      vertex 40.1305 18.4012 24.29
      vertex 39.9534 18.6391 24.29
      vertex 39.479 18.1114 23.6
    endloop
  endfacet
  facet normal 0.765977 -0.642868 0
    outer loop
      vertex -40.0454 18.5228 24.3
      vertex -39.8548 18.7499 24.29
      vertex -39.8548 18.7499 24.3
    endloop
  endfacet
  facet normal 0.765977 -0.642868 0
    outer loop
      vertex -39.8548 18.7499 24.29
      vertex -40.0454 18.5228 24.3
      vertex -40.0454 18.5228 24.29
    endloop
  endfacet
  facet normal 0.24836 0.654768 0.71386
    outer loop
      vertex -38.5147 -18.777 23.6
      vertex -38.7931 -18.6714 23.6
      vertex -39.01 -19.3414 24.29
    endloop
  endfacet
  facet normal 0.139784 0.685294 0.714726
    outer loop
      vertex -38.4428 -19.5113 24.29
      vertex -38.223 -18.8365 23.6
      vertex -38.5147 -18.777 23.6
    endloop
  endfacet
  facet normal -0.0870665 -0.996203 0
    outer loop
      vertex 38 19.55 24.29
      vertex 38.4428 19.5113 24.3
      vertex 38 19.55 24.3
    endloop
  endfacet
  facet normal -0.0870665 -0.996203 -0
    outer loop
      vertex 38.4428 19.5113 24.3
      vertex 38 19.55 24.29
      vertex 38.4428 19.5113 24.29
    endloop
  endfacet
  facet normal 0.230618 0.973044 -0
    outer loop
      vertex -38.4428 -19.5113 24.29
      vertex -38.7314 -19.4429 24.3
      vertex -38.4428 -19.5113 24.3
    endloop
  endfacet
  facet normal 0.230618 0.973044 0
    outer loop
      vertex -38.7314 -19.4429 24.3
      vertex -38.4428 -19.5113 24.29
      vertex -38.7314 -19.4429 24.29
    endloop
  endfacet
  facet normal 0 1 -0
    outer loop
      vertex 38 -19.55 24.29
      vertex -38 -19.55 24.3
      vertex 38 -19.55 24.3
    endloop
  endfacet
  facet normal 0 1 0
    outer loop
      vertex -38 -19.55 24.3
      vertex 38 -19.55 24.29
      vertex -38 -19.55 24.29
    endloop
  endfacet
  facet normal -0.685294 0.139784 0.714726
    outer loop
      vertex 40.5113 -17.4428 24.29
      vertex 39.8365 -17.223 23.6
      vertex 39.777 -17.5147 23.6
    endloop
  endfacet
  facet normal 0.448562 0.893752 -0
    outer loop
      vertex -39.01 -19.3414 24.29
      vertex -39.275 -19.2084 24.3
      vertex -39.01 -19.3414 24.3
    endloop
  endfacet
  facet normal 0.448562 0.893752 0
    outer loop
      vertex -39.275 -19.2084 24.3
      vertex -39.01 -19.3414 24.29
      vertex -39.275 -19.2084 24.29
    endloop
  endfacet
  facet normal 0.918288 0.395913 0
    outer loop
      vertex -40.2788 -18.1444 24.3
      vertex -40.3962 -17.8721 24.29
      vertex -40.3962 -17.8721 24.3
    endloop
  endfacet
  facet normal 0.918288 0.395913 0
    outer loop
      vertex -40.3962 -17.8721 24.29
      vertex -40.2788 -18.1444 24.3
      vertex -40.2788 -18.1444 24.29
    endloop
  endfacet
  facet normal -0.0407581 0.701418 0.711584
    outer loop
      vertex 38.296 -19.5328 24.29
      vertex 38 -18.85 23.6
      vertex 38 -19.55 24.29
    endloop
  endfacet
  facet normal -0.654768 0.24836 0.71386
    outer loop
      vertex 40.3414 -18.01 24.29
      vertex 39.777 -17.5147 23.6
      vertex 39.6714 -17.7931 23.6
    endloop
  endfacet
  facet normal 0.549555 0.835458 -0
    outer loop
      vertex -39.275 -19.2084 24.29
      vertex -39.5228 -19.0454 24.3
      vertex -39.275 -19.2084 24.3
    endloop
  endfacet
  facet normal 0.549555 0.835458 0
    outer loop
      vertex -39.5228 -19.0454 24.3
      vertex -39.275 -19.2084 24.29
      vertex -39.5228 -19.0454 24.29
    endloop
  endfacet
  facet normal -0.549555 -0.835458 0
    outer loop
      vertex 39.275 19.2084 24.29
      vertex 39.5228 19.0454 24.3
      vertex 39.275 19.2084 24.3
    endloop
  endfacet
  facet normal -0.549555 -0.835458 -0
    outer loop
      vertex 39.5228 19.0454 24.3
      vertex 39.275 19.2084 24.29
      vertex 39.5228 19.0454 24.29
    endloop
  endfacet
  facet normal 0.420516 -0.564883 0.709981
    outer loop
      vertex -39.1114 18.479 23.6
      vertex -39.4012 19.1305 24.29
      vertex -39.6391 18.9534 24.29
    endloop
  endfacet
  facet normal -0.167205 0.678684 0.715143
    outer loop
      vertex 38.5881 -19.4813 24.29
      vertex 38.5858 -18.7548 23.6
      vertex 38.2968 -18.826 23.6
    endloop
  endfacet
  facet normal 0.202 -0.674125 0.710459
    outer loop
      vertex -38.5858 18.7548 23.6
      vertex -38.5881 19.4813 24.29
      vertex -38.8721 19.3962 24.29
    endloop
  endfacet
  facet normal 0.697472 0.0563994 0.714389
    outer loop
      vertex -39.826 -17.2968 23.6
      vertex -39.85 -17 23.6
      vertex -40.5328 -17.296 24.29
    endloop
  endfacet
  facet normal -0.957919 -0.287038 0
    outer loop
      vertex 40.4813 17.5881 24.29
      vertex 40.3962 17.8721 24.3
      vertex 40.3962 17.8721 24.29
    endloop
  endfacet
  facet normal -0.957919 -0.287038 0
    outer loop
      vertex 40.3962 17.8721 24.3
      vertex 40.4813 17.5881 24.29
      vertex 40.4813 17.5881 24.3
    endloop
  endfacet
  facet normal -0.240329 -0.659663 0.7121
    outer loop
      vertex 39.01 19.3414 24.29
      vertex 38.7314 19.4429 24.29
      vertex 38.5147 18.777 23.6
    endloop
  endfacet
  facet normal -0.162137 -0.684106 0.711133
    outer loop
      vertex 38.5147 18.777 23.6
      vertex 38.7314 19.4429 24.29
      vertex 38.4428 19.5113 24.29
    endloop
  endfacet
  facet normal 0.973044 -0.230618 0
    outer loop
      vertex -40.5113 17.4428 24.3
      vertex -40.4429 17.7314 24.29
      vertex -40.4429 17.7314 24.3
    endloop
  endfacet
  facet normal 0.973044 -0.230618 0
    outer loop
      vertex -40.4429 17.7314 24.29
      vertex -40.5113 17.4428 24.3
      vertex -40.5113 17.4428 24.29
    endloop
  endfacet
  facet normal 0.0580103 -0.998316 0
    outer loop
      vertex -38.296 19.5328 24.29
      vertex -38 19.55 24.3
      vertex -38.296 19.5328 24.3
    endloop
  endfacet
  facet normal 0.0580103 -0.998316 0
    outer loop
      vertex -38 19.55 24.3
      vertex -38.296 19.5328 24.29
      vertex -38 19.55 24.29
    endloop
  endfacet
  facet normal -0.395913 0.918288 0
    outer loop
      vertex 39.1444 -19.2788 24.29
      vertex 38.8721 -19.3962 24.3
      vertex 39.1444 -19.2788 24.3
    endloop
  endfacet
  facet normal -0.395913 0.918288 0
    outer loop
      vertex 38.8721 -19.3962 24.3
      vertex 39.1444 -19.2788 24.29
      vertex 38.8721 -19.3962 24.29
    endloop
  endfacet
  facet normal 0.173631 -0.984811 0
    outer loop
      vertex -38.5881 19.4813 24.29
      vertex -38.296 19.5328 24.3
      vertex -38.5881 19.4813 24.3
    endloop
  endfacet
  facet normal 0.173631 -0.984811 0
    outer loop
      vertex -38.296 19.5328 24.3
      vertex -38.5881 19.4813 24.29
      vertex -38.296 19.5328 24.29
    endloop
  endfacet
  facet normal -0.973044 0.230618 0
    outer loop
      vertex 40.4429 -17.7314 24.29
      vertex 40.5113 -17.4428 24.3
      vertex 40.5113 -17.4428 24.29
    endloop
  endfacet
  facet normal -0.973044 0.230618 0
    outer loop
      vertex 40.5113 -17.4428 24.3
      vertex 40.4429 -17.7314 24.29
      vertex 40.4429 -17.7314 24.3
    endloop
  endfacet
  facet normal 0.0563994 -0.697472 0.714389
    outer loop
      vertex -38 18.85 23.6
      vertex -38.296 19.5328 24.29
      vertex -38.2968 18.826 23.6
    endloop
  endfacet
  facet normal 0.70372 -0.061504 0.70781
    outer loop
      vertex -39.8365 17.223 23.6
      vertex -40.5113 17.4428 24.29
      vertex -40.55 17 24.29
    endloop
  endfacet
  facet normal -0.230618 -0.973044 0
    outer loop
      vertex 38.4428 19.5113 24.29
      vertex 38.7314 19.4429 24.3
      vertex 38.4428 19.5113 24.3
    endloop
  endfacet
  facet normal -0.230618 -0.973044 -0
    outer loop
      vertex 38.7314 19.4429 24.3
      vertex 38.4428 19.5113 24.29
      vertex 38.7314 19.4429 24.29
    endloop
  endfacet
  facet normal 0.686237 -0.727378 0
    outer loop
      vertex -39.8548 18.7499 24.29
      vertex -39.6391 18.9534 24.3
      vertex -39.8548 18.7499 24.3
    endloop
  endfacet
  facet normal 0.686237 -0.727378 0
    outer loop
      vertex -39.6391 18.9534 24.3
      vertex -39.8548 18.7499 24.29
      vertex -39.6391 18.9534 24.29
    endloop
  endfacet
  facet normal 0.511376 0.482453 0.71115
    outer loop
      vertex -39.7499 -18.8548 24.29
      vertex -39.2815 -18.3342 23.6
      vertex -39.9534 -18.6391 24.29
    endloop
  endfacet
  facet normal 0.287038 -0.957919 0
    outer loop
      vertex -38.8721 19.3962 24.29
      vertex -38.5881 19.4813 24.3
      vertex -38.8721 19.3962 24.3
    endloop
  endfacet
  facet normal 0.287038 -0.957919 0
    outer loop
      vertex -38.5881 19.4813 24.3
      vertex -38.8721 19.3962 24.29
      vertex -38.5881 19.4813 24.29
    endloop
  endfacet
  facet normal -0.835458 0.549555 0
    outer loop
      vertex 40.0454 -18.5228 24.29
      vertex 40.2084 -18.275 24.3
      vertex 40.2084 -18.275 24.29
    endloop
  endfacet
  facet normal -0.835458 0.549555 0
    outer loop
      vertex 40.2084 -18.275 24.3
      vertex 40.0454 -18.5228 24.29
      vertex 40.0454 -18.5228 24.3
    endloop
  endfacet
  facet normal 0.996203 -0.0870665 0
    outer loop
      vertex -40.55 17 24.3
      vertex -40.5113 17.4428 24.29
      vertex -40.5113 17.4428 24.3
    endloop
  endfacet
  facet normal 0.996203 -0.0870665 0
    outer loop
      vertex -40.5113 17.4428 24.29
      vertex -40.55 17 24.3
      vertex -40.55 17 24.29
    endloop
  endfacet
  facet normal 0.061504 0.70372 0.70781
    outer loop
      vertex -38 -19.55 24.29
      vertex -38.223 -18.8365 23.6
      vertex -38.4428 -19.5113 24.29
    endloop
  endfacet
  facet normal 0.523402 0.463967 0.714692
    outer loop
      vertex -39.2815 -18.3342 23.6
      vertex -39.479 -18.1114 23.6
      vertex -39.9534 -18.6391 24.29
    endloop
  endfacet
  facet normal 0.463967 -0.523402 0.714692
    outer loop
      vertex -39.3342 18.2815 23.6
      vertex -39.1114 18.479 23.6
      vertex -39.6391 18.9534 24.29
    endloop
  endfacet
  facet normal -0.442885 -0.542375 0.713921
    outer loop
      vertex 39.2815 18.3342 23.6
      vertex 39.5228 19.0454 24.29
      vertex 39.0509 18.5225 23.6
    endloop
  endfacet
  facet normal -0.463967 0.523402 0.714692
    outer loop
      vertex 39.6391 -18.9534 24.29
      vertex 39.3342 -18.2815 23.6
      vertex 39.1114 -18.479 23.6
    endloop
  endfacet
  facet normal -0.984811 -0.173631 0
    outer loop
      vertex 40.5328 17.296 24.29
      vertex 40.4813 17.5881 24.3
      vertex 40.4813 17.5881 24.29
    endloop
  endfacet
  facet normal -0.984811 -0.173631 0
    outer loop
      vertex 40.4813 17.5881 24.3
      vertex 40.5328 17.296 24.29
      vertex 40.5328 17.296 24.3
    endloop
  endfacet
  facet normal -0.523402 -0.463967 0.714692
    outer loop
      vertex 39.479 18.1114 23.6
      vertex 39.9534 18.6391 24.29
      vertex 39.2815 18.3342 23.6
    endloop
  endfacet
  facet normal -0.537761 0.451331 0.712119
    outer loop
      vertex 39.8548 -18.7499 24.29
      vertex 40.0454 -18.5228 24.29
      vertex 39.3342 -18.2815 23.6
    endloop
  endfacet
  facet normal -0.701368 0.0424595 0.711533
    outer loop
      vertex 40.55 -17 24.29
      vertex 39.85 -17 23.6
      vertex 39.8365 -17.223 23.6
    endloop
  endfacet
  facet normal 0.893752 -0.448562 0
    outer loop
      vertex -40.3414 18.01 24.3
      vertex -40.2084 18.275 24.29
      vertex -40.2084 18.275 24.3
    endloop
  endfacet
  facet normal 0.893752 -0.448562 0
    outer loop
      vertex -40.2084 18.275 24.29
      vertex -40.3414 18.01 24.3
      vertex -40.3414 18.01 24.29
    endloop
  endfacet
  facet normal 0.609146 0.351777 0.71077
    outer loop
      vertex -40.1305 -18.4012 24.29
      vertex -39.6381 -17.8597 23.6
      vertex -40.2788 -18.1444 24.29
    endloop
  endfacet
  facet normal -0.386853 -0.588112 0.71026
    outer loop
      vertex 39.5228 19.0454 24.29
      vertex 39.275 19.2084 24.29
      vertex 39.0509 18.5225 23.6
    endloop
  endfacet
  facet normal -0.451331 -0.537761 0.712119
    outer loop
      vertex 39.7499 18.8548 24.29
      vertex 39.5228 19.0454 24.29
      vertex 39.2815 18.3342 23.6
    endloop
  endfacet
  facet normal -0.482453 0.511376 0.71115
    outer loop
      vertex 39.6391 -18.9534 24.29
      vertex 39.8548 -18.7499 24.29
      vertex 39.3342 -18.2815 23.6
    endloop
  endfacet
  facet normal -0.642868 -0.765977 0
    outer loop
      vertex 39.5228 19.0454 24.29
      vertex 39.7499 18.8548 24.3
      vertex 39.5228 19.0454 24.3
    endloop
  endfacet
  facet normal -0.642868 -0.765977 -0
    outer loop
      vertex 39.7499 18.8548 24.3
      vertex 39.5228 19.0454 24.29
      vertex 39.7499 18.8548 24.29
    endloop
  endfacet
  facet normal 0.500092 -0.865972 0
    outer loop
      vertex -39.4012 19.1305 24.29
      vertex -39.1444 19.2788 24.3
      vertex -39.4012 19.1305 24.3
    endloop
  endfacet
  facet normal 0.500092 -0.865972 0
    outer loop
      vertex -39.1444 19.2788 24.3
      vertex -39.4012 19.1305 24.29
      vertex -39.1444 19.2788 24.29
    endloop
  endfacet
  facet normal 0.12225 -0.693383 0.710123
    outer loop
      vertex -38.2968 18.826 23.6
      vertex -38.296 19.5328 24.29
      vertex -38.5881 19.4813 24.29
    endloop
  endfacet
  facet normal 0.373581 -0.591014 0.714941
    outer loop
      vertex -39.1114 18.479 23.6
      vertex -38.8597 18.6381 23.6
      vertex -39.4012 19.1305 24.29
    endloop
  endfacet
  facet normal 0.564883 0.420516 0.709981
    outer loop
      vertex -39.9534 -18.6391 24.29
      vertex -39.479 -18.1114 23.6
      vertex -40.1305 -18.4012 24.29
    endloop
  endfacet
  facet normal -0.420516 0.564883 0.709981
    outer loop
      vertex 39.4012 -19.1305 24.29
      vertex 39.6391 -18.9534 24.29
      vertex 39.1114 -18.479 23.6
    endloop
  endfacet
  facet normal 0.684106 -0.162137 0.711133
    outer loop
      vertex -39.777 17.5147 23.6
      vertex -40.4429 17.7314 24.29
      vertex -40.5113 17.4428 24.29
    endloop
  endfacet
  facet normal 0.701418 0.0407581 0.711584
    outer loop
      vertex -40.5328 -17.296 24.29
      vertex -39.85 -17 23.6
      vertex -40.55 -17 24.29
    endloop
  endfacet
  facet normal -0.686237 0.727378 0
    outer loop
      vertex 39.8548 -18.7499 24.29
      vertex 39.6391 -18.9534 24.3
      vertex 39.8548 -18.7499 24.3
    endloop
  endfacet
  facet normal -0.686237 0.727378 0
    outer loop
      vertex 39.6391 -18.9534 24.3
      vertex 39.8548 -18.7499 24.29
      vertex 39.6391 -18.9534 24.29
    endloop
  endfacet
  facet normal 0.349574 0.60524 0.71518
    outer loop
      vertex -38.7931 -18.6714 23.6
      vertex -39.0509 -18.5225 23.6
      vertex -39.275 -19.2084 24.29
    endloop
  endfacet
  facet normal 0.629187 -0.315781 0.710215
    outer loop
      vertex -39.6714 17.7931 23.6
      vertex -40.2084 18.275 24.29
      vertex -40.3414 18.01 24.29
    endloop
  endfacet
  facet normal -1 0 0
    outer loop
      vertex 40.55 -17 24.29
      vertex 40.55 17 24.3
      vertex 40.55 17 24.29
    endloop
  endfacet
  facet normal -1 -0 0
    outer loop
      vertex 40.55 17 24.3
      vertex 40.55 -17 24.29
      vertex 40.55 -17 24.3
    endloop
  endfacet
  facet normal 0.659663 -0.240329 0.7121
    outer loop
      vertex -39.777 17.5147 23.6
      vertex -40.3414 18.01 24.29
      vertex -40.4429 17.7314 24.29
    endloop
  endfacet
  facet normal 0.588112 -0.386853 0.71026
    outer loop
      vertex -39.5225 18.0509 23.6
      vertex -40.0454 18.5228 24.29
      vertex -40.2084 18.275 24.29
    endloop
  endfacet
  facet normal -0.697472 -0.0563994 0.714389
    outer loop
      vertex 39.85 17 23.6
      vertex 40.5328 17.296 24.29
      vertex 39.826 17.2968 23.6
    endloop
  endfacet
  facet normal -0.674125 -0.202 0.710459
    outer loop
      vertex 40.4813 17.5881 24.29
      vertex 40.3962 17.8721 24.29
      vertex 39.7548 17.5858 23.6
    endloop
  endfacet
  facet normal -0.349574 -0.60524 0.71518
    outer loop
      vertex 39.0509 18.5225 23.6
      vertex 39.275 19.2084 24.29
      vertex 38.7931 18.6714 23.6
    endloop
  endfacet
  facet normal 0.591014 0.373581 0.714941
    outer loop
      vertex -39.479 -18.1114 23.6
      vertex -39.6381 -17.8597 23.6
      vertex -40.1305 -18.4012 24.29
    endloop
  endfacet
  facet normal 0.644752 0.274708 0.713323
    outer loop
      vertex -39.6381 -17.8597 23.6
      vertex -39.7548 -17.5858 23.6
      vertex -40.3962 -17.8721 24.29
    endloop
  endfacet
  facet normal 0.274708 -0.644752 0.713323
    outer loop
      vertex -38.8597 18.6381 23.6
      vertex -38.5858 18.7548 23.6
      vertex -38.8721 19.3962 24.29
    endloop
  endfacet
  facet normal 0.537761 -0.451331 0.712119
    outer loop
      vertex -39.3342 18.2815 23.6
      vertex -39.8548 18.7499 24.29
      vertex -40.0454 18.5228 24.29
    endloop
  endfacet
  facet normal -0.802139 -0.597137 0
    outer loop
      vertex 40.1305 18.4012 24.29
      vertex 39.9534 18.6391 24.3
      vertex 39.9534 18.6391 24.29
    endloop
  endfacet
  facet normal -0.802139 -0.597137 0
    outer loop
      vertex 39.9534 18.6391 24.3
      vertex 40.1305 18.4012 24.29
      vertex 40.1305 18.4012 24.3
    endloop
  endfacet
  facet normal 0.998316 0.0580103 0
    outer loop
      vertex -40.5328 -17.296 24.3
      vertex -40.55 -17 24.29
      vertex -40.55 -17 24.3
    endloop
  endfacet
  facet normal 0.998316 0.0580103 0
    outer loop
      vertex -40.55 -17 24.29
      vertex -40.5328 -17.296 24.3
      vertex -40.5328 -17.296 24.29
    endloop
  endfacet
  facet normal -0.727378 -0.686237 0
    outer loop
      vertex 39.9534 18.6391 24.29
      vertex 39.7499 18.8548 24.3
      vertex 39.7499 18.8548 24.29
    endloop
  endfacet
  facet normal -0.727378 -0.686237 0
    outer loop
      vertex 39.7499 18.8548 24.3
      vertex 39.9534 18.6391 24.29
      vertex 39.9534 18.6391 24.3
    endloop
  endfacet
  facet normal 0.642868 0.765977 -0
    outer loop
      vertex -39.5228 -19.0454 24.29
      vertex -39.7499 -18.8548 24.3
      vertex -39.5228 -19.0454 24.3
    endloop
  endfacet
  facet normal 0.642868 0.765977 0
    outer loop
      vertex -39.7499 -18.8548 24.3
      vertex -39.5228 -19.0454 24.29
      vertex -39.7499 -18.8548 24.29
    endloop
  endfacet
  facet normal 0.693383 0.12225 0.710123
    outer loop
      vertex -40.4813 -17.5881 24.29
      vertex -39.826 -17.2968 23.6
      vertex -40.5328 -17.296 24.29
    endloop
  endfacet
  facet normal 0.654768 -0.24836 0.71386
    outer loop
      vertex -39.777 17.5147 23.6
      vertex -39.6714 17.7931 23.6
      vertex -40.3414 18.01 24.29
    endloop
  endfacet
  facet normal 0.644143 0.277717 0.712708
    outer loop
      vertex -40.2788 -18.1444 24.29
      vertex -39.6381 -17.8597 23.6
      vertex -40.3962 -17.8721 24.29
    endloop
  endfacet
  facet normal -0.939586 0.342312 0
    outer loop
      vertex 40.3414 -18.01 24.29
      vertex 40.4429 -17.7314 24.3
      vertex 40.4429 -17.7314 24.29
    endloop
  endfacet
  facet normal -0.939586 0.342312 0
    outer loop
      vertex 40.4429 -17.7314 24.3
      vertex 40.3414 -18.01 24.29
      vertex 40.3414 -18.01 24.3
    endloop
  endfacet
  facet normal 0.865972 0.500092 0
    outer loop
      vertex -40.1305 -18.4012 24.3
      vertex -40.2788 -18.1444 24.29
      vertex -40.2788 -18.1444 24.3
    endloop
  endfacet
  facet normal 0.865972 0.500092 0
    outer loop
      vertex -40.2788 -18.1444 24.29
      vertex -40.1305 -18.4012 24.3
      vertex -40.1305 -18.4012 24.29
    endloop
  endfacet
  facet normal 1 -0 0
    outer loop
      vertex -40.55 -17 24.3
      vertex -40.55 17 24.29
      vertex -40.55 17 24.3
    endloop
  endfacet
  facet normal 1 0 0
    outer loop
      vertex -40.55 17 24.29
      vertex -40.55 -17 24.3
      vertex -40.55 -17 24.29
    endloop
  endfacet
  facet normal 0.482453 -0.511376 0.71115
    outer loop
      vertex -39.3342 18.2815 23.6
      vertex -39.6391 18.9534 24.29
      vertex -39.8548 18.7499 24.29
    endloop
  endfacet
  facet normal -0.644752 -0.274708 0.713323
    outer loop
      vertex 39.7548 17.5858 23.6
      vertex 40.3962 17.8721 24.29
      vertex 39.6381 17.8597 23.6
    endloop
  endfacet
  facet normal 0.60524 -0.349574 0.71518
    outer loop
      vertex -39.6714 17.7931 23.6
      vertex -39.5225 18.0509 23.6
      vertex -40.2084 18.275 24.29
    endloop
  endfacet
  facet normal 0.542375 -0.442885 0.713921
    outer loop
      vertex -39.5225 18.0509 23.6
      vertex -39.3342 18.2815 23.6
      vertex -40.0454 18.5228 24.29
    endloop
  endfacet
  facet normal -0.70372 0.061504 0.70781
    outer loop
      vertex 40.5113 -17.4428 24.29
      vertex 40.55 -17 24.29
      vertex 39.8365 -17.223 23.6
    endloop
  endfacet
  facet normal -0.765977 0.642868 0
    outer loop
      vertex 39.8548 -18.7499 24.29
      vertex 40.0454 -18.5228 24.3
      vertex 40.0454 -18.5228 24.29
    endloop
  endfacet
  facet normal -0.765977 0.642868 0
    outer loop
      vertex 40.0454 -18.5228 24.3
      vertex 39.8548 -18.7499 24.29
      vertex 39.8548 -18.7499 24.3
    endloop
  endfacet
  facet normal 0.167205 -0.678684 0.715143
    outer loop
      vertex -38.5858 18.7548 23.6
      vertex -38.2968 18.826 23.6
      vertex -38.5881 19.4813 24.29
    endloop
  endfacet
  facet normal -0.588112 0.386853 0.71026
    outer loop
      vertex 40.0454 -18.5228 24.29
      vertex 40.2084 -18.275 24.29
      vertex 39.5225 -18.0509 23.6
    endloop
  endfacet
  facet normal -0.287038 0.957919 0
    outer loop
      vertex 38.8721 -19.3962 24.29
      vertex 38.5881 -19.4813 24.3
      vertex 38.8721 -19.3962 24.3
    endloop
  endfacet
  facet normal -0.287038 0.957919 0
    outer loop
      vertex 38.5881 -19.4813 24.3
      vertex 38.8721 -19.3962 24.29
      vertex 38.5881 -19.4813 24.29
    endloop
  endfacet
  facet normal 0.685294 -0.139784 0.714726
    outer loop
      vertex -39.8365 17.223 23.6
      vertex -39.777 17.5147 23.6
      vertex -40.5113 17.4428 24.29
    endloop
  endfacet
  facet normal 0.802139 0.597137 0
    outer loop
      vertex -39.9534 -18.6391 24.3
      vertex -40.1305 -18.4012 24.29
      vertex -40.1305 -18.4012 24.3
    endloop
  endfacet
  facet normal 0.802139 0.597137 0
    outer loop
      vertex -40.1305 -18.4012 24.29
      vertex -39.9534 -18.6391 24.3
      vertex -39.9534 -18.6391 24.29
    endloop
  endfacet
  facet normal 0.727378 0.686237 0
    outer loop
      vertex -39.7499 -18.8548 24.3
      vertex -39.9534 -18.6391 24.29
      vertex -39.9534 -18.6391 24.3
    endloop
  endfacet
  facet normal 0.727378 0.686237 0
    outer loop
      vertex -39.9534 -18.6391 24.29
      vertex -39.7499 -18.8548 24.3
      vertex -39.7499 -18.8548 24.29
    endloop
  endfacet
  facet normal 0.939586 -0.342312 0
    outer loop
      vertex -40.4429 17.7314 24.3
      vertex -40.3414 18.01 24.29
      vertex -40.3414 18.01 24.3
    endloop
  endfacet
  facet normal 0.939586 -0.342312 0
    outer loop
      vertex -40.3414 18.01 24.29
      vertex -40.4429 17.7314 24.3
      vertex -40.4429 17.7314 24.29
    endloop
  endfacet
  facet normal -0.693383 -0.12225 0.710123
    outer loop
      vertex 40.5328 17.296 24.29
      vertex 40.4813 17.5881 24.29
      vertex 39.826 17.2968 23.6
    endloop
  endfacet
  facet normal -0.678684 -0.167205 0.715143
    outer loop
      vertex 39.826 17.2968 23.6
      vertex 40.4813 17.5881 24.29
      vertex 39.7548 17.5858 23.6
    endloop
  endfacet
  facet normal 0.984811 0.173631 0
    outer loop
      vertex -40.4813 -17.5881 24.3
      vertex -40.5328 -17.296 24.29
      vertex -40.5328 -17.296 24.3
    endloop
  endfacet
  facet normal 0.984811 0.173631 0
    outer loop
      vertex -40.5328 -17.296 24.29
      vertex -40.4813 -17.5881 24.3
      vertex -40.4813 -17.5881 24.29
    endloop
  endfacet
  facet normal -0.500092 0.865972 0
    outer loop
      vertex 39.4012 -19.1305 24.29
      vertex 39.1444 -19.2788 24.3
      vertex 39.4012 -19.1305 24.3
    endloop
  endfacet
  facet normal -0.500092 0.865972 0
    outer loop
      vertex 39.1444 -19.2788 24.3
      vertex 39.4012 -19.1305 24.29
      vertex 39.1444 -19.2788 24.29
    endloop
  endfacet
  facet normal -0.351777 0.609146 0.71077
    outer loop
      vertex 39.1444 -19.2788 24.29
      vertex 39.4012 -19.1305 24.29
      vertex 38.8597 -18.6381 23.6
    endloop
  endfacet
  facet normal 0.277717 -0.644143 0.712708
    outer loop
      vertex -38.8597 18.6381 23.6
      vertex -38.8721 19.3962 24.29
      vertex -39.1444 19.2788 24.29
    endloop
  endfacet
  facet normal 0.395913 -0.918288 0
    outer loop
      vertex -39.1444 19.2788 24.29
      vertex -38.8721 19.3962 24.3
      vertex -39.1444 19.2788 24.3
    endloop
  endfacet
  facet normal 0.395913 -0.918288 0
    outer loop
      vertex -38.8721 19.3962 24.3
      vertex -39.1444 19.2788 24.29
      vertex -38.8721 19.3962 24.29
    endloop
  endfacet
  facet normal 0.442885 0.542375 0.713921
    outer loop
      vertex -39.0509 -18.5225 23.6
      vertex -39.2815 -18.3342 23.6
      vertex -39.5228 -19.0454 24.29
    endloop
  endfacet
  facet normal 0.386853 0.588112 0.71026
    outer loop
      vertex -39.275 -19.2084 24.29
      vertex -39.0509 -18.5225 23.6
      vertex -39.5228 -19.0454 24.29
    endloop
  endfacet
  facet normal 0.674125 0.202 0.710459
    outer loop
      vertex -40.3962 -17.8721 24.29
      vertex -39.7548 -17.5858 23.6
      vertex -40.4813 -17.5881 24.29
    endloop
  endfacet
  facet normal -0.542375 0.442885 0.713921
    outer loop
      vertex 40.0454 -18.5228 24.29
      vertex 39.5225 -18.0509 23.6
      vertex 39.3342 -18.2815 23.6
    endloop
  endfacet
  facet normal -0.60524 0.349574 0.71518
    outer loop
      vertex 40.2084 -18.275 24.29
      vertex 39.6714 -17.7931 23.6
      vertex 39.5225 -18.0509 23.6
    endloop
  endfacet
  facet normal -0.644143 -0.277717 0.712708
    outer loop
      vertex 40.3962 17.8721 24.29
      vertex 40.2788 18.1444 24.29
      vertex 39.6381 17.8597 23.6
    endloop
  endfacet
  facet normal -0.609146 -0.351777 0.71077
    outer loop
      vertex 40.2788 18.1444 24.29
      vertex 40.1305 18.4012 24.29
      vertex 39.6381 17.8597 23.6
    endloop
  endfacet
  facet normal -0.659663 0.240329 0.7121
    outer loop
      vertex 40.3414 -18.01 24.29
      vertex 40.4429 -17.7314 24.29
      vertex 39.777 -17.5147 23.6
    endloop
  endfacet
  facet normal -0.684106 0.162137 0.711133
    outer loop
      vertex 40.4429 -17.7314 24.29
      vertex 40.5113 -17.4428 24.29
      vertex 39.777 -17.5147 23.6
    endloop
  endfacet
endsolid OpenSCAD_Model
